posicao,id_municipio,uf,n_alunos_avaliados,risco_medio,taxa_alfabetizacao_real,inse_municipio,gap_meta_2030
1,290720,BA,223,0.8668860751775623,18.385650224215247,4.299310344827586,-63.80698630136987
2,170770,TO,30,0.8655468148061022,13.333333333333334,4.262,-67.77898550724638
3,280510,SE,25,0.8594549968728827,8.0,4.4399999999999995,-66.94844827586206
4,170307,TO,28,0.8459640097313292,17.857142857142858,4.54,-64.99567567567567
5,290225,BA,29,0.8445716645121475,6.896551724137931,4.2425,-64.85992481203007
6,290190,BA,99,0.8445313112001688,17.17171717171717,3.9890000000000003,-62.827547169811325
7,291540,BA,27,0.8428999479603794,18.51851851851852,4.473333333333334,-61.93347826086956
8,292560,BA,39,0.8360399904185962,30.76923076923077,4.571818181818181,-59.33538461538461
9,171195,TO,29,0.8337634352541556,13.793103448275861,4.415,-61.83175438596491
10,292980,BA,35,0.8333786116544757,5.714285714285714,4.384444444444445,-62.14230303030303
11,290220,BA,28,0.8316619927458545,21.428571428571427,4.4079999999999995,-59.88999999999999
12,280150,SE,64,0.8307252208275033,20.3125,4.571428571428571,-59.244326923076926
13,280540,SE,148,0.8306338585528594,27.027027027027028,4.168235294117648,-59.960262172284644
14,292080,BA,31,0.8298108751752282,12.903225806451612,4.458749999999998,-60.25
15,280020,SE,39,0.8292336043748739,25.64102564102564,4.145,-59.06126984126984
16,291910,BA,20,0.8280759433160905,20.0,4.164285714285715,-58.84690265486726
17,240540,RN,28,0.8252350191036173,25.0,4.3999999999999995,-59.42681481481482
18,170300,TO,43,0.824805701319409,13.953488372093023,4.46,-60.05072289156627
19,293010,BA,168,0.8228504882299387,23.214285714285715,4.4237931034482765,-57.916670270270274
20,292610,BA,48,0.8222143943654218,22.916666666666664,4.478571428571429,-58.92785123966942
21,293050,BA,198,0.8219963016205007,25.252525252525253,4.341304347826086,-57.32341511285574
22,280270,SE,45,0.821223408390944,31.11111111111111,4.298333333333333,-57.6508108108108
23,290210,BA,140,0.8209468264685675,21.428571428571427,4.153333333333334,-57.732586206896556
24,291060,BA,138,0.8209096844802234,20.28985507246377,4.34923076923077,-57.93193113772455
25,240160,RN,20,0.8194907430728235,25.0,4.416666666666667,-57.19
26,291180,BA,57,0.818555195540348,15.789473684210526,4.499999999999999,-57.33658862876254
27,241420,RN,91,0.8148415570288994,18.681318681318682,4.552727272727273,-58.5402421307506
28,292370,BA,107,0.8142937630851201,22.429906542056074,4.348000000000001,-57.266921487603305
29,290020,BA,71,0.8140484635088541,22.535211267605636,4.102307692307693,-56.30724137931035
30,290550,BA,53,0.8122441007678161,32.075471698113205,4.301,-54.76662835249042
31,171570,TO,32,0.8118158783559127,9.375,4.442,-57.634
32,160050,AP,149,0.811754049876482,23.48993288590604,4.30375,-56.40427471116816
33,280630,SE,44,0.8113315084956452,36.36363636363637,4.198333333333332,-55.86049618320611
34,280560,SE,98,0.8107352746309057,16.3265306122449,4.209090909090908,-54.39139047619047
35,292970,BA,29,0.8089282575241085,27.586206896551722,4.247777777777777,-57.10837988826816
36,291630,BA,25,0.8088269139944861,24.0,4.506666666666667,-61.29151724137931
37,292440,BA,141,0.8086758992141547,16.312056737588655,3.8923999999999994,-56.780212765957444
38,280490,SE,33,0.8082917660444335,18.181818181818183,3.9015384615384616,-56.11717514124294
39,292420,BA,54,0.8082868260456719,16.666666666666664,3.9755555555555557,-55.76205128205128
40,240895,RN,44,0.8081411835293068,18.181818181818183,4.452,-57.57020618556701
41,293245,BA,59,0.808028424576508,16.94915254237288,4.458,-57.96768953068592
42,290890,BA,67,0.8076448121308665,26.865671641791046,4.266363636363637,-54.344967532467535
43,150280,PA,226,0.8074995809277061,28.761061946902654,3.604642857142857,-55.41452574525745
44,291110,BA,88,0.807484524148217,25.0,4.336428571428572,-56.29818181818182
45,293315,BA,55,0.8073252520028962,34.54545454545455,4.366666666666666,-54.89634551495016
46,150520,PA,173,0.8056838874218352,30.057803468208093,3.8174999999999994,-56.16594318181818
47,280120,SE,159,0.8054615888760231,27.67295597484277,4.309444444444446,-55.26269058295964
48,270360,AL,39,0.8046277542610527,23.076923076923077,4.3757142857142854,-54.843548387096774
49,280590,SE,48,0.8032946682245626,25.0,4.4075,-59.31272727272727
50,270710,AL,146,0.8031934428393858,26.027397260273972,4.223846153846154,-55.074680232558144
51,293020,BA,155,0.8029254004247517,21.29032258064516,4.376153846153846,-54.70488622754492
52,280480,SE,766,0.8024167546884793,28.590078328981722,4.647454545454544,-53.52644486692015
53,240980,RN,29,0.8021197052690519,17.24137931034483,4.42,-57.0230303030303
54,291960,BA,51,0.8019866347797162,23.52941176470588,3.8840000000000003,-55.44468085106383
55,291190,BA,104,0.8018241266753261,25.0,4.200666666666665,-54.35249537892791
56,291700,BA,107,0.8013174788083488,22.429906542056074,4.227407407407408,-55.417668593448944
57,292205,BA,39,0.8005930414208965,35.8974358974359,4.40625,-54.33561085972851
58,291915,BA,133,0.8004195652216524,30.075187969924812,4.451333333333333,-54.839921752738654
59,290682,BA,55,0.7992737960875087,14.545454545454545,4.2942857142857145,-55.651
60,291580,BA,91,0.799140871523743,24.175824175824175,4.4786666666666655,-55.43305882352941
61,280360,SE,79,0.7983840924982802,25.31645569620253,4.452307692307693,-51.4342663476874
62,130426,AM,78,0.7976621939628294,20.51282051282051,3.778,-56.416666666666664
63,240550,RN,23,0.7975712958529395,30.434782608695656,4.373333333333333,-54.35650793650794
64,290680,BA,145,0.7973960319299266,31.03448275862069,4.271000000000001,-53.48352941176471
65,290475,BA,47,0.7971087127979707,12.76595744680851,4.2621052631578955,
66,280400,SE,55,0.7967615683951118,21.818181818181817,4.441111111111111,-54.5571186440678
67,292090,BA,55,0.7965310417774336,10.909090909090908,4.27,-55.76012931034482
68,280640,SE,40,0.7960925652878101,27.500000000000004,4.32,-54.4313407821229
69,290530,BA,69,0.7956824500936741,21.73913043478261,4.361111111111112,-54.576109324758846
70,293110,BA,32,0.7948210524458947,18.75,4.42,-54.955416666666665
71,171886,TO,23,0.794291199661307,26.08695652173913,4.51,-55.0541935483871
72,171875,TO,31,0.7937559552145809,38.70967741935484,4.414999999999999,-52.688652482269504
73,290470,BA,60,0.7924884191459973,26.666666666666668,4.306000000000001,-54.139623430962345
74,170390,TO,28,0.7921651261638125,14.285714285714285,4.693333333333333,-56.9225
75,290990,BA,172,0.7920628653170442,24.418604651162788,4.271818181818183,-53.52748166259169
76,292225,BA,54,0.7916870539891915,27.77777777777778,4.260909090909091,-53.69300884955752
77,170900,TO,63,0.7913527545020942,20.634920634920633,4.05,-55.77329787234043
78,290580,BA,100,0.7912855915317697,24.0,4.281363636363636,-52.84275574112735
79,290360,BA,30,0.7911768083559096,16.666666666666664,4.072727272727272,-54.85297297297297
80,290040,BA,27,0.7909704524609922,25.925925925925924,4.203749999999999,-54.44986013986014
81,291270,BA,92,0.7909695267619088,22.82608695652174,4.386153846153847,-53.27766265060241
82,292800,BA,93,0.7908646557529636,25.806451612903224,4.362666666666667,-53.09171557562077
83,292937,BA,31,0.7886242024960437,19.35483870967742,4.385999999999999,-53.9435
84,280220,SE,26,0.7884505835281085,34.61538461538461,4.380000000000001,-52.381019108280256
85,241010,RN,28,0.7881851174928701,17.857142857142858,4.323333333333333,
86,280240,SE,37,0.7881683006311689,24.324324324324326,4.116666666666667,-52.47786802030457
87,250720,PB,23,0.7878655162592587,26.08695652173913,4.06,-50.76831460674157
88,292290,BA,100,0.7877278217347445,30.0,4.162,-53.34623742454728
89,270310,AL,104,0.7874084919744667,27.884615384615387,4.2947058823529405,-52.84772277227723
90,220335,PI,26,0.7873677115800983,23.076923076923077,4.021428571428571,-53.8
91,292830,BA,25,0.7868673431787966,20.0,4.416666666666666,
92,291310,BA,41,0.7864259178860326,26.82926829268293,4.52,-52.91041666666666
93,292850,BA,29,0.7864210075519599,44.827586206896555,4.358333333333334,-52.88898734177216
94,120013,AC,48,0.7861606022661897,25.0,4.341666666666667,
95,291140,BA,26,0.7860332753267637,23.076923076923077,4.259090909090908,-51.9957634730539
96,292750,BA,42,0.7860011852125204,33.33333333333333,4.2254545454545465,-52.29566666666667
97,292335,BA,54,0.7857552375610763,25.925925925925924,4.395555555555556,-52.51268072289157
98,130050,AM,155,0.7856926308118755,30.967741935483872,3.6841379310344826,-51.65136794396374
99,292400,BA,397,0.7856214944742724,28.967254408060455,4.532727272727273,-52.489758186397985
100,290323,BA,46,0.7852794478157151,26.08695652173913,4.2975,-53.046048387096775
101,293170,BA,29,0.7852503432573572,24.137931034482758,4.355,-54.19192708333333
102,292310,BA,66,0.7847114409088006,31.818181818181817,4.173333333333334,-52.79076502732241
103,291465,BA,138,0.7845759824678189,29.71014492753623,4.532,-51.88509259259259
104,280170,SE,77,0.783175526571318,32.467532467532465,4.2153846153846155,-50.3836147757256
105,290270,BA,199,0.7825854753830728,26.633165829145728,4.221590909090909,-52.38880952380952
106,280040,SE,44,0.7825461942188793,36.36363636363637,4.290000000000001,-50.14160714285714
107,220230,PI,91,0.7821518536571888,28.57142857142857,4.126666666666668,-56.188552338530066
108,292710,BA,53,0.7814545795009893,16.9811320754717,4.550000000000001,-51.26590909090909
109,241320,RN,28,0.7813195046250553,14.285714285714285,4.3533333333333335,-54.43963302752294
110,251315,PB,35,0.7811852587454478,22.857142857142858,4.3774999999999995,-52.19369230769231
111,270740,AL,41,0.7810611935264247,31.70731707317073,4.496250000000001,-51.1951119402985
112,250520,PB,37,0.7810245016898396,24.324324324324326,4.24,-52.3938064516129
113,292920,BA,136,0.7804464148402592,26.47058823529412,4.582173913043478,-51.99502702702703
114,290687,BA,96,0.7802910865779845,23.958333333333336,4.514615384615385,-52.28024
115,292935,BA,30,0.7800758675509546,26.666666666666668,4.26,-50.810952380952386
116,290630,BA,119,0.7800740350363756,32.773109243697476,4.43,-51.16290718038529
117,280060,SE,125,0.7797433233582953,28.799999999999997,4.726666666666667,-48.55064608347627
118,291810,BA,64,0.7793113955219403,31.25,4.263478260869567,-51.782132352941176
119,240730,RN,20,0.7793101893635025,5.0,4.32,-54.20066666666667
120,292760,BA,57,0.7790925255653945,24.561403508771928,4.234285714285714,-53.089762611275965
121,291085,BA,72,0.77894438333694,22.22222222222222,4.364615384615385,-53.3424
122,291510,BA,44,0.7787967287708074,31.818181818181817,4.055000000000001,-50.504536585365855
123,290060,BA,25,0.7785846088184231,40.0,4.445,-52.18465517241379
124,292070,BA,38,0.7782274859994901,23.684210526315788,4.233888888888889,
125,240670,RN,38,0.7780295437755609,39.473684210526315,4.524285714285714,-55.522456140350876
126,292540,BA,39,0.7778580842794304,30.76923076923077,4.4590000000000005,-52.23278846153846
127,292265,BA,52,0.7775925394868346,25.0,4.182857142857143,-51.81948805460751
128,160010,AP,55,0.7770666872690912,23.636363636363637,4.311111111111112,-53.856830601092895
129,290790,BA,83,0.7768142941655419,28.915662650602407,4.198181818181818,-50.43602702702702
130,291535,BA,49,0.7766839560057275,24.489795918367346,4.225384615384615,-52.74782051282051
131,293270,BA,78,0.7760115414100182,25.64102564102564,4.368571428571429,-51.536910569105686
132,220050,PI,80,0.7751359249257419,32.5,4.173846153846154,-52.44015037593985
133,240185,RN,35,0.7751155633499506,45.714285714285715,4.43,-50.90582191780822
134,293150,BA,79,0.7749419589178376,26.582278481012654,4.287857142857144,-51.23960099750623
135,290170,BA,24,0.7748292547266408,33.33333333333333,4.232500000000001,-50.175
136,292150,BA,84,0.774375232623204,25.0,4.206206896551725,-50.76519455252919
137,280230,SE,46,0.7743546393390995,28.26086956521739,4.472857142857142,-48.698564814814816
138,290135,BA,39,0.7741651016157108,38.46153846153847,4.20625,-49.36396226415094
139,241340,RN,21,0.7740571774531113,28.57142857142857,4.503333333333334,-50.91729411764706
140,291370,BA,101,0.7740355401314056,27.722772277227726,4.296499999999999,-50.22430799220273
141,292580,BA,81,0.7736263177766101,27.160493827160494,4.333846153846154,-51.50347022587269
142,290760,BA,37,0.7735519025934512,21.62162162162162,4.211,-51.583413173652694
143,240120,RN,60,0.7734578879852172,26.666666666666668,4.42,-51.879265734265736
144,291360,BA,599,0.7732718472216876,29.883138564273793,4.4512068965517235,-52.84747159736423
145,291920,BA,570,0.7732453973769657,31.2280701754386,4.578983050847457,-50.774017216642754
146,221135,PI,21,0.773200722423782,33.33333333333333,3.928,-51.39
147,293305,BA,35,0.7729367697379566,17.142857142857142,4.29,-52.70097826086956
148,280440,SE,88,0.7723102037175056,30.681818181818183,4.3081249999999995,-50.89176100628931
149,240710,RN,200,0.7721940114975234,30.5,4.508157894736843,-51.335629017447204
150,290265,BA,51,0.7713507689080775,35.294117647058826,4.221666666666668,-54.934736842105266
151,292810,BA,118,0.77118262738091,28.8135593220339,4.282000000000001,-50.29745233968804
152,171250,TO,23,0.7711296624914248,17.391304347826086,4.61,-50.85643835616438
153,280680,SE,29,0.770319162219782,37.93103448275862,4.34,-50.3451724137931
154,291750,BA,249,0.769889053433962,30.522088353413658,4.480434782608695,-50.30900249376559
155,290490,BA,100,0.7698175740982743,27.0,4.318823529411764,-51.11174796747967
156,293060,BA,44,0.7688324219750835,27.27272727272727,4.387142857142857,-51.19764705882353
157,293220,BA,74,0.7685107933331055,35.13513513513514,4.3925,-49.5854938271605
158,270240,AL,249,0.7681653538049916,30.923694779116467,4.488095238095237,-50.273747927031515
159,293080,BA,63,0.7679079035114859,22.22222222222222,4.2772727272727264,-51.76144736842105
160,292210,BA,45,0.7678801510247385,24.444444444444443,4.346153846153846,-50.38744680851064
161,240420,RN,170,0.767880126146049,30.0,4.531428571428572,-51.42117721518987
162,150700,PA,133,0.7676781849107732,27.06766917293233,4.279999999999999,-51.098543689320394
163,291390,BA,133,0.7672875631391307,24.81203007518797,4.473571428571429,-50.96522462562396
164,291840,BA,1077,0.7671385457318315,29.526462395543174,4.497471264367817,-49.66904059712361
165,290090,BA,26,0.766501943479223,26.923076923076923,4.21,-51.96924528301887
166,292600,BA,138,0.765796009752686,28.26086956521739,4.26,-50.13840455840456
167,240580,RN,99,0.7657893607187332,34.34343434343434,4.369999999999999,-50.28027184466019
168,291100,BA,29,0.7655983285686413,20.689655172413794,4.459999999999999,-50.74727272727273
169,241500,RN,20,0.765575598196563,25.0,4.4,-50.370000000000005
170,250030,PB,109,0.7652441512463982,29.357798165137616,4.223125000000001,-50.60660130718954
171,293240,BA,30,0.7647875558642915,26.666666666666668,4.332222222222223,-49.53670588235294
172,290840,BA,187,0.7646915685726324,26.737967914438503,4.515937500000001,-50.31087460484721
173,270130,AL,97,0.7646485053358794,27.835051546391753,4.314285714285715,-49.859518599562364
174,292525,BA,82,0.7646372541512853,28.04878048780488,4.415454545454545,-50.76182741116751
175,290820,BA,67,0.7645859597048594,28.35820895522388,4.484545454545454,-50.082470588235296
176,211065,MA,41,0.7645048955797293,41.46341463414634,4.297499999999999,-50.16589285714286
177,291590,BA,23,0.7644611728766197,30.434782608695656,4.453333333333333,
178,292570,BA,28,0.764340368858635,32.142857142857146,4.361666666666666,-48.91756880733945
179,241120,RN,156,0.7642996697617429,26.923076923076923,4.446470588235295,-47.23916554508748
180,291050,BA,94,0.7642022759175771,27.659574468085108,4.338181818181819,
181,500520,MS,119,0.7641135187439096,31.932773109243694,4.867777777777777,-50.45848874598071
182,270380,AL,95,0.7639369224347649,30.526315789473685,4.087272727272727,-53.67328600405679
183,292650,BA,65,0.7635474473522956,36.92307692307693,4.106363636363636,-48.67304615384615
184,291220,BA,119,0.7635218625944025,28.57142857142857,4.531000000000001,-49.990591497227356
185,291530,BA,33,0.7634581785379757,24.242424242424242,4.383333333333334,-50.62296703296703
186,290710,BA,122,0.7633891858724007,27.049180327868854,4.317222222222222,-49.68350819672131
187,292305,BA,38,0.7628353573687544,26.31578947368421,4.373333333333333,-51.733294117647056
188,170384,TO,66,0.7627190624518766,30.303030303030305,4.074,-52.66
189,293015,BA,147,0.7625906729167795,28.57142857142857,4.4796,-49.19492939666239
190,240930,RN,23,0.7625706418764556,34.78260869565217,4.426666666666667,-49.374242424242425
191,291480,BA,458,0.7622567437218248,28.82096069868996,4.44673469387755,-49.1962783171521
192,292805,BA,34,0.7621004856945306,29.411764705882355,4.172,-48.89862068965517
193,280760,SE,67,0.7617317638144689,38.80597014925373,4.340714285714286,-47.74241935483871
194,292140,BA,42,0.7613930595428025,38.095238095238095,4.4023076923076925,-48.385555555555555
195,292020,BA,71,0.7610866999988329,23.943661971830984,4.271666666666667,-50.8058024691358
196,290180,BA,28,0.7607622029315364,21.428571428571427,4.37375,-51.40291666666667
197,293290,BA,226,0.7607619496883886,29.646017699115045,4.359047619047619,-48.60483967935872
198,290620,BA,106,0.7607049960033108,33.9622641509434,4.355384615384615,-48.89115321252059
199,280340,SE,62,0.7604485631646631,29.03225806451613,4.247999999999999,-47.93377483443709
200,221120,PI,123,0.7602408541655448,30.89430894308943,4.439090909090909,-50.44885906040268
201,290380,BA,58,0.7599495728463393,29.310344827586203,4.106666666666667,-47.234532374100716
202,292575,BA,55,0.7584751749955236,21.818181818181817,4.228000000000001,
203,292940,BA,20,0.7583344608136662,80.0,4.373333333333334,-46.92253968253968
204,150070,PA,132,0.7582081228666597,33.33333333333333,3.534285714285714,-49.556748091603055
205,241335,RN,35,0.7579834226272498,34.285714285714285,4.688,-49.95946107784431
206,292880,BA,197,0.7579253443400505,36.04060913705584,4.527200000000001,-47.758084886128366
207,291850,BA,50,0.7577116398562579,44.0,4.271111111111111,-48.26155709342561
208,293077,BA,124,0.7570952841492112,26.61290322580645,4.555,-49.599344262295084
209,291660,BA,22,0.7564972362018626,31.818181818181817,4.430000000000001,-45.94488549618321
210,291490,BA,98,0.7561361224479892,31.63265306122449,4.404444444444444,-48.20749464668094
211,280200,SE,20,0.7561282835981926,20.0,4.4925,-49.680625
212,240510,RN,28,0.7560378317665671,28.57142857142857,4.6125,-48.71720430107527
213,291400,BA,185,0.7559834682382687,32.972972972972975,4.188857142857142,-47.949621380846324
214,293360,BA,193,0.7559665351813709,32.64248704663213,4.295862068965518,-48.34375123395854
215,290700,BA,46,0.7559641217184169,30.434782608695656,4.437142857142857,-50.17245689655172
216,160080,AP,71,0.7558541925875304,30.985915492957744,4.347499999999999,-48.45675
217,290920,BA,31,0.7557117307089679,38.70967741935484,4.329999999999999,-47.64645739910314
218,290610,BA,35,0.7549784663430043,31.428571428571427,4.245555555555556,-47.043949044585986
219,292900,BA,35,0.754678337793089,37.142857142857146,4.239999999999999,-48.29778443113773
220,221110,PI,190,0.7544464486427185,27.89473684210526,4.104827586206897,-49.33047058823529
221,290560,BA,85,0.7540424102744127,28.235294117647058,4.4,-50.18062937062937
222,280320,SE,136,0.7540384721896137,34.55882352941176,4.359629629629631,-47.87343283582089
223,280460,SE,85,0.7540235272235042,30.58823529411765,4.3963636363636365,-46.784427536231874
224,220490,PI,46,0.7536038513858346,30.434782608695656,4.072857142857143,-49.325714285714284
225,293030,BA,56,0.7533228775485012,28.57142857142857,4.3475,-49.09384879725086
226,240720,RN,73,0.7528055282723582,35.61643835616438,4.481999999999999,-47.30177419354838
227,292285,BA,20,0.7527533950480467,15.0,4.315,-49.80961904761905
228,220327,PI,24,0.7527412152459868,29.166666666666668,3.9633333333333334,-47.884625850340136
229,241440,RN,135,0.7524863645200137,28.888888888888886,4.378823529411765,-47.58754555198285
230,280520,SE,20,0.7520960629473493,30.0,4.390000000000001,-50.999240506329116
231,280067,SE,79,0.7520515674837659,30.37974683544304,4.492727272727272,-46.08662835249042
232,292930,BA,89,0.7515387688354972,33.70786516853933,4.364666666666666,-48.456321138211386
233,292045,BA,29,0.7514394850879654,44.827586206896555,4.374545454545454,-47.07822857142857
234,250640,PB,38,0.7511358975665183,31.57894736842105,4.18,-48.362857142857145
235,291620,BA,22,0.7508129035258514,31.818181818181817,4.422499999999999,-47.38824675324675
236,292000,BA,39,0.7503160820859157,23.076923076923077,4.4425,-49.01911764705882
237,280070,SE,49,0.7501069159615907,34.69387755102041,4.195,-48.01300925925926
238,291080,BA,1485,0.7500350627162707,32.996632996633,4.561403508771931,-47.456820319849484
239,292170,BA,88,0.7499992409429315,31.818181818181817,4.291363636363637,-47.38688149688149
240,291070,BA,184,0.7498202626420989,32.065217391304344,4.379999999999999,-48.633399999999995
241,172020,TO,64,0.7492597820339216,25.0,4.465,-47.58212624584718
242,292160,BA,41,0.7492206688609928,26.82926829268293,4.1325,-49.665
243,150120,PA,130,0.7490836367217898,31.538461538461537,4.2458333333333345,-47.836120401337794
244,292270,BA,49,0.7485876016053852,24.489795918367346,4.402222222222222,-48.90266009852216
245,291160,BA,54,0.7484545129028475,33.33333333333333,4.503076923076923,-47.14411764705882
246,290590,BA,68,0.7484009668423551,33.82352941176471,4.316249999999998,-47.66297872340426
247,150720,PA,72,0.748255287299481,36.11111111111111,3.9390476190476185,-47.736824512534824
248,280420,SE,61,0.7481750356971526,19.672131147540984,4.298571428571429,-46.755558912386704
249,270050,AL,107,0.7477949233960591,28.037383177570092,4.448,-48.09426886792453
250,352970,SP,31,0.747544291605425,29.03225806451613,5.093333333333334,-50.91
251,240470,RN,46,0.7475038530735256,23.91304347826087,4.505454545454546,-48.75027465667915
252,150290,PA,95,0.7469595304073483,35.78947368421053,4.168518518518519,-47.69080213903744
253,241090,RN,32,0.7463239442604568,34.375,4.426666666666667,-49.12520383693045
254,291185,BA,23,0.7462587874467325,43.47826086956522,4.1525,-46.63976047904192
255,240260,RN,255,0.7462343973906354,29.411764705882355,4.4362790697674415,
256,150470,PA,296,0.7454303979695066,33.78378378378378,4.0121153846153845,-46.787817225509535
257,240230,RN,53,0.7453431159606572,32.075471698113205,4.416666666666667,-46.159133089133086
258,171190,TO,59,0.7450837292819775,30.508474576271187,4.6325,-48.7299076923077
259,292500,BA,57,0.7450121137577255,21.052631578947366,4.511818181818182,-48.09389684813753
260,291550,BA,26,0.7449782005883604,38.46153846153847,4.386,-45.75258706467662
261,241220,RN,215,0.7449249250416111,33.02325581395349,4.539130434782607,-49.12712037037037
262,220265,PI,24,0.7448188413947037,25.0,3.9566666666666666,-48.84825242718446
263,291992,BA,55,0.7446027744027198,27.27272727272727,4.583333333333333,-48.62131313131313
264,290290,BA,201,0.7445367520914962,31.343283582089555,4.382777777777776,-46.75428723404255
265,280530,SE,31,0.744135448677538,38.70967741935484,4.493333333333333,-46.86283950617284
266,291690,BA,23,0.7438436189502704,30.434782608695656,4.45,-48.480625
267,290930,BA,110,0.7438217564479186,32.72727272727273,4.469047619047619,-47.124483985765124
268,293190,BA,111,0.7438129494920388,30.630630630630627,4.395714285714286,-47.689465346534654
269,260420,PE,98,0.7434958986596488,41.83673469387755,4.300714285714285,-46.57571691176471
270,280140,SE,54,0.7434473146422379,37.03703703703704,4.308888888888888,-46.18675496688741
271,150450,PA,144,0.7432867851437707,32.63888888888889,3.580689655172413,-46.602
272,291855,BA,24,0.7419633790973529,25.0,4.386666666666667,-46.03674418604651
273,150820,PA,188,0.7416861541101704,35.638297872340424,4.290312500000001,-46.11739281575898
274,171488,TO,84,0.7415338953177577,34.523809523809526,4.451428571428572,-47.3632183908046
275,291165,BA,31,0.7413401845003557,32.25806451612903,4.638,-46.57269230769231
276,291955,BA,559,0.7410574669346464,28.622540250447226,4.895666666666667,-47.695160726764506
277,292925,BA,68,0.7409457464014251,35.294117647058826,4.235,-46.64242424242424
278,240210,RN,21,0.740945512834249,23.809523809523807,4.462857142857143,-48.99111111111111
279,130353,AM,204,0.7406121804108463,33.33333333333333,4.604347826086956,-45.29338912133891
280,280210,SE,219,0.7405961014051404,26.94063926940639,4.448333333333333,-45.69701869158878
281,171890,TO,25,0.7405428549561346,32.0,4.616666666666667,-50.53642857142857
282,241040,RN,50,0.7404386008245669,26.0,4.359999999999999,-45.70269537480064
283,292720,BA,105,0.7403010494353621,33.33333333333333,4.182666666666667,-47.04432432432432
284,270560,AL,64,0.7400725974914428,29.6875,4.305,-46.006
285,290485,BA,48,0.7398297251090863,37.5,4.372727272727272,
286,150530,PA,279,0.7393697746618354,29.749103942652326,3.8029545454545453,-47.49966220971147
287,291005,BA,233,0.7388786646414278,30.472103004291846,4.554736842105264,-46.02730736663844
288,500560,MS,159,0.7385217868028117,26.41509433962264,4.737857142857143,-47.21929577464789
289,150310,PA,187,0.7384668898137345,37.4331550802139,3.687575757575758,
290,293280,BA,40,0.738420552244454,30.0,4.222222222222222,-46.528
291,150050,PA,155,0.7383405361953996,32.25806451612903,4.077916666666667,-45.450687830687826
292,270540,AL,45,0.7381082957631493,26.666666666666668,3.7785714285714285,-46.559705882352944
293,291240,BA,59,0.7378162940771215,33.89830508474576,4.52,-46.498039215686276
294,170110,TO,33,0.7373552398175715,27.27272727272727,4.615,-47.1348951048951
295,290330,BA,33,0.7371364824866657,30.303030303030305,4.345,-48.5216265060241
296,280390,SE,63,0.7371096973622796,38.095238095238095,4.482857142857143,-47.410314960629925
297,270790,AL,34,0.7369719992736782,38.23529411764706,4.473999999999999,-45.63165745856353
298,290390,BA,303,0.7366267604886381,35.973597359735976,4.3163888888888895,-45.78959566787004
299,150750,PA,77,0.73642770323916,38.961038961038966,4.278333333333332,-45.47770992366412
300,292250,BA,27,0.7362975581286229,22.22222222222222,4.368461538461539,
301,120017,AC,26,0.7362514931582326,46.15384615384615,4.386666666666667,
302,330350,RJ,2495,0.7362262840828485,33.74749498997996,4.789504950495048,-46.67383181277271
303,293300,BA,35,0.7360513578900838,25.71428571428571,4.455333333333334,-45.39416666666666
304,290980,BA,204,0.7360069484268769,36.76470588235294,4.495555555555557,-45.896892980437286
305,280100,SE,49,0.7359966427280293,26.53061224489796,4.446000000000001,-46.45370666666667
306,170560,TO,25,0.7358519799119633,32.0,4.53,-46.6265306122449
307,150460,PA,119,0.7357989468303493,34.45378151260504,4.121666666666666,-45.396868686868686
308,292820,BA,91,0.7357489301844174,32.967032967032964,4.302941176470589,-45.61721238938053
309,290160,BA,33,0.7357331465087059,36.36363636363637,4.234285714285714,-46.29151515151515
310,170030,TO,32,0.7353744796188834,43.75,4.7,-46.52513698630137
311,290780,BA,59,0.735371072456505,25.423728813559322,4.257499999999999,-46.37135048231511
312,293040,BA,31,0.7350552721673259,32.25806451612903,4.227500000000001,-45.7975
313,280050,SE,67,0.7347161296319279,37.3134328358209,4.487500000000001,-45.4676
314,220987,PI,24,0.7346686585836667,33.33333333333333,4.18,-47.41610687022901
315,290340,BA,79,0.7339217422703747,35.44303797468354,4.423333333333333,-45.087457627118646
316,220790,PI,153,0.7338884140901789,35.294117647058826,4.146956521739129,-47.01365605095541
317,211227,MA,35,0.7338349663859558,37.142857142857146,4.048571428571428,-44.555844155844156
318,150375,PA,78,0.7332215872823635,28.205128205128204,4.55,
319,220770,PI,611,0.7331965190701342,36.00654664484452,4.357142857142857,-45.30379182156134
320,220440,PI,58,0.7331316462826687,37.93103448275862,4.3100000000000005,-44.52416342412451
321,280570,SE,82,0.7329717880846469,29.268292682926827,4.443846153846154,-47.28090909090909
322,290540,BA,98,0.7329334074901526,37.755102040816325,4.308333333333334,-45.12422535211268
323,172210,TO,55,0.7322697537356627,38.18181818181819,4.711666666666666,-47.27454545454545
324,291290,BA,75,0.7319157640843109,36.0,4.431818181818182,-44.879023136246786
325,292390,BA,52,0.7318224477298786,32.69230769230769,4.35,-50.97041198501872
326,220667,PI,26,0.7316165702681587,34.61538461538461,3.9949999999999997,-46.1750289017341
327,290650,BA,225,0.731469947583265,31.555555555555554,4.540857142857144,-45.455115207373275
328,210083,MA,71,0.731290867604183,29.577464788732392,3.993846153846154,-44.783620178041545
329,291830,BA,44,0.731287976982981,34.090909090909086,4.197000000000001,-47.55730964467005
330,211027,MA,51,0.7312119130835881,45.09803921568628,3.8487500000000003,-43.2443829787234
331,260990,PE,227,0.7311171192947288,31.718061674008812,4.234285714285714,-46.219705117085866
332,250300,PB,93,0.7310578634129365,34.40860215053764,4.583076923076923,-45.87165399239544
333,291430,BA,21,0.7308910262146967,23.809523809523807,4.584999999999999,
334,290120,BA,49,0.7308269563362904,30.612244897959183,4.433333333333334,-45.29412408759124
335,270630,AL,261,0.730678944985475,34.86590038314176,4.34948717948718,-46.67284245695194
336,290395,BA,34,0.7305837789738572,29.411764705882355,4.3244444444444445,-46.95280898876405
337,150780,PA,120,0.7304502882189914,34.166666666666664,4.213076923076923,-45.431753846153846
338,220435,PI,24,0.7302098452373493,33.33333333333333,4.1866666666666665,-46.268252427184464
339,290570,BA,1090,0.7301214337961462,36.788990825688074,4.669750000000002,-44.9639253240472
340,291030,BA,21,0.7296608642189681,28.57142857142857,4.39,-47.52305555555556
341,280130,SE,131,0.7294877473332899,33.587786259541986,4.323999999999999,-45.42798825256975
342,291610,BA,80,0.729390654787982,43.75,4.477499999999999,-46.80671641791045
343,293140,BA,23,0.7291118029436904,21.73913043478261,4.406,-44.859375
344,290410,BA,63,0.7290737362690154,41.269841269841265,4.235714285714286,-43.41416988416989
345,291670,BA,32,0.7289172867753533,34.375,4.27,-45.695
346,290140,BA,46,0.7288183832205348,28.26086956521739,4.59625,-46.13996
347,510785,MT,53,0.7287475987070247,35.84905660377358,4.765000000000001,-45.83308474576271
348,290070,BA,390,0.7284289051352085,35.38461538461539,4.497222222222222,-44.95257184607891
349,280450,SE,176,0.7281089007311679,39.77272727272727,4.510000000000001,-43.18124905944319
350,290770,BA,48,0.7279327365675421,37.5,4.228750000000001,-44.67933333333333
351,330115,RJ,66,0.7278141453874214,33.33333333333333,4.984999999999999,-46.52140186915888
352,240220,RN,123,0.7277899508819798,30.89430894308943,4.435454545454544,-44.9471811023622
353,270060,AL,41,0.7277156898829904,29.268292682926827,4.656666666666666,-44.29628318584071
354,160055,AP,32,0.727257385541981,37.5,4.326666666666667,-45.57561151079137
355,240650,RN,80,0.7271038100658728,37.5,4.446,-44.88040650406504
356,280290,SE,296,0.7267035045426262,37.16216216216216,4.570571428571427,-45.42974123735592
357,291770,BA,105,0.7262275225637523,39.04761904761905,4.436153846153847,-44.71051689860835
358,241255,RN,31,0.7262091475262901,9.67741935483871,4.3100000000000005,
359,270580,AL,44,0.7261232719612021,34.090909090909086,4.112,-44.73011278195489
360,291780,BA,57,0.725942975695512,35.08771929824561,4.336875,-43.83041237113402
361,292280,BA,39,0.7257840312544928,30.76923076923077,4.244,-46.1816
362,150340,PA,61,0.7256552154086727,26.229508196721312,4.1177777777777775,-48.25223175965665
363,290860,BA,68,0.7256315692761514,36.76470588235294,4.054666666666668,-45.20150417827298
364,291450,BA,70,0.7253161994994491,28.57142857142857,4.464285714285715,
365,270255,AL,55,0.7252220339644468,30.909090909090907,4.035,-44.60366795366796
366,150490,PA,233,0.7249565395163463,38.62660944206009,3.785769230769231,-45.16779359430605
367,150307,PA,136,0.7249377290654918,31.61764705882353,3.791176470588235,-44.77185419968304
368,150030,PA,226,0.724868243196608,34.95575221238938,3.657173913043478,-44.92206214689266
369,150160,PA,35,0.7247995979084704,40.0,4.131666666666666,-45.16715789473684
370,291072,BA,366,0.724583111655116,37.15846994535519,4.646176470588235,-43.881903553299495
371,292010,BA,52,0.724538276393796,42.30769230769231,4.141666666666666,-47.036707317073166
372,172120,TO,92,0.7242129412034857,40.21739130434783,4.587,-45.09866520787747
373,171888,TO,21,0.7238118188238184,33.33333333333333,4.550000000000001,-48.529222222222224
374,220860,PI,28,0.7236259792238835,14.285714285714285,4.17,-48.725050505050504
375,290850,BA,98,0.720956927526468,36.734693877551024,4.4175,-44.44177693761815
376,292460,BA,84,0.7208015575581757,40.476190476190474,4.503636363636363,-43.238279069767444
377,291930,BA,30,0.720766970004569,46.666666666666664,4.52,-43.281052631578945
378,150440,PA,65,0.7207223042758868,35.38461538461539,4.101578947368422,-43.476
379,290200,BA,34,0.7205727489255794,44.11764705882353,4.495454545454545,-43.62469072164948
380,290670,BA,76,0.7205575124240832,27.631578947368425,4.548333333333332,-45.069945945945946
381,293350,BA,62,0.7204063314355436,43.54838709677419,4.206666666666667,-44.89533923303835
382,291640,BA,223,0.7198174131673585,43.04932735426009,4.653333333333332,-43.7855965665236
383,240880,RN,23,0.7196426348323592,30.434782608695656,4.34,-42.443697478991595
384,251530,PB,143,0.719143619982464,37.06293706293706,4.410416666666666,-43.55839309428951
385,290260,BA,41,0.718512639419298,36.58536585365854,4.248181818181818,-43.52465217391304
386,280370,SE,21,0.7181133903252709,33.33333333333333,4.265000000000001,-44.786197183098594
387,292590,BA,48,0.7179691192085835,35.41666666666667,4.166363636363637,-43.38697674418604
388,240830,RN,82,0.7175926390646942,30.48780487804878,4.35764705882353,-42.81127659574469
389,291345,BA,23,0.7165348724502809,30.434782608695656,4.2749999999999995,-43.92283464566929
390,150740,PA,38,0.7164593380972447,23.684210526315788,4.276666666666666,-42.769999999999996
391,240910,RN,36,0.7164156770674676,33.33333333333333,4.3533333333333335,-45.987500000000004
392,290115,BA,94,0.7162885481302024,37.234042553191486,4.399166666666666,-42.714615384615385
393,314085,MG,42,0.7162349694953233,30.952380952380953,4.415714285714286,-45.506206896551724
394,150830,PA,263,0.7161565441900191,37.6425855513308,3.8456,-43.753558327219366
395,150040,PA,334,0.7159550393690876,35.62874251497006,4.13974358974359,-42.666902356902355
396,130360,AM,57,0.7152680499317826,29.82456140350877,4.0600000000000005,-46.2708618504436
397,500150,MS,56,0.7151635213441901,41.07142857142857,5.142499999999999,-42.203286713286715
398,171420,TO,40,0.7151364761869079,37.5,4.828,-44.637719298245614
399,220205,PI,47,0.7143705703221345,23.404255319148938,4.125,-44.988
400,292630,BA,76,0.7143027364421561,36.84210526315789,4.327058823529412,-41.60960113960114
401,330510,RJ,1053,0.7139409973327822,38.65147198480532,4.781927710843375,-43.195450009595085
402,220465,PI,76,0.7137756129336814,42.10526315789473,4.10625,-42.66085324232082
403,290030,BA,45,0.713669659256276,40.0,4.076666666666667,-43.62763636363636
404,210975,MA,22,0.7134274663431251,40.909090909090914,4.206666666666666,-41.56777777777778
405,330045,RJ,1345,0.7132928488791507,37.69516728624535,4.746161616161616,-43.37487113402062
406,280280,SE,95,0.7130771014972852,25.263157894736842,4.034545454545454,-43.94638554216868
407,355540,SP,188,0.7130261772831475,36.702127659574465,5.043529411764707,-43.36
408,500515,MS,64,0.7130072349044141,39.0625,5.075,-43.83486486486487
409,500480,MS,49,0.7128178258369369,30.612244897959183,4.425,-42.152358276643994
410,290300,BA,36,0.7127513232275063,36.11111111111111,4.199999999999999,-44.08488986784141
411,290205,BA,46,0.7122549203790719,39.130434782608695,4.3375,-42.49123853211009
412,241460,RN,25,0.71219896818215,20.0,4.392857142857143,
413,240750,RN,30,0.7120790500844101,40.0,4.387777777777777,
414,170305,TO,20,0.7117047571867083,25.0,4.745,-43.64012195121951
415,293130,BA,50,0.7114459243431389,42.0,4.056666666666667,-43.0856
416,330285,RJ,476,0.7114203050714974,37.39495798319328,4.859999999999999,-43.559048991354466
417,290320,BA,759,0.7111258572733294,40.57971014492754,4.727358490566038,-42.87016589611096
418,280710,SE,145,0.7108021888959472,37.24137931034483,4.362592592592593,-41.62317570700046
419,290600,BA,241,0.7107051624792128,39.83402489626556,4.345882352941177,-42.067061258278144
420,130083,AM,46,0.709836666543839,36.95652173913043,4.172222222222223,
421,270290,AL,144,0.7095313286288057,37.5,4.077500000000001,-42.22489596083231
422,292550,BA,165,0.7093541391086857,40.0,4.333043478260869,-38.354189814814816
423,292870,BA,189,0.7091065345512536,38.095238095238095,4.531290322580645,-43.077452736318406
424,250250,PB,43,0.7089895938041235,34.883720930232556,4.4075,-42.1439393939394
425,160040,AP,149,0.7088648120393755,34.899328859060404,4.363684210526316,-43.74485981308411
426,170215,TO,27,0.7088178053550943,44.44444444444444,4.422499999999999,-42.23671755725191
427,280580,SE,46,0.7087579490233853,43.47826086956522,4.138124999999999,-42.284807692307695
428,170650,TO,38,0.70856862904189,28.947368421052634,4.515000000000001,-42.08090909090909
429,291980,BA,96,0.7083955157389927,32.29166666666667,4.339285714285715,-42.56666666666666
430,150747,PA,85,0.7082795583853987,28.235294117647058,3.997500000000001,-44.17422222222222
431,270520,AL,98,0.7082415645805393,33.6734693877551,4.442857142857142,-43.63595652173913
432,150795,PA,420,0.7079963452487844,38.57142857142858,4.263333333333334,-42.218077858880775
433,150730,PA,303,0.7077686313820681,30.363036303630363,4.549354838709676,
434,292130,BA,37,0.7075872943095629,37.83783783783784,4.382000000000001,-40.684823529411766
435,210055,MA,28,0.7070558845029218,39.285714285714285,4.066666666666666,-46.27705263157895
436,270680,AL,70,0.7068837602002898,41.42857142857143,4.276,-42.83905405405406
437,172065,TO,25,0.7067774896986755,36.0,4.8133333333333335,-43.935
438,270660,AL,31,0.7067415669924286,41.935483870967744,4.253333333333333,-42.24111801242236
439,291733,BA,32,0.706547181992516,34.375,4.258,-42.53544502617801
440,290800,BA,44,0.7060406594998616,36.36363636363637,4.402727272727272,-41.89406374501992
441,241030,RN,31,0.7056927263379278,29.03225806451613,4.398,
442,270770,AL,515,0.705633077949008,37.28155339805825,4.554411764705882,-42.21549071618037
443,291950,BA,160,0.7055235158643692,38.75,4.568999999999999,-41.75454094292804
444,150240,PA,734,0.7053339804393922,34.332425068119896,4.454193548387096,
445,130115,AM,51,0.7053269365371182,39.21568627450981,4.236190476190476,-42.798184176394294
446,290240,BA,42,0.7052627907776554,54.761904761904766,4.3566666666666665,-42.166069868995635
447,270040,AL,164,0.705075176614033,38.41463414634146,4.156666666666666,-41.73950800915332
448,290250,BA,67,0.7049764575649146,26.865671641791046,4.586153846153847,-42.04816326530612
449,120038,AC,38,0.704882385156612,44.73684210526316,4.556363636363637,
450,510650,MT,172,0.7048389165199861,31.3953488372093,4.6833333333333345,-40.78364812419146
451,130200,AM,55,0.7047800151589517,40.0,4.2666666666666675,
452,160020,AP,80,0.7044322973526137,35.0,4.519,-41.62922362869199
453,171750,TO,23,0.704360664551118,43.47826086956522,4.87,-48.14823529411765
454,290730,BA,93,0.7042129568157272,37.634408602150536,4.373846153846155,-42.20456818181818
455,330227,RJ,441,0.704145030270523,39.909297052154194,4.713333333333334,-42.006912168344
456,500790,MS,278,0.704021872782164,36.330935251798564,5.0058823529411764,-41.9812215320911
457,292320,BA,89,0.703911767453617,37.07865168539326,4.353846153846154,-41.35462962962963
458,290080,BA,107,0.7037263957692393,36.44859813084112,4.544615384615384,-42.48809145129225
459,330414,RJ,509,0.7036434058554075,37.32809430255403,4.73842105263158,-42.14296500196618
460,290195,BA,29,0.7035448606423633,37.93103448275862,4.510000000000001,-39.79333333333333
461,293230,BA,46,0.7031717328304644,45.65217391304348,4.30090909090909,-43.64017937219731
462,280550,SE,56,0.7030119803547626,28.57142857142857,4.25,-41.20162251655629
463,241230,RN,38,0.7027718426686607,47.368421052631575,4.356666666666667,-39.914791666666666
464,150549,PA,38,0.702726894407871,36.84210526315789,4.212,-42.039
465,280610,SE,37,0.7026620067002997,40.54054054054054,4.68,-40.91671111111111
466,120032,AC,31,0.7022062981520074,19.35483870967742,4.056666666666667,
467,291800,BA,357,0.7021495715683781,38.93557422969188,4.5058139534883725,-41.32238636363637
468,250100,PB,57,0.7019089530665577,35.08771929824561,4.421538461538462,-42.54667731629393
469,170290,TO,40,0.7018667407070194,37.5,4.397142857142857,-44.034
470,240630,RN,20,0.7016411420895277,30.0,4.276,-41.695
471,130255,AM,70,0.7015745149718656,30.0,4.164000000000001,-43.99737704918033
472,211105,MA,40,0.7015145016407812,47.5,4.381428571428571,-41.48295154185022
473,293320,BA,164,0.7012969807735916,40.243902439024396,4.5464,-41.286573849878934
474,500348,MS,90,0.7011933259978073,40.0,4.712857142857143,-40.985
475,240660,RN,27,0.7011391825041531,33.33333333333333,4.38,-40.41462686567164
476,280030,SE,1560,0.7008558817058166,35.320512820512825,4.738119658119657,-42.932278848692896
477,150010,PA,532,0.7007138267764423,37.21804511278196,4.17186046511628,-42.24736757624398
478,170040,TO,50,0.7002441740054518,32.0,4.667142857142857,-44.906603773584905
479,150650,PA,314,0.7001376809764301,38.853503184713375,4.2429411764705875,-42.73620641562064
480,270920,AL,68,0.7001029656902222,39.705882352941174,3.934285714285714,-41.08344827586207
481,314915,MG,28,0.699644423730521,50.0,4.371428571428571,-43.1696875
482,290010,BA,21,0.6991013791333969,42.857142857142854,4.484,-42.61423913043478
483,292660,BA,194,0.698728686089849,33.50515463917525,4.353928571428572,-42.460714995034756
484,292740,BA,5020,0.6986835296339422,39.02390438247012,4.520567226890756,-33.95210375816993
485,240350,RN,29,0.6986382553606926,24.137931034482758,4.348333333333333,
486,240700,RN,38,0.6986293520143354,23.684210526315788,4.398571428571429,-41.38484848484848
487,240820,RN,129,0.6981961714726692,43.41085271317829,4.554117647058824,-42.64691894793344
488,250700,PB,64,0.6981620082674876,48.4375,4.386999999999999,-45.503300330033
489,251180,PB,20,0.6981394266540957,30.0,4.292,-42.11120967741935
490,270450,AL,165,0.6978485344954621,38.18181818181819,4.386666666666666,-40.97564575645757
491,172208,TO,50,0.6976820608802278,38.0,4.625,-42.02835555555556
492,221040,PI,53,0.697562062106778,49.056603773584904,4.123636363636363,-43.469205020920505
493,220196,PI,50,0.6974964239603234,36.0,4.255999999999999,-42.6378672985782
494,431490,RS,3142,0.6973891949793839,38.28771483131763,5.19166037735849,
495,280380,SE,28,0.6972449321284907,39.285714285714285,4.516666666666667,-41.25031496062992
496,240530,RN,21,0.6972353267266325,38.095238095238095,4.34,
497,280660,SE,42,0.6968140222863451,26.190476190476193,4.550000000000001,-44.5538115942029
498,292700,BA,127,0.6967337973792851,38.582677165354326,4.078095238095239,-42.684973637961335
499,240810,RN,1533,0.6966680144264531,36.66014350945858,4.6657777777777785,
500,241310,RN,23,0.6963187890353836,56.52173913043478,4.45,
501,292230,BA,71,0.6963017881058954,35.2112676056338,4.375000000000001,-43.20463215258856
502,130423,AM,100,0.6962303003013802,37.0,3.805833333333334,-42.16168384879725
503,240130,RN,39,0.6961870472339537,33.33333333333333,4.378,-43.44955128205128
504,210140,MA,505,0.6957688293170964,40.396039603960396,4.556829268292682,-40.31511665325825
505,290405,BA,60,0.6947877757865969,41.66666666666667,4.364999999999999,-42.689969040247675
506,270610,AL,38,0.6946259725834402,26.31578947368421,4.343333333333333,-42.831869158878504
507,220880,PI,74,0.6945314874077173,28.37837837837838,4.163076923076923,-43.438005617977524
508,250140,PB,49,0.6942237572951627,30.612244897959183,4.174,-44.90356862745098
509,291730,BA,57,0.6941263442387166,28.07017543859649,4.48,-42.04150684931506
510,160027,AP,241,0.6938255346905282,44.81327800829876,4.5634999999999994,-40.46478144513827
511,432085,RS,30,0.693561684925353,33.33333333333333,5.553333333333334,-42.03918699186992
512,270650,AL,92,0.6926431504217788,41.30434782608695,4.47,-42.382173913043474
513,241290,RN,25,0.69257984982273,28.000000000000004,4.4125,-40.765443645083934
514,291320,BA,124,0.6917678445637513,37.903225806451616,4.510666666666666,-41.88106976744186
515,500330,MS,180,0.6916564250080143,38.333333333333336,5.160000000000001,-40.564357298474945
516,130140,AM,180,0.6912057535564462,32.77777777777778,3.98125,
517,270260,AL,92,0.6909891188000905,50.0,4.289166666666666,-40.61139959432049
518,270730,AL,118,0.6909217791754145,42.3728813559322,4.459090909090909,-38.665782312925174
519,221093,PI,27,0.6900878384059023,40.74074074074074,4.425,-38.30426229508197
520,240990,RN,43,0.6899600278721366,34.883720930232556,4.45125,-42.40274436090226
521,210220,MA,112,0.6896014927141693,32.142857142857146,3.944230769230769,-42.65081439393939
522,130110,AM,81,0.6895712658969184,33.33333333333333,4.285172413793103,
523,220610,PI,44,0.6893723643937325,36.36363636363637,4.21,-43.774115384615385
524,330100,RJ,1556,0.6890653244931209,40.74550128534704,4.817532467532467,-35.80783301465902
525,150285,PA,59,0.6890397689764878,44.06779661016949,3.8790909090909094,-40.03725714285714
526,293090,BA,38,0.6889195848340393,42.10526315789473,4.25875,-40.157088607594936
527,291000,BA,47,0.6887973971532096,42.5531914893617,4.377142857142857,-40.4677358490566
528,430110,RS,48,0.6880909383208506,35.41666666666667,5.106,-47.023501199040766
529,130390,AM,313,0.6880121137413765,41.853035143769965,3.7807407407407405,-36.80248241912799
530,150380,PA,164,0.6879634741903266,42.073170731707314,4.317368421052632,-40.75477157360406
531,150330,PA,255,0.6878387028669984,36.86274509803922,4.16872340425532,-40.77518072289156
532,280620,SE,65,0.6877115878179921,38.46153846153847,4.321666666666666,-40.26067484662576
533,292770,BA,173,0.6873686643325988,36.41618497109826,4.616470588235295,-40.94375464684015
534,270880,AL,141,0.6871352768554151,34.751773049645394,4.217619047619047,-40.37559633027523
535,510642,MT,191,0.6869510642735656,40.31413612565445,4.889166666666666,-41.07272043010752
536,291210,BA,61,0.6869436149351887,26.229508196721312,4.366153846153847,
537,240460,RN,50,0.6866549544520254,46.0,4.256666666666667,-36.55132802124834
538,251610,PB,49,0.6865428770352168,51.02040816326531,4.624285714285714,-40.48114173228347
539,291380,BA,35,0.6863202842569972,42.857142857142854,4.26,-39.11891566265061
540,250380,PB,20,0.6859501053873734,35.0,4.348333333333334,-34.20972972972973
541,240145,RN,65,0.6857968991532816,32.30769230769231,4.5075,-41.805691056910575
542,130230,AM,125,0.6854897817248046,32.800000000000004,3.7415789473684216,-36.55327675624705
543,250355,PB,43,0.6854368091288907,39.53488372093023,4.244,-40.12909090909091
544,291520,BA,78,0.6852934595084288,39.743589743589745,4.445,-39.84378504672897
545,250180,PB,201,0.6852693968290552,41.29353233830846,4.507999999999999,-30.236047863247865
546,292040,BA,48,0.6852349055979006,29.166666666666668,4.455555555555555,-39.48442748091603
547,150210,PA,462,0.6852039190196064,39.82683982683983,4.025619047619047,-40.25123311546841
548,510270,MT,125,0.6851178684039161,37.6,4.815,-40.99494640943194
549,291120,BA,86,0.6849205549357066,33.72093023255814,4.3500000000000005,-40.125454545454545
550,270800,AL,206,0.6846181772539217,36.407766990291265,4.193076923076924,-41.128389830508475
551,292860,BA,173,0.6836093850190433,46.24277456647399,4.402424242424243,-39.62805590851334
552,210317,MA,87,0.6830051004026914,33.33333333333333,4.153333333333333,-41.20741228070175
553,240280,RN,24,0.6825066867296147,37.5,4.42,-42.409230769230774
554,510260,MT,58,0.6823518698661661,48.275862068965516,4.0600000000000005,-38.77257839721254
555,171790,TO,36,0.682328388014965,36.11111111111111,4.496666666666666,-40.87623711340206
556,270720,AL,82,0.6822446138000137,29.268292682926827,3.9920000000000004,-40.636895734597154
557,220850,PI,47,0.6822221127462539,27.659574468085108,3.9724999999999997,-42.05319587628866
558,270430,AL,2529,0.6821852721554198,40.094899169632264,4.55308510638298,-40.02025681014764
559,270370,AL,29,0.6820018417355678,37.93103448275862,4.363333333333333,-41.99746268656716
560,171430,TO,31,0.6819195055176805,45.16129032258064,4.5775,-39.8570297029703
561,150034,PA,74,0.6818809000428199,40.54054054054054,4.5,-40.608617021276594
562,241390,RN,27,0.6818332598850498,51.85185185185185,4.336250000000001,-41.443663003663005
563,500710,MS,162,0.6817937871217048,35.80246913580247,5.0616666666666665,-41.42028436018958
564,240940,RN,100,0.6815801803812056,35.0,4.595555555555555,-39.70969902182092
565,240800,RN,673,0.6815129346410419,43.23922734026746,4.675543478260868,-40.46114156596916
566,240340,RN,30,0.6812999935519319,33.33333333333333,4.4375,-43.811982758620694
567,240030,RN,32,0.6809317447445038,59.375,4.386666666666667,
568,150020,PA,184,0.6807436736542232,41.84782608695652,4.128000000000003,-39.55033673469388
569,150345,PA,119,0.6806165395206556,34.45378151260504,4.089444444444444,-38.692156862745094
570,210215,MA,42,0.6805030587475732,50.0,4.1075,-39.09538461538462
571,172090,TO,83,0.6803946768181613,42.168674698795186,4.5874999999999995,-39.45878504672897
572,290685,BA,29,0.680086941461979,51.724137931034484,4.403333333333334,-39.73916666666667
573,130356,AM,138,0.6799836805273638,48.55072463768116,4.475454545454546,-38.75666666666667
574,500320,MS,478,0.6795956224165399,41.84100418410041,4.880606060606061,-40.067145110410095
575,292273,BA,25,0.6795081256314498,48.0,4.325,-39.22706896551724
576,290910,BA,59,0.679386623422487,50.847457627118644,4.447142857142857,-40.63849315068493
577,290110,BA,56,0.6793672792650204,53.57142857142857,4.33,-37.70217081850534
578,292840,BA,92,0.6792389983860944,39.130434782608695,4.3015384615384615,-40.183271719038814
579,291680,BA,59,0.6791285048765662,38.983050847457626,4.452500000000001,-40.64025641025641
580,220555,PI,49,0.6789745860223723,36.734693877551024,4.0975,-40.504387755102044
581,150170,PA,508,0.6785741818562986,41.14173228346456,4.091969696969697,-40.07301310043668
582,150810,PA,489,0.6784822949536198,42.12678936605317,4.422222222222223,-39.18488215488215
583,240100,RN,70,0.6776822958938064,41.42857142857143,4.535000000000002,-41.022533003300325
584,171380,TO,31,0.6776530177244267,45.16129032258064,4.6066666666666665,-42.071230769230766
585,292340,BA,56,0.6774899890095307,39.285714285714285,4.388888888888888,-39.17869426751592
586,120080,AC,35,0.6772003090394565,31.428571428571427,4.44375,
587,430466,RS,107,0.6771697275457582,43.925233644859816,5.2175,-38.382265372168284
588,291040,BA,64,0.6771271464621098,39.0625,4.35,-40.31842105263158
589,130280,AM,63,0.6771072227292707,46.03174603174603,3.78,-42.102170087976546
590,280600,SE,41,0.6765908085239655,34.146341463414636,4.545000000000001,-37.44717299578059
591,293210,BA,50,0.676509413155372,57.99999999999999,4.329999999999999,-37.04304
592,220545,PI,21,0.6764489906022108,38.095238095238095,4.05,-38.935
593,171700,TO,20,0.6762508177972048,55.00000000000001,4.593333333333334,-39.73792452830189
594,420915,SC,28,0.6759817342408578,39.285714285714285,5.383333333333334,-41.88521541950113
595,270070,AL,57,0.6757095768295547,40.35087719298245,4.340000000000001,-40.55282828282829
596,270440,AL,64,0.6753223843073303,35.9375,3.8876923076923076,-40.94121718377088
597,240010,RN,36,0.6752189705592853,41.66666666666667,4.579999999999999,-38.73917525773196
598,420250,SC,26,0.6750081212044508,34.61538461538461,5.363333333333333,-44.52656957928802
599,211125,MA,28,0.6746615968362557,25.0,4.377142857142857,-43.861029411764704
600,150178,PA,195,0.674388011629625,38.97435897435898,4.209999999999999,-39.5183920076118
601,292405,BA,31,0.6740010176518374,29.03225806451613,4.288749999999999,
602,291710,BA,51,0.6734905223426391,49.01960784313725,4.418181818181818,-39.99157088122605
603,292895,BA,20,0.6732650826439868,45.0,4.5840000000000005,-39.39119565217392
604,150660,PA,81,0.6727559230627262,45.67901234567901,4.256,
605,500490,MS,38,0.6724473041427508,39.473684210526315,4.933333333333334,-38.45836842105263
606,510677,MT,65,0.6724287713411257,50.76923076923077,4.88875,-38.64231671554252
607,150090,PA,194,0.6723552298224774,35.56701030927835,3.786944444444444,-38.81720754716981
608,500780,MS,33,0.6720032970246045,30.303030303030305,5.1475,-39.46568965517241
609,270510,AL,115,0.6714894816010472,42.608695652173914,4.3725,-38.49119349005425
610,291150,BA,39,0.6714780784645188,33.33333333333333,4.443333333333333,-42.168800000000005
611,261340,PE,104,0.6712767905824685,37.5,4.390000000000001,-39.41487523992322
612,240325,RN,575,0.6712606580040342,41.91304347826087,4.841929824561402,-39.99078242229368
613,170930,TO,86,0.6712306677463533,45.348837209302324,4.801666666666667,-37.46757033248082
614,292190,BA,35,0.6709507641109698,45.714285714285715,4.418888888888889,-39.8534375
615,270180,AL,66,0.6705482811990938,46.96969696969697,3.811428571428572,-38.688403614457826
616,220140,PI,23,0.6704938766876046,30.434782608695656,4.3100000000000005,-40.80428571428571
617,211040,MA,61,0.670380745993738,37.704918032786885,3.867333333333333,-37.789292035398226
618,291560,BA,256,0.6699135815965144,42.96875,4.2778125,-38.90665594855306
619,290440,BA,33,0.6698243963441304,48.484848484848484,4.527142857142858,-39.27280701754386
620,313930,MG,79,0.6698083535191782,35.44303797468354,4.446,-39.218466312056734
621,150548,PA,200,0.6696529706493685,44.0,4.380624999999999,-38.352669491525425
622,240610,RN,46,0.6695294862088319,41.30434782608695,4.45375,-35.82514124293785
623,251370,PB,393,0.6695121301135887,37.404580152671755,4.487692307692308,-36.605144032921814
624,150130,PA,552,0.6693381033353408,46.01449275362319,4.461944444444445,-37.10461427541456
625,292780,BA,24,0.6690662351089786,16.666666666666664,4.413333333333333,-38.952803738317755
626,241250,RN,93,0.6687822382305659,45.16129032258064,4.5275,-37.80681818181818
627,270170,AL,74,0.6684564749169379,48.64864864864865,4.157,-38.08953125
628,290350,BA,57,0.6684153157173991,42.10526315789473,4.481,-39.0285294117647
629,250730,PB,40,0.6684046939703956,52.5,4.341111111111111,-37.30034188034188
630,240020,RN,146,0.6683819937179153,34.24657534246575,4.538749999999999,-41.34762596899225
631,270030,AL,955,0.6679175230897185,39.58115183246073,4.613199999999999,-38.36731742439827
632,270910,AL,102,0.667863974838476,41.17647058823529,4.261111111111111,-38.458155737704914
633,150803,PA,63,0.6661793750281392,50.79365079365079,3.9123529411764704,-37.44552845528455
634,351140,SP,47,0.6658886856101403,27.659574468085108,5.243333333333333,-40.01
635,291440,BA,94,0.6657886153692414,40.42553191489361,4.3076923076923075,-38.12681912681913
636,290940,BA,47,0.6657376295392281,46.808510638297875,4.366923076923078,-38.702666666666666
637,292120,BA,69,0.6656737565134626,34.78260869565217,4.208461538461538,-37.50468085106383
638,292595,BA,80,0.6654518195543616,38.75,4.22,-38.364315789473686
639,251020,PB,32,0.6651620354802773,40.625,4.282,-37.54272727272727
640,280350,SE,319,0.6650885313900625,42.00626959247649,4.507826086956522,-32.60764006056674
641,291570,BA,25,0.6650039213008233,36.0,4.2225,-34.36495495495495
642,250090,PB,23,0.6649751355280087,34.78260869565217,4.338,-37.08780487804878
643,130080,AM,140,0.6648699090693851,39.285714285714285,3.9440625000000002,-40.366778554778556
644,290750,BA,107,0.6648067731349908,35.51401869158878,4.624999999999998,-38.3636186770428
645,500070,MS,161,0.6644864709392795,41.61490683229814,4.895384615384616,-31.374699792960662
646,292990,BA,140,0.6644528319515909,37.857142857142854,4.505599999999999,-37.91547393364929
647,130068,AM,72,0.664353494698428,48.61111111111111,4.014,-35.010070921985815
648,221062,PI,28,0.6641469472359554,39.285714285714285,4.1425,-42.21052631578947
649,292620,BA,40,0.6641165417762578,25.0,4.523999999999999,
650,510777,MT,32,0.6637954930503391,31.25,4.784,-39.13566265060241
651,291470,BA,195,0.6637731751881801,40.51282051282051,4.426538461538461,-38.19347075743049
652,353910,SP,57,0.6635224488923601,45.614035087719294,5.055714285714285,-39.21
653,250157,PB,25,0.6634405046787163,36.0,4.39,-40.34252252252252
654,430930,RS,414,0.663213997515419,46.13526570048309,5.347419354838709,-37.72724540614803
655,150495,PA,73,0.6632082441786674,35.61643835616438,3.9353846153846153,-37.01845433255269
656,130185,AM,283,0.6629197765220057,35.68904593639576,4.637000000000001,-35.8816149068323
657,170190,TO,30,0.6627957546810512,30.0,4.696666666666667,-36.297045454545454
658,210380,MA,57,0.6627185781402657,49.122807017543856,4.35,-37.94736263736264
659,150635,PA,95,0.6626009680256382,40.0,4.294375,-37.949564356435644
660,240310,RN,105,0.6624144196619431,42.857142857142854,4.58611111111111,-41.129872530274056
661,270690,AL,218,0.6617903338032368,38.53211009174312,4.476153846153846,-38.39133333333333
662,430060,RS,863,0.6617436984303294,42.98957126303592,5.241521739130435,-37.57864085404716
663,292350,BA,35,0.6615595980475824,54.285714285714285,4.632000000000001,-37.856521739130436
664,251490,PB,35,0.6606516388849808,40.0,4.529999999999999,-37.6125
665,170200,TO,27,0.6606113869210967,51.85185185185185,4.9175,-37.13972027972028
666,241415,RN,23,0.6604096655553121,47.82608695652174,4.5825,-38.61983193277311
667,172030,TO,32,0.6602971035186365,50.0,4.386666666666667,-36.55063829787234
668,292510,BA,187,0.659822697575198,45.98930481283423,4.503666666666667,-36.49253588516746
669,270120,AL,60,0.6596552556868409,45.0,4.061999999999999,-37.43873786407767
670,251120,PB,158,0.6596455371428174,46.20253164556962,4.461111111111111,-37.17029986962191
671,270280,AL,66,0.6592909041910747,40.909090909090914,4.148000000000001,-37.556296296296296
672,120042,AC,25,0.6592038720076716,28.000000000000004,3.9530769230769227,
673,211107,MA,60,0.6591963183609264,40.0,4.1461538461538465,-41.30724770642202
674,293070,BA,456,0.6588849974029559,40.35087719298245,4.523559322033899,-37.621997371879104
675,150580,PA,272,0.658836851684957,41.17647058823529,3.66,-37.963357558139535
676,260640,PE,183,0.6587647294295312,46.44808743169399,4.459999999999999,-37.31952967525196
677,210190,MA,32,0.6587536294360116,56.25,4.04,-36.485
678,293310,BA,26,0.6586934730620051,46.15384615384615,4.346,-35.792264150943396
679,241400,RN,55,0.6582687159174813,32.72727272727273,4.425,-37.984210526315785
680,290689,BA,34,0.6582654083398283,44.11764705882353,4.33,-38.3735
681,150320,PA,132,0.6581864381896496,40.15151515151515,4.160454545454546,-33.563680656054025
682,220410,PI,24,0.6580414039401714,33.33333333333333,4.266666666666667,-40.23056910569105
683,150760,PA,226,0.6580127228185813,49.11504424778761,4.196400000000001,-35.51723270440252
684,330200,RJ,605,0.6575651516609423,41.15702479338843,4.933749999999999,-38.16797752808989
685,270220,AL,24,0.6574187301920207,37.5,4.3516666666666675,-35.4
686,251450,PB,61,0.6573695394285081,44.26229508196721,4.3116666666666665,-36.188361204013376
687,260570,PE,86,0.6572984171056654,48.837209302325576,4.2992307692307685,-37.911249999999995
688,170370,TO,25,0.6570741178139781,48.0,4.833333333333333,-36.224999999999994
689,291650,BA,129,0.6567690248581702,44.96124031007752,4.171333333333333,-39.62863192182411
690,240050,RN,51,0.6566387010098192,33.33333333333333,4.48625,-39.2255
691,171090,TO,27,0.6566256805566987,51.85185185185185,4.48,-36.08234042553191
692,293120,BA,52,0.6562400885070218,48.07692307692308,4.24,-36.32695652173913
693,170386,TO,22,0.6560933121588822,45.45454545454545,4.95,-45.10333333333334
694,240080,RN,44,0.65601546007619,43.18181818181818,4.572,-37.77176870748299
695,240360,RN,231,0.6554274589004879,41.99134199134199,4.592727272727272,-36.23852821407795
696,292467,BA,26,0.6549624243905042,61.53846153846154,4.08,
697,220290,PI,114,0.6546337134314336,49.122807017543856,4.275,-37.03842778793419
698,330410,RJ,51,0.6546165060401614,45.09803921568628,4.786666666666666,-35.44894736842105
699,130350,AM,82,0.6544525037555622,56.09756097560976,4.058333333333334,-36.27540145985401
700,280750,SE,49,0.6539811196371474,42.857142857142854,4.127142857142857,-38.25621951219512
701,291790,BA,44,0.6539273650349235,45.45454545454545,4.098571428571428,-37.223204419889505
702,150370,PA,220,0.6538687495731212,47.27272727272727,4.338636363636363,-36.63921370967742
703,352040,SP,87,0.653749428400019,49.42528735632184,5.169999999999999,-36.73
704,270500,AL,47,0.6537253348245449,31.914893617021278,4.058333333333333,-38.788823529411765
705,250060,PB,94,0.6535686099457113,40.42553191489361,4.465833333333333,-35.96
706,241200,RN,284,0.6535518933643879,38.732394366197184,4.529761904761905,-38.617404444444446
707,251130,PB,24,0.6532697740978243,45.83333333333333,4.207,-35.490158730158726
708,292260,BA,35,0.6532054944525643,51.42857142857142,4.2524999999999995,-36.01559322033898
709,270150,AL,24,0.6531002087175991,50.0,3.796666666666667,-35.04616161616162
710,330480,RJ,134,0.6528231939784571,39.55223880597015,4.934,-35.38375
711,240250,RN,38,0.6517997321273764,44.73684210526316,4.564,-36.780574712643684
712,353110,SP,145,0.6517976414747778,40.689655172413794,5.170869565217392,-38.61
713,293317,BA,25,0.6512473618914857,48.0,4.258,-37.75411764705882
714,170210,TO,843,0.6510404183070383,43.06049822064057,4.860468750000002,-37.113735905788026
715,211153,MA,72,0.6509071409195836,44.44444444444444,4.332857142857143,-36.572558823529405
716,292105,BA,49,0.6509070391369517,44.89795918367347,4.303333333333333,-37.85685106382979
717,500630,MS,187,0.6508171962548355,42.780748663101605,5.141666666666667,-37.62113347457627
718,313700,MG,33,0.6506779492631068,45.45454545454545,4.532,-41.55421348314607
719,170100,TO,78,0.6506572836828514,46.15384615384615,4.675714285714286,-36.819105960264906
720,292480,BA,57,0.6505228572336399,31.57894736842105,4.246363636363637,-38.131468531468535
721,250905,PB,57,0.6502309968901474,35.08771929824561,4.31,-43.492896825396826
722,220670,PI,31,0.6501182359805748,41.935483870967744,4.206666666666667,-36.04375
723,170220,TO,111,0.6499670764261358,45.94594594594595,4.404117647058823,-37.11300484652666
724,130406,AM,458,0.649965646556748,42.79475982532751,3.91,-34.37652222222222
725,130380,AM,244,0.6498772750954686,43.85245901639344,3.7777777777777777,-36.44847315436242
726,270620,AL,25,0.6497744083519453,48.0,3.9225,-36.00529411764706
727,250690,PB,60,0.6494628895057439,40.0,4.2754545454545445,-32.27222958057395
728,220840,PI,306,0.6490806935980707,42.15686274509804,4.293809523809522,-36.1470322138451
729,292330,BA,30,0.6489775733315631,40.0,4.1225,-36.42042944785276
730,210250,MA,32,0.6487650511011892,31.25,4.088888888888889,-34.754651162790694
731,420260,SC,41,0.6487336432843893,43.90243902439025,5.4475,-36.9646192893401
732,280470,SE,27,0.6485431181574893,62.96296296296296,4.382,-38.63317757009346
733,293200,BA,79,0.6483942730291881,39.24050632911392,4.416666666666666,-37.45574821852732
734,291500,BA,40,0.6481735746097061,47.5,4.362727272727272,-36.610547945205475
735,352760,SP,21,0.6480571282091971,38.095238095238095,5.174,-36.97
736,293076,BA,26,0.6479094849925,34.61538461538461,4.188000000000001,-36.666397515527954
737,160030,AP,2504,0.6476128835067503,43.29073482428115,4.667882352941173,-37.3590216565847
738,431177,RS,23,0.6473432034051035,52.17391304347826,5.390000000000001,
739,270270,AL,34,0.6473034502225091,38.23529411764706,4.42,-38.05905172413793
740,270570,AL,94,0.6471846383093266,41.48936170212766,4.1,-37.06732824427481
741,292220,BA,21,0.6471169343003351,57.14285714285714,4.324,-36.37375
742,317103,MG,32,0.6470872988681342,40.625,4.313999999999999,
743,292380,BA,83,0.6470648460382545,51.80722891566265,4.248749999999999,-34.31657963446475
744,270670,AL,250,0.6470376648344238,44.0,4.402333333333331,-36.51251366120219
745,430545,RS,55,0.6470137360244784,32.72727272727273,5.2333333333333325,
746,241140,RN,41,0.6468525204988804,36.58536585365854,4.416,-36.52923395445134
747,211210,MA,104,0.6467344210427485,50.0,4.069411764705882,-36.70603448275862
748,291735,BA,44,0.6466704637205918,38.63636363636363,4.488,-38.063155339805824
749,240200,RN,143,0.6465022921415584,46.15384615384615,4.566923076923077,-35.320418535127054
750,355150,SP,110,0.6462220918517672,57.27272727272727,5.215,-36.03
751,290520,BA,178,0.6459274128891356,40.44943820224719,4.511935483870969,-35.782468714448235
752,220110,PI,52,0.6458092726920377,46.15384615384615,4.225,-36.97470588235294
753,170740,TO,34,0.6454687494412609,55.88235294117647,4.330000000000001,-35.73223880597015
754,270870,AL,59,0.6454525801228487,42.3728813559322,4.66,-37.41
755,290970,BA,48,0.645362172115349,47.91666666666667,4.54125,-35.862344827586206
756,291350,BA,53,0.6451782439441724,37.735849056603776,4.415555555555556,-37.57248175182482
757,270420,AL,126,0.64515754478264,45.23809523809524,4.267333333333333,-36.00431952662722
758,500540,MS,255,0.6447041284347453,44.31372549019608,5.212727272727272,-36.410417310664606
759,261130,PE,62,0.6447018185867769,46.774193548387096,4.306000000000001,-36.06219512195122
760,210232,MA,273,0.644622390727187,42.124542124542124,4.300000000000001,-29.519611856033876
761,240560,RN,41,0.6444068737533759,46.34146341463415,4.272857142857142,-39.515791090629804
762,210047,MA,113,0.644266240161725,43.36283185840708,4.174583333333333,-34.51758426966292
763,210870,MA,89,0.6441430063468017,44.9438202247191,4.208947368421051,-36.165100671140934
764,500290,MS,111,0.6437738486157053,40.54054054054054,5.3,-34.8827027027027
765,251390,PB,92,0.6437654037473587,43.47826086956522,4.323846153846154,-35.61007920792079
766,430463,RS,274,0.643581954894869,46.715328467153284,5.3406666666666665,
767,270470,AL,359,0.6434475515398819,39.27576601671309,4.647058823529412,-36.54558343057176
768,120033,AC,50,0.6433070984816638,32.0,4.265,
769,150715,PA,87,0.6432467295203579,39.08045977011494,4.4525,-36.650784313725495
770,500440,MS,39,0.643005514655943,53.84615384615385,5.0225,-36.78034782608695
771,421650,SC,121,0.6424242507704176,38.84297520661157,5.2628571428571425,-36.25638297872341
772,130120,AM,378,0.6422401544046558,47.354497354497354,4.081666666666667,-35.88338047138047
773,130250,AM,517,0.6421371481713782,45.45454545454545,4.329122807017543,-32.62141011022425
774,210060,MA,114,0.6417344178492297,40.35087719298245,4.362941176470588,-36.48576433121019
775,240110,RN,76,0.6416720868927716,47.368421052631575,4.66357142857143,-34.666421845574384
776,171880,TO,33,0.6416224339569414,57.57575757575758,4.44,-36.592649006622516
777,420340,SC,23,0.6415861114859992,34.78260869565217,5.098000000000001,-43.9506611570248
778,270940,AL,96,0.6412732254087787,50.0,4.024666666666666,-35.010474308300395
779,290035,BA,41,0.6412293992060272,34.146341463414636,4.04375,-36.45542124542124
780,291835,BA,101,0.6412228439659816,44.554455445544555,4.203846153846154,-36.318576923076925
781,250053,PB,36,0.6407563374156112,36.11111111111111,4.635,-35.58458598726115
782,211100,MA,31,0.6406842838992691,51.61290322580645,4.094166666666666,-36.03
783,292910,BA,62,0.6405558973752783,38.70967741935484,4.1535714285714285,-36.24878594249201
784,260460,PE,89,0.6403973177552805,46.06741573033708,4.331428571428571,-35.46498905908096
785,330490,RJ,1739,0.6402684213726191,46.11845888441633,4.845828220858897,-35.31850811057802
786,500260,MS,87,0.6401124706638772,44.827586206896555,5.01875,-40.989877149877145
787,500750,MS,37,0.6400322235383498,32.432432432432435,5.1,-36.24409836065574
788,150309,PA,123,0.6399522952615428,42.27642276422765,4.311875,-35.820646766169155
789,211167,MA,20,0.6399019436697913,30.0,4.29,-36.64055555555556
790,292430,BA,95,0.6398519268008748,45.26315789473684,4.553076923076923,-36.70813953488372
791,210550,MA,89,0.6395354562566705,49.43820224719101,4.435,-35.40362101313321
792,150260,PA,31,0.6392028880928297,41.935483870967744,4.105555555555555,-35.46497041420118
793,293135,BA,516,0.6390900162580451,45.542635658914726,4.676153846153846,-36.54578735842163
794,510735,MT,46,0.6390815962690933,43.47826086956522,4.960000000000001,-36.26865800865801
795,250920,PB,40,0.6389438870738999,50.0,4.27375,-37.435566037735846
796,241160,RN,26,0.6388419324570503,34.61538461538461,4.4,-35.63289719626168
797,353580,SP,45,0.6388238426317153,37.77777777777778,5.20375,-37.41
798,290150,BA,36,0.6387122269620789,47.22222222222222,4.406,-33.273038674033145
799,330475,RJ,215,0.638583923010185,46.97674418604651,4.820000000000001,-34.53012195121951
800,292905,BA,83,0.6384088790245032,48.19277108433735,4.427777777777778,-34.09562874251497
801,510850,MT,69,0.6382497262378202,55.072463768115945,5.125,-36.183542857142854
802,260520,PE,178,0.637772285886366,51.12359550561798,4.404583333333333,-36.80807424593968
803,280740,SE,186,0.6377681732989064,48.38709677419355,4.298260869565218,-34.20120985010707
804,220010,PI,31,0.6376286170852379,45.16129032258064,4.373333333333333,-35.8664238410596
805,172080,TO,60,0.6375566162060656,46.666666666666664,4.334,-35.119364548494985
806,240170,RN,43,0.6371471823064924,34.883720930232556,4.576666666666667,
807,421265,SC,49,0.6370867625744254,42.857142857142854,5.36375,-36.653999999999996
808,250630,PB,186,0.6366138779703454,50.0,4.375806451612903,-32.4942365097589
809,220820,PI,77,0.6365559273968081,44.15584415584416,4.155555555555555,-34.31584295612009
810,210150,MA,54,0.6365118105192075,46.2962962962963,4.316363636363637,-33.731249999999996
811,210480,MA,420,0.6362055421481588,43.333333333333336,4.362444444444444,-35.954997518610426
812,260765,PE,103,0.6359931482221469,43.689320388349515,4.294545454545455,-33.7639247311828
813,270642,AL,44,0.6359899677152715,54.54545454545454,4.2316666666666665,-36.99668181818181
814,291460,BA,265,0.6359630875430284,44.15094339622642,4.5147619047619045,-35.70217837411207
815,330260,RJ,202,0.6356051151963862,42.57425742574257,5.127692307692309,-35.4771931696905
816,350850,SP,145,0.635474005829703,47.58620689655172,5.3053846153846145,-35.74
817,290690,BA,89,0.6354528233661522,41.57303370786517,4.4174999999999995,-34.63520089285714
818,293330,BA,1209,0.6346884499640134,46.07113316790736,4.679462365591398,-34.60053160674732
819,210930,MA,49,0.6346618167176266,48.97959183673469,3.7553846153846155,-34.15594339622641
820,250535,PB,21,0.6345114566307382,47.61904761904761,4.3566666666666665,-35.962450980392155
821,150060,PA,571,0.63449254489936,47.46059544658494,4.6196,-34.03131622792402
822,261470,PE,37,0.6344499497781239,45.94594594594595,4.4225,-34.94985915492958
823,291075,BA,36,0.6343762701075244,52.77777777777778,4.148,-33.88292576419214
824,130440,AM,115,0.634346262439978,47.82608695652174,3.931111111111111,
825,350860,SP,49,0.6343010943138352,22.448979591836736,5.132777777777778,-38.2
826,316245,MG,22,0.634190391568342,40.909090909090914,4.403333333333333,-31.42124087591241
827,120034,AC,44,0.6339254771549823,29.545454545454547,4.444,
828,310450,MG,72,0.6338393595481654,51.388888888888886,4.574,-36.93527001862198
829,290327,BA,43,0.6333518340423183,39.53488372093023,4.498181818181818,-36.139375
830,290370,BA,60,0.6333337205518296,51.66666666666667,4.512727272727273,-34.652480916030534
831,210670,MA,85,0.6333024676656673,48.23529411764706,4.102941176470589,-34.51223776223776
832,500190,MS,127,0.6328668694610605,50.39370078740157,5.112500000000001,-34.95750392464679
833,430187,RS,26,0.6326178259465572,38.46153846153847,5.253333333333333,-41.09474747474747
834,220420,PI,23,0.6322178621233161,56.52173913043478,4.2700000000000005,-34.33728813559322
835,130160,AM,118,0.6315701297527,42.3728813559322,4.1688888888888895,
836,510335,MT,227,0.631506027957426,45.81497797356828,4.98875,-35.00750216076059
837,353720,SP,20,0.6313904138900005,50.0,4.922000000000001,-34.03
838,210320,MA,294,0.6307302810823362,45.23809523809524,4.044102564102563,-35.41409574468085
839,260200,PE,117,0.6304669246260876,51.28205128205128,4.225625000000001,-33.803584
840,355070,SP,196,0.630424618815934,41.83673469387755,5.172727272727272,-35.62
841,291010,BA,56,0.630307002809063,44.642857142857146,4.442500000000001,-34.29030303030303
842,240725,RN,24,0.6302240501286825,37.5,4.550000000000001,-35.701
843,150270,PA,198,0.6301945666475973,45.95959595959596,4.427826086956522,-33.83166666666667
844,220217,PI,27,0.6301499630705457,48.148148148148145,4.058333333333334,-42.48893617021277
845,210230,MA,99,0.6297860679653824,48.484848484848484,4.072941176470589,-36.018127490039845
846,210690,MA,96,0.6297480127253862,41.66666666666667,4.034285714285715,-35.18398148148148
847,290660,BA,47,0.6296733202918572,51.06382978723404,4.694285714285715,-35.78413223140496
848,270410,AL,57,0.6296009228767965,50.877192982456144,4.45,-35.05076124567474
849,110175,RO,48,0.6294120386457719,58.333333333333336,4.865,-33.492222222222225
850,220380,PI,28,0.6293044570525417,50.0,4.308,-34.90290909090909
851,261380,PE,66,0.6290716924115926,45.45454545454545,3.861666666666667,-34.136632996633
852,500640,MS,50,0.6286647163146725,38.0,5.075,-34.76654028436019
853,220150,PI,92,0.6282965309452339,43.47826086956522,4.089444444444444,-34.64840294840295
854,500210,MS,144,0.6280420928678723,51.388888888888886,4.921,-33.99364928909952
855,430676,RS,110,0.6279724100556282,43.63636363636363,5.316923076923077,
856,430467,RS,20,0.6279635354077057,40.0,5.654999999999999,-37.80544554455446
857,352520,SP,115,0.6278959959793448,45.21739130434783,5.372727272727272,-35.93
858,310610,MG,20,0.62730999864404,45.0,5.0,
859,150095,PA,82,0.62728558740847,48.78048780487805,3.9952941176470587,-34.64322738386308
860,350230,SP,20,0.6272585831479311,45.0,5.2075,-34.31
861,431640,RS,128,0.627111726994854,39.84375,5.2,-36.09689189189189
862,314995,MG,28,0.6270743780032013,35.714285714285715,5.016,-35.081304347826084
863,510700,MT,108,0.6269478462629775,37.96296296296296,4.967777777777778,-38.12784126984127
864,270480,AL,49,0.6269160919225767,46.93877551020408,4.1,-35.656291079812206
865,293160,BA,55,0.6265412270126692,47.27272727272727,4.294444444444445,-33.942344827586204
866,500500,MS,155,0.6264225516482467,45.16129032258064,5.0489999999999995,-35.13377331420373
867,310170,MG,171,0.6261553060301444,45.02923976608187,4.585000000000001,-32.9927797833935
868,352100,SP,73,0.6259939180157529,31.506849315068493,5.24,-35.25
869,291970,BA,73,0.6259569523352004,50.68493150684932,4.497142857142857,-32.49996845425868
870,250790,PB,47,0.6255978729064576,40.42553191489361,4.246666666666666,-36.395177304964534
871,171360,TO,30,0.6250349792984705,43.333333333333336,4.486,-36.186341463414635
872,270190,AL,23,0.6249736031555314,39.130434782608695,3.8850000000000002,-32.960434782608694
873,290400,BA,51,0.6249489058455615,43.13725490196079,4.5633333333333335,-33.22816513761468
874,500215,MS,50,0.6247205271391347,46.0,5.033333333333333,-34.44778195488722
875,241260,RN,53,0.6245955241664791,43.39622641509434,4.534999999999999,
876,290960,BA,61,0.6244380681237899,47.540983606557376,4.216666666666667,-33.690948905109494
877,171320,TO,63,0.6242674936080745,41.269841269841265,4.856000000000001,-36.414037267080744
878,431440,RS,828,0.6241020737358227,46.01449275362319,5.226534653465347,
879,270644,AL,93,0.6239176837547737,43.01075268817204,4.4799999999999995,-36.15339578454333
880,130310,AM,131,0.6238930844815885,39.69465648854962,3.8156521739130436,-34.14628678437667
881,330030,RJ,306,0.6238543669502314,49.01960784313725,4.963636363636363,-33.42588548601864
882,330320,RJ,355,0.6237800928677066,44.225352112676056,4.845000000000001,-34.16
883,431250,RS,55,0.6236538422874238,43.63636363636363,5.2725,-35.58988764044944
884,220192,PI,39,0.6234572739108609,41.02564102564102,4.0075,-37.14160714285714
885,293180,BA,34,0.6233836409640061,55.88235294117647,4.327777777777778,-33.513
886,250330,PB,40,0.6231095741543069,35.0,4.245,-33.690283687943264
887,291250,BA,46,0.623080876322896,34.78260869565217,4.523636363636364,-34.69684931506849
888,150445,PA,145,0.6230118757718607,51.03448275862069,4.386153846153847,-31.266549520766773
889,260170,PE,276,0.6230002636398211,46.3768115942029,4.3549999999999995,-33.159684210526315
890,150405,PA,139,0.6228418603346442,46.043165467625904,4.2456249999999995,-33.695218702865766
891,150400,PA,134,0.6228292804740401,47.01492537313433,3.780714285714285,-32.2772710951526
892,210850,MA,141,0.6228039763715861,49.645390070921984,4.218518518518519,-33.7867578125
893,330170,RJ,2666,0.6224997551706641,48.762190547636905,4.818853211009175,-33.72779542899963
894,150655,PA,60,0.6224810117395748,43.333333333333336,4.241818181818181,-32.219210526315784
895,292530,BA,888,0.6221219601780433,44.707207207207205,4.631153846153845,-33.88710246550554
896,290130,BA,49,0.6219082119829789,40.816326530612244,4.332222222222222,-33.693925925925925
897,351100,SP,44,0.621863099247152,45.45454545454545,5.158571428571428,-34.58
898,220920,PI,50,0.6215289574985065,36.0,4.405,-35.56288461538462
899,351350,SP,213,0.6214329628461799,43.66197183098591,5.103448275862069,-35.29333333333334
900,250860,PB,77,0.6212298236125593,42.857142857142854,4.573,-33.8455672823219
901,352510,SP,97,0.6209181185756055,39.175257731958766,5.335000000000001,-34.58
902,150350,PA,71,0.620739710789394,52.112676056338024,4.162000000000001,-32.274447592067986
903,150390,PA,281,0.6203092079151425,50.5338078291815,3.8970731707317072,-40.13681328158689
904,291880,BA,51,0.6202286261204019,45.09803921568628,4.385999999999999,-33.89836653386454
905,250190,PB,51,0.6202062526568198,43.13725490196079,4.21875,-32.66285714285714
906,270010,AL,82,0.6201830400414389,58.536585365853654,4.295454545454546,-32.138260869565215
907,353940,SP,24,0.6201168440705119,29.166666666666668,5.475,-35.63
908,240740,RN,33,0.6200509325975772,51.515151515151516,4.651250000000001,-31.13057471264368
909,330250,RJ,1109,0.6197994438671485,47.15960324616772,4.833544303797469,-33.53531196139262
910,130060,AM,271,0.6193345230418451,41.69741697416974,3.733125,
911,292730,BA,100,0.6191628231336224,53.0,4.531538461538462,-33.195
912,210280,MA,94,0.6190230769390617,54.25531914893617,4.353157894736842,-32.11735537190083
913,150195,PA,62,0.6185763085715249,56.451612903225815,4.041764705882353,-30.181649484536084
914,260800,PE,64,0.6184935417939268,43.75,4.073333333333334,-34.37353896103896
915,500270,MS,3883,0.6180327195074646,46.40741694566057,5.270176470588234,-41.48329935125116
916,260060,PE,69,0.6179874428245058,52.17391304347826,4.349999999999999,-31.200851735015775
917,260005,PE,288,0.6179131144891038,53.47222222222222,4.612702702702704,-33.06025316455696
918,353180,SP,156,0.6179051403998187,42.94871794871795,5.340952380952381,-33.02
919,312670,MG,76,0.6178636831568571,47.368421052631575,4.478571428571429,-33.101098376313274
920,330230,RJ,31,0.6177838694348152,48.38709677419355,4.785,-33.43613333333334
921,150796,PA,33,0.6177324770302826,45.45454545454545,4.162222222222222,-34.583999999999996
922,353190,SP,59,0.6176731414549774,47.45762711864407,5.192499999999999,-34.7
923,130030,AM,179,0.6175683075856458,45.2513966480447,4.185862068965517,
924,250400,PB,1139,0.6175146186605304,46.26865671641791,4.673802816901407,-30.87375317185698
925,510682,MT,53,0.617512193297479,41.509433962264154,4.75,-33.205689655172414
926,353760,SP,140,0.6174253362750738,43.57142857142857,5.114583333333333,-33.19
927,292360,BA,46,0.6165127272146455,52.17391304347826,4.655,-32.07025179856115
928,211250,MA,215,0.6164389374829038,45.58139534883721,4.105121951219511,-31.57044105173876
929,270850,AL,173,0.6163076647835879,44.50867052023121,4.256666666666667,-33.39381430363864
930,221130,PI,55,0.6161605497488886,58.18181818181818,4.455454545454547,-33.683177570093456
931,354075,SP,41,0.6161382028370328,41.46341463414634,5.005,-33.42
932,353670,SP,85,0.6159253641889313,45.88235294117647,5.333888888888889,-33.23
933,432380,RS,85,0.6153345957257799,51.76470588235295,5.456,-32.22985915492958
934,351030,SP,56,0.6152782906510809,48.214285714285715,5.217142857142858,-32.36
935,171660,TO,40,0.6150223453593806,45.0,4.807142857142857,-34.932641509433964
936,120045,AC,49,0.6149140361791425,48.97959183673469,4.594117647058824,
937,220900,PI,27,0.6144171991863655,55.55555555555556,4.28,-34.50931972789115
938,250490,PB,70,0.6143570720863749,55.714285714285715,4.291666666666666,-33.06654320987654
939,290280,BA,103,0.6142174711307025,44.66019417475729,4.5627272727272725,-32.631381322957196
940,351515,SP,32,0.6141803176107189,40.625,5.17,-32.14
941,150770,PA,134,0.614147857617805,47.01492537313433,3.7459999999999996,-32.260877192982456
942,172110,TO,27,0.6138056050746209,48.148148148148145,4.772499999999999,-33.27243243243243
943,421800,SC,134,0.6136672294411135,50.74626865671642,5.461666666666666,
944,150620,PA,211,0.6135389256920355,50.23696682464455,4.048518518518519,-33.19390404515522
945,130220,AM,65,0.6133793916942241,53.84615384615385,3.8957142857142855,-32.33245261984392
946,241410,RN,45,0.6132319768040976,44.44444444444444,4.53125,-37.00333333333333
947,160025,AP,36,0.6130918356509023,58.333333333333336,4.1290000000000004,-25.095410122164054
948,292950,BA,97,0.6130821280465693,52.57731958762887,4.492500000000001,-32.018916349809885
949,220550,PI,167,0.612878021978275,41.91616766467065,4.10409090909091,-33.558795180722896
950,500370,MS,1298,0.6128451523020657,49.152542372881356,5.1322222222222225,-31.858428111304715
951,240180,RN,38,0.6127131680269637,42.10526315789473,4.484,
952,150085,PA,134,0.6120606033751568,47.76119402985074,4.403333333333333,-31.37710709318498
953,293250,BA,61,0.6119107063187251,52.459016393442624,4.407,-31.043370473537607
954,431870,RS,815,0.6117411651671907,47.85276073619632,5.3845,-32.547094451503604
955,500600,MS,150,0.6114567878551838,42.0,5.111428571428571,-32.95759679572764
956,292200,BA,137,0.6112872177812694,49.63503649635037,4.579999999999999,-31.49207621550591
957,211070,MA,129,0.6112558054289471,48.837209302325576,4.3608,-33.99895652173913
958,260930,PE,80,0.6111703897885508,38.75,4.148571428571429,-34.53630727762803
959,172010,TO,23,0.6111380104718062,43.47826086956522,4.311999999999999,-31.774
960,292300,BA,207,0.6108436730098147,49.275362318840585,4.556111111111111,-32.8829718875502
961,211176,MA,53,0.6107506370077744,52.83018867924528,4.4781818181818185,-33.234760273972604
962,432130,RS,93,0.6107095258189029,52.68817204301075,5.387000000000001,-36.89292011019283
963,352720,SP,139,0.6106826309314531,49.64028776978417,5.222666666666667,-32.18
964,352400,SP,126,0.6102814031814079,53.17460317460318,5.428947368421053,-31.060000000000002
965,210237,MA,29,0.6101402956440961,55.172413793103445,3.8,-31.196759776536314
966,432300,RS,1018,0.6101351301281522,50.884086444007856,5.230263157894735,-34.22045977011494
967,150275,PA,111,0.6095330344998214,39.63963963963964,3.8999999999999995,-32.57
968,421330,SC,20,0.6094663826756755,45.0,5.4,-37.897304347826086
969,291170,BA,317,0.6093826794931311,47.63406940063091,4.661851851851852,-32.469684990735026
970,353890,SP,22,0.6090486794202512,36.36363636363637,5.3425,-33.97
971,500720,MS,201,0.608622186330659,45.77114427860697,5.047999999999999,-33.56400528169014
972,251445,PB,25,0.6085412826842451,56.00000000000001,4.133333333333334,-37.32348623853211
973,291300,BA,26,0.6083091380502317,50.0,4.491111111111112,-32.8814
974,210360,MA,243,0.6081121080673677,51.028806584362144,4.017999999999998,-31.702742214532872
975,150800,PA,435,0.6078015234447437,47.12643678160919,4.1154716981132085,-31.263333333333332
976,261290,PE,33,0.6076154398721547,45.45454545454545,4.222,-30.10147928994083
977,352210,SP,251,0.6075352826706265,48.20717131474104,5.135135135135136,-31.950000000000003
978,353060,SP,869,0.6074065471138435,49.36708860759494,5.289999999999998,-32.12
979,251615,PB,21,0.6069886294073547,42.857142857142854,4.536666666666667,-33.06236559139784
980,350580,SP,45,0.6069164219187441,37.77777777777778,5.338333333333333,-33.11
981,150658,PA,97,0.6067386270440762,50.51546391752577,4.495384615384615,-31.89871227364185
982,240500,RN,43,0.6066614395076496,41.86046511627907,4.515000000000001,-32.352543859649124
983,293340,BA,27,0.6065150974693462,44.44444444444444,4.29,-31.36409090909091
984,500325,MS,172,0.6065066704146618,43.02325581395349,5.159999999999999,-33.135
985,350050,SP,36,0.6064087879304042,44.44444444444444,5.503333333333334,-32.52333333333333
986,353440,SP,1347,0.6063652066184327,49.962880475129914,5.234311926605503,-30.869999999999997
987,420230,SC,263,0.6062727470296486,42.96577946768061,5.3975,
988,312930,MG,34,0.6062494688840352,47.05882352941176,4.89,-29.144499999999994
989,270340,AL,35,0.6061994633853557,48.57142857142857,4.194,-33.74156862745098
990,500740,MS,139,0.6058947460997914,51.07913669064749,5.01,-31.831200000000003
991,211180,MA,91,0.6058787219417553,53.84615384615385,4.276428571428571,-31.536411290322583
992,354600,SP,25,0.6057310998989168,36.0,5.225999999999999,-30.29
993,292790,BA,44,0.6052525573187358,45.45454545454545,4.526666666666666,-32.67416243654822
994,291820,BA,30,0.6049428609406525,30.0,4.455,
995,150611,PA,61,0.6049041094590217,50.81967213114754,4.028888888888889,-31.891340206185568
996,313520,MG,292,0.6048543584080871,42.80821917808219,4.315294117647059,-35.27369846878681
997,170600,TO,26,0.6048403481145077,34.61538461538461,4.5680000000000005,-31.398543046357617
998,431480,RS,143,0.6048005315567253,55.94405594405595,5.418125000000001,-30.74168359941945
999,292145,BA,29,0.6044576931307182,55.172413793103445,4.508,-30.981409395973156
1000,355620,SP,161,0.6042768404601616,49.06832298136646,5.5018518518518515,-31.79
1001,150840,PA,228,0.6042424530094164,49.122807017543856,4.6080000000000005,-30.435
1002,220795,PI,28,0.6042360844690472,50.0,4.125,-31.403
1003,150497,PA,82,0.6041063428025758,46.34146341463415,4.355555555555556,-31.74319371727749
1004,260820,PE,41,0.6040010297878607,60.97560975609756,4.232857142857143,-31.420388349514564
1005,290460,BA,259,0.6038260569508778,53.66795366795367,4.652692307692309,-31.735822368421054
1006,110010,RO,197,0.6037129672480432,45.68527918781726,4.768888888888888,-30.323923541247485
1007,210300,MA,601,0.6035398547629517,50.74875207986689,4.344646464646466,-30.87940182494086
1008,350960,SP,183,0.6034460981710434,45.90163934426229,5.4395999999999995,-31.229999999999997
1009,330555,RJ,394,0.6030354734841396,47.71573604060914,4.909736842105264,-31.49624556062912
1010,250540,PB,36,0.6029739625101092,30.555555555555557,4.5625,-33.83047619047619
1011,352180,SP,66,0.6025476476804988,43.93939393939394,5.181666666666667,-33.29
1012,500350,MS,25,0.6024661930892656,56.00000000000001,4.78,-33.66336206896551
1013,310480,MG,21,0.602346357010622,52.38095238095239,4.805,-31.498645833333335
1014,261640,PE,420,0.602272483430539,47.85714285714286,4.439722222222223,-31.636323092170464
1015,270890,AL,109,0.6018901983746877,52.293577981651374,4.646666666666667,-31.102021857923496
1016,211157,MA,26,0.6018539256782839,53.84615384615385,4.535,-30.811290322580646
1017,420195,SC,50,0.6016089270505889,38.0,5.2625,
1018,261310,PE,143,0.6015904909150779,52.44755244755245,4.2700000000000005,-30.95259044862518
1019,351960,SP,96,0.6015090160643547,44.79166666666667,5.285714285714285,-30.799999999999997
1020,210120,MA,405,0.6015067592186454,47.901234567901234,4.293749999999998,-31.67362273901809
1021,355100,SP,606,0.601389813310249,50.99009900990099,5.057192982456142,-26.86
1022,210950,MA,112,0.6013103645077423,41.964285714285715,4.2676923076923075,
1023,510780,MT,83,0.6012634121265141,42.168674698795186,4.89625,
1024,220780,PI,104,0.601260863370846,55.769230769230774,4.135625,-32.098
1025,220750,PI,60,0.600964523387428,60.0,4.0625,-31.511262798634814
1026,430693,RS,23,0.6008622099711036,39.130434782608695,5.276000000000001,
1027,316960,MG,102,0.6008089257544424,48.03921568627451,5.1,-31.623795309168443
1028,260980,PE,59,0.6007970369873501,44.06779661016949,4.286666666666667,-31.88153846153846
1029,351300,SP,612,0.6007638929382696,50.16339869281046,5.287564102564101,-30.509999999999998
1030,160060,AP,677,0.6003856217054201,48.301329394387,4.643200000000001,-31.822520950409142
1031,130420,AM,450,0.6003463231024494,42.66666666666667,4.0806818181818185,
1032,150745,PA,134,0.6002761395580852,52.23880597014925,4.417368421052632,-30.989094827586204
1033,261370,PE,353,0.6001798747166502,49.858356940509914,4.472162162162162,-31.230444691495276
1034,292490,BA,26,0.6000401869152714,42.30769230769231,4.3100000000000005,-31.11216
1035,510550,MT,69,0.599971195369384,52.17391304347826,4.812857142857143,-31.70285600636436
1036,210920,MA,33,0.5999291268046626,48.484848484848484,3.887777777777777,-30.69201438848921
1037,431410,RS,740,0.5999226002723048,47.83783783783784,5.4380952380952365,-32.14329103885805
1038,310945,MG,31,0.599868566965057,54.83870967741935,4.912,-31.284999999999997
1039,150276,PA,71,0.5997683479547136,50.70422535211267,4.515714285714286,-32.164744744744745
1040,355280,SP,505,0.5995120391581995,49.7029702970297,5.274901960784312,-27.456666666666663
1041,521975,GO,350,0.5991154284225593,48.0,4.932380952380953,-31.679802148106276
1042,420720,SC,30,0.5990582303649536,46.666666666666664,5.426,
1043,210910,MA,181,0.5988239404436155,53.03867403314917,4.377894736842105,-30.187105263157893
1044,292890,BA,166,0.5986467190677204,47.59036144578313,4.473000000000001,-31.608637532133677
1045,150540,PA,59,0.5986009945481355,57.6271186440678,4.27875,-32.04358509566969
1046,293260,BA,46,0.5983080007819729,52.17391304347826,4.646999999999999,-30.539505300353355
1047,420665,SC,57,0.5981842546345661,52.63157894736842,5.3975,-28.47144986449864
1048,291130,BA,24,0.5979543384778844,54.166666666666664,4.593333333333334,-30.096129032258062
1049,292640,BA,99,0.5972862819866064,49.494949494949495,4.381333333333334,-33.02549295774648
1050,170730,TO,20,0.596780792902287,45.0,4.654999999999999,-28.421287128712866
1051,240450,RN,64,0.59669570895249,56.25,4.606666666666667,
1052,150610,PA,57,0.5966284304135706,50.877192982456144,4.180000000000001,-30.562564102564103
1053,500310,MS,25,0.5964965294831706,56.00000000000001,5.159999999999999,-28.820750000000004
1054,430517,RS,28,0.5964020008453346,50.0,5.08,-28.991223628691984
1055,431560,RS,648,0.5963331580620201,53.24074074074075,5.205441176470585,-30.874322321050403
1056,330380,RJ,178,0.5963256922751576,48.87640449438202,4.875624999999999,-30.192800480769233
1057,260070,PE,117,0.5961670531544485,50.427350427350426,4.054166666666667,-31.652540540540542
1058,352410,SP,69,0.5957346747562862,52.17391304347826,5.195,-30.060000000000002
1059,210330,MA,475,0.5955822172627167,49.89473684210527,4.104461538461536,-31.15959983326386
1060,410040,PR,463,0.5955277659880007,50.9719222462203,5.18531914893617,-31.039844559585497
1061,290755,BA,26,0.5953900943099211,65.38461538461539,4.478,-30.89254716981132
1062,150616,PA,70,0.5953007968651344,47.14285714285714,4.593333333333333,-31.015701357466064
1063,150180,PA,376,0.5952790280900794,55.053191489361694,3.910526315789473,-29.613259052924793
1064,150555,PA,33,0.5949564731257312,39.39393939393939,4.45,-30.151151079136692
1065,251200,PB,92,0.5949526978950189,47.82608695652174,4.397272727272727,-31.893661327231122
1066,240570,RN,38,0.5947367899867151,44.73684210526316,4.606,-26.550360360360358
1067,150230,PA,186,0.5945496340687892,53.2258064516129,4.045151515151514,-30.011471215351815
1068,270900,AL,32,0.5945486617496889,50.0,4.307499999999999,-31.92887323943662
1069,350055,SP,23,0.594496297140383,43.47826086956522,5.5,-31.009999999999998
1070,260620,PE,297,0.5942987079563987,46.12794612794613,4.507428571428571,-30.406689895470382
1071,261430,PE,29,0.5942955432660625,44.827586206896555,4.446666666666666,-29.44
1072,292110,BA,113,0.594136695669122,49.557522123893804,4.514375,-30.695983263598325
1073,170380,TO,38,0.5940923056901575,52.63157894736842,4.42,
1074,150570,PA,102,0.5940267265067071,47.05882352941176,3.76375,-29.35019460138104
1075,170710,TO,29,0.593876892931621,37.93103448275862,4.765000000000001,-30.374857142857138
1076,150600,PA,176,0.5929998927762502,53.97727272727273,3.7272,-29.266153846153845
1077,510040,MT,69,0.5928387240575402,49.275362318840585,5.2125,-33.22760806916427
1078,250770,PB,73,0.5927925633425914,52.054794520547944,4.385833333333334,-31.20404699738903
1079,313070,MG,22,0.5926891176801121,50.0,5.29,-31.329104477611942
1080,280330,SE,73,0.592612463741482,58.9041095890411,4.432,-29.591963190184046
1081,150475,PA,82,0.5925768526674254,51.21951219512195,4.340588235294118,-30.373106267029975
1082,510515,MT,200,0.5925480626283588,47.5,4.965714285714285,-32.26439291465378
1083,260940,PE,180,0.5924791704953549,47.22222222222222,4.394761904761904,-30.940961995249406
1084,292975,BA,26,0.5924223025946209,53.84615384615385,4.361111111111111,-31.797622377622375
1085,150500,PA,51,0.5923155312737899,52.94117647058824,4.2299999999999995,-29.04498054474708
1086,270320,AL,112,0.592184593003866,50.0,4.263636363636363,-30.72184971098266
1087,241480,RN,41,0.5920880637240856,39.02439024390244,4.4799999999999995,-28.769775280898877
1088,170240,TO,34,0.5920103087508456,58.82352941176471,4.62125,-30.461
1089,351500,SP,570,0.5919473776156723,48.421052631578945,5.161406249999999,-27.759999999999998
1090,430435,RS,41,0.5915511700283324,43.90243902439025,5.293333333333333,
1091,330185,RJ,235,0.5915024433187677,47.65957446808511,4.915500000000001,-31.045627668659268
1092,170230,TO,33,0.591164587544594,72.72727272727273,4.633333333333333,-28.97809523809524
1093,292665,BA,27,0.5911365855478466,37.03703703703704,4.445714285714286,-29.8906993006993
1094,110080,RO,151,0.590702315398921,53.64238410596026,4.747999999999999,-29.629870129870127
1095,210860,MA,235,0.5906523105852545,45.1063829787234,4.171276595744681,-29.888017467248908
1096,292050,BA,105,0.5905610586442411,48.57142857142857,4.570909090909091,-31.074120267260582
1097,420930,SC,617,0.5905100189964316,54.13290113452188,5.4248,-30.233373621713316
1098,210530,MA,1043,0.5903129966064626,49.37679769894535,4.684835164835165,-30.352311270125227
1099,270840,AL,173,0.5902626620510527,52.601156069364166,4.0556,-30.303492822966508
1100,260550,PE,42,0.5902293172157268,42.857142857142854,4.205,-29.667272727272728
1101,330080,RJ,191,0.589882131706082,54.45026178010471,4.849545454545455,-30.02117073170732
1102,431405,RS,259,0.5897981983081579,45.559845559845556,5.317619047619048,-28.86291072371896
1103,150630,PA,85,0.5895350614773117,47.05882352941176,4.159473684210527,-29.093348017621143
1104,354530,SP,97,0.5894614650354348,43.29896907216495,5.271176470588236,-26.89333333333333
1105,351870,SP,609,0.589290428866123,49.42528735632184,5.01125,-30.47
1106,250010,PB,48,0.5892388800082581,54.166666666666664,4.387499999999999,-30.098082901554402
1107,130410,AM,99,0.589223365343639,56.56565656565656,4.04,-30.08552380952381
1108,280720,SE,29,0.5890495781170413,34.48275862068966,4.322,-30.509615384615383
1109,110180,RO,40,0.5888876922217887,55.00000000000001,4.8075,-30.278026315789475
1110,150480,PA,281,0.5886674871238508,53.380782918149464,4.149799999999999,-29.635910931174088
1111,130130,AM,128,0.5886050377884317,53.125,4.243076923076923,-29.38871794871795
1112,291420,BA,20,0.5884138695044643,40.0,4.508,-32.505714285714284
1113,270020,AL,57,0.5884047432842897,47.368421052631575,3.9954545454545456,-30.804604810996565
1114,210720,MA,55,0.5879282333372362,74.54545454545455,3.9718181818181812,-30.0696062992126
1115,150543,PA,180,0.5874863105030899,47.22222222222222,4.535000000000001,-29.081296076099882
1116,251140,PB,75,0.5872733412347519,34.66666666666667,4.483333333333333,-32.20882352941177
1117,211200,MA,51,0.5872550676543483,64.70588235294117,4.458,-29.840650406504064
1118,220730,PI,22,0.5870579644018759,45.45454545454545,4.283333333333333,-31.73830508474576
1119,290500,BA,102,0.586872127176996,47.05882352941176,4.731428571428572,-29.872527964205815
1120,150640,PA,41,0.5868086748268764,51.21951219512195,3.915,-28.892146341463416
1121,432170,RS,93,0.5867982254714532,48.38709677419355,5.377777777777778,-30.73119373776908
1122,431033,RS,114,0.5866789538100446,48.24561403508772,5.4262500000000005,
1123,312500,MG,20,0.5866020175675153,60.0,4.783333333333333,-29.333716814159295
1124,240485,RN,24,0.5865431189414406,37.5,4.526,-31.08722627737226
1125,150200,PA,81,0.5865226535298014,48.148148148148145,4.022142857142858,-24.696258503401367
1126,210355,MA,69,0.5859458287185794,47.82608695652174,4.071538461538461,-30.982292817679557
1127,292060,BA,71,0.5856455846928337,40.845070422535215,4.108571428571427,-29.539100257069407
1128,431420,RS,22,0.5855941160030972,54.54545454545454,5.1000000000000005,-27.355000000000004
1129,290810,BA,73,0.5854455359752847,46.57534246575342,4.4,-29.74634961439589
1130,430460,RS,1117,0.5851158666393789,48.97045658012534,5.363974358974361,-29.514524200913243
1131,420710,SC,94,0.5849156593333291,45.744680851063826,5.416666666666667,
1132,210632,MA,125,0.5847806745295181,46.400000000000006,4.1831249999999995,-29.91533742331288
1133,170950,TO,287,0.5846152251682156,51.56794425087108,5.008387096774195,-30.313962264150945
1134,313400,MG,54,0.5845748002261296,66.66666666666666,4.295714285714285,-31.984486215538848
1135,330370,RJ,127,0.5845289399864237,54.330708661417326,5.020000000000001,-29.049300998573464
1136,292275,BA,24,0.5845237378287645,50.0,4.163333333333333,-30.384347826086955
1137,510250,MT,441,0.5843241400169452,49.2063492063492,4.839999999999997,-30.68921100917431
1138,310940,MG,109,0.5842289027949585,40.36697247706422,4.572307692307693,-30.040844036697244
1139,291760,BA,224,0.5840402324014246,52.67857142857143,4.247000000000001,-30.14951818181818
1140,351640,SP,333,0.5840366231077624,51.95195195195195,5.220555555555555,-25.403333333333336
1141,210005,MA,525,0.5839656765518587,53.714285714285715,4.549019607843137,-29.468107896794372
1142,421620,SC,208,0.5838448073174445,49.519230769230774,5.475238095238095,
1143,220620,PI,142,0.5837994043251622,48.59154929577465,4.017826086956521,-30.951958041958044
1144,351880,SP,2646,0.5836382336338234,51.47392290249433,5.216889763779529,-26.49666666666667
1145,431120,RS,56,0.5836351208612263,55.35714285714286,5.183333333333333,
1146,521800,GO,146,0.5835726375143125,48.63013698630137,4.934666666666666,-29.13232142857143
1147,150565,PA,80,0.5834768795671066,56.25,4.369000000000001,
1148,291340,BA,56,0.583405335868778,48.214285714285715,4.493,-28.974166666666665
1149,260260,PE,157,0.5833206778441864,47.77070063694268,4.515555555555555,-29.183063932448736
1150,210840,MA,30,0.5832390466460813,50.0,4.108333333333333,-29.985714285714284
1151,260330,PE,31,0.5830761400619577,54.83870967741935,4.375,-30.846083333333333
1152,290430,BA,58,0.5825859805280822,53.44827586206896,4.424285714285714,-29.435236486486488
1153,250430,PB,80,0.5824387342757884,51.24999999999999,4.462222222222222,-29.527876712328766
1154,240430,RN,37,0.582364106091837,51.35135135135135,4.468,-29.609681647940075
1155,150506,PA,268,0.5821206937972195,57.46268656716418,4.3765714285714274,-28.080404585300066
1156,420540,SC,1148,0.5819778327861472,52.264808362369344,5.353378378378378,
1157,352840,SP,92,0.5817757074462637,58.69565217391305,5.360454545454546,
1158,251160,PB,38,0.5815232310792355,44.73684210526316,4.185714285714286,-29.598100000000002
1159,412100,PR,67,0.5814831489183803,44.776119402985074,5.06,-32.35596091205212
1160,150295,PA,123,0.581369004659269,51.21951219512195,4.390624999999999,-28.26304273504273
1161,150110,PA,112,0.5812541067716458,42.857142857142854,3.5081250000000006,-29.791615384615383
1162,250200,PB,24,0.5811391133544368,41.66666666666667,4.398333333333333,-30.98362831858407
1163,432135,RS,20,0.5810260337578841,55.00000000000001,5.1,-33.8611003236246
1164,510704,MT,442,0.5807007396560259,54.07239819004525,5.291111111111111,-33.63428571428572
1165,210090,MA,119,0.5805200916502228,47.05882352941176,4.005172413793103,-29.429222797927462
1166,250610,PB,20,0.5804403737971103,55.00000000000001,4.168,-28.50290322580645
1167,330140,RJ,86,0.5802793896774342,51.162790697674424,4.794,-27.28357512953368
1168,160021,AP,43,0.5797716084968639,58.139534883720934,4.221666666666667,-30.019885714285714
1169,510860,MT,120,0.5797009204205652,49.166666666666664,4.975714285714286,-28.401284403669724
1170,240070,RN,52,0.5790636828290703,55.769230769230774,4.7725,-29.77364516129032
1171,240270,RN,32,0.5789766842652602,46.875,4.633333333333333,-29.67178010471204
1172,510523,MT,22,0.5789671050344061,40.909090909090914,4.823333333333333,-32.75758807588076
1173,260105,PE,78,0.5789252109420877,44.871794871794876,4.4125,-30.57643628509719
1174,410520,PR,74,0.5788896170499379,56.75675675675676,4.821666666666667,-27.79548571428571
1175,130395,AM,53,0.5788167295502199,49.056603773584904,4.0225,-29.661971326164874
1176,260880,PE,205,0.5786316558891548,51.21951219512195,4.478235294117647,-27.84958426966292
1177,354070,SP,66,0.5785571631796679,39.39393939393939,5.320833333333333,-29.92
1178,313470,MG,47,0.5783336753595985,57.446808510638306,4.338,-30.09433884297521
1179,291720,BA,85,0.5782405718415153,45.88235294117647,4.5218181818181815,-28.881336633663366
1180,421130,SC,428,0.5780592459138565,53.0373831775701,5.309565217391304,
1181,290100,BA,103,0.5779862005425206,59.22330097087378,4.313076923076923,-28.964109589041097
1182,241150,RN,45,0.5779088673308566,51.11111111111111,4.45375,-29.66567901234568
1183,500755,MS,52,0.5777848892354606,48.07692307692308,5.033333333333333,-30.084664031620555
1184,315733,MG,30,0.5777788791910529,63.33333333333333,5.015,-27.134166666666665
1185,312125,MG,39,0.57771784314856,58.97435897435898,5.036666666666667,-30.617737556561085
1186,430163,RS,68,0.577678746180389,54.41176470588235,5.293333333333334,-28.79005952380952
1187,431270,RS,47,0.5776051184724967,51.06382978723404,5.24,-30.91908396946565
1188,431730,RS,120,0.5774063213798121,47.5,5.09875,-30.04754355400697
1189,431850,RS,93,0.5773727867802374,61.29032258064516,5.167272727272727,-27.281641221374045
1190,150510,PA,199,0.5773429404520619,56.28140703517588,3.9792682926829275,-28.088020022246944
1191,251620,PB,230,0.5771844769360799,55.65217391304348,4.399666666666667,-31.65719928186715
1192,520025,GO,1124,0.5768350307058864,50.71174377224199,4.891754385964912,-28.612525050100203
1193,150420,PA,1227,0.5767971246723165,50.8557457212714,4.522905982905984,-28.91807860262009
1194,220390,PI,206,0.5766321989184092,53.398058252427184,4.425312499999999,-28.75388101983003
1195,510340,MT,2390,0.5763650414411187,51.04602510460251,5.085486725663716,-27.319346900661888
1196,210050,MA,53,0.5761619414791034,49.056603773584904,4.385000000000001,-29.708051948051946
1197,171820,TO,280,0.576147553086419,48.92857142857142,4.799714285714287,-29.305242914979758
1198,421190,SC,790,0.5760890491559089,49.87341772151899,5.439736842105265,
1199,430160,RS,353,0.5760691623012145,46.742209631728045,5.1306382978723395,-29.473897379912664
1200,170510,TO,20,0.5759131317705203,50.0,4.5649999999999995,-29.198354430379748
1201,150300,PA,56,0.5758765250826903,53.57142857142857,4.057272727272727,-28.52876923076923
1202,500690,MS,86,0.575831254475673,54.65116279069767,4.656666666666666,-29.20327710843374
1203,420845,SC,121,0.5757406787262898,52.066115702479344,5.405555555555556,
1204,315710,MG,22,0.5756718180168895,63.63636363636363,4.6033333333333335,-28.444520547945206
1205,150710,PA,68,0.5754576162247318,50.0,3.917272727272727,-28.192454873646216
1206,250680,PB,66,0.5754200965663872,54.54545454545454,4.22125,-24.6514605418139
1207,291077,BA,25,0.5753736475307267,68.0,4.438,-29.333283582089553
1208,251400,PB,23,0.5751792456473589,39.130434782608695,4.616,-35.03746987951807
1209,170720,TO,23,0.5750035939778989,47.82608695652174,4.575,-29.17302521008403
1210,150125,PA,21,0.5746196071527665,61.904761904761905,4.425000000000001,
1211,430310,RS,501,0.5743580166993344,49.9001996007984,5.3753125,-28.98860561056106
1212,500430,MS,94,0.574256369492709,50.0,5.002000000000001,-30.07702222222222
1213,120010,AC,67,0.5742319491195961,46.26865671641791,4.6054545454545455,
1214,431340,RS,858,0.5742309745271493,51.86480186480187,5.358461538461539,-25.668408477842007
1215,431820,RS,91,0.5739495362455902,58.24175824175825,5.283636363636364,-28.40101872659176
1216,250450,PB,21,0.5739061169558559,47.61904761904761,4.324999999999999,-28.864077669902912
1217,150553,PA,1221,0.5738693459812252,54.054054054054056,4.710181818181816,-27.97174064837905
1218,330190,RJ,987,0.5736914362441922,51.77304964539007,4.880799999999999,-29.1120699940346
1219,422000,SC,87,0.5734089706792426,51.724137931034484,5.3325,-28.826666666666664
1220,260320,PE,159,0.5731815772055407,54.71698113207547,4.349333333333334,-28.578
1221,430190,RS,28,0.5730782746447968,39.285714285714285,5.280000000000001,-31.55107382550335
1222,130040,AM,99,0.5728200141906683,50.505050505050505,4.03090909090909,-23.653637681159417
1223,280410,SE,50,0.5727452531756347,50.0,4.5360000000000005,-29.61567567567568
1224,350660,SP,65,0.5723558643011357,41.53846153846154,5.106999999999999,-27.810000000000002
1225,292593,BA,28,0.5723335361974405,64.28571428571429,4.512499999999999,-27.46617021276596
1226,350560,SP,84,0.5722500464021123,53.57142857142857,5.24,-28.57
1227,290480,BA,25,0.5721525291796634,44.0,4.553333333333334,-30.85858407079646
1228,421440,SC,26,0.5721140043373748,42.30769230769231,5.403333333333333,
1229,430130,RS,51,0.572062131696176,45.09803921568628,5.034,
1230,355720,SP,21,0.5720165305543646,61.904761904761905,5.1525,-28.42
1231,354100,SP,766,0.5719876158684408,50.0,5.245081967213115,-28.75
1232,510460,MT,103,0.5719075676900034,57.28155339805825,5.121666666666667,-30.167027027027025
1233,330330,RJ,944,0.5716258021476645,53.07203389830508,4.928901098901098,-28.433120066472785
1234,261080,PE,82,0.5716006356473385,54.87804878048781,4.200000000000001,-28.831454545454548
1235,510757,MT,20,0.5715762467086458,65.0,4.89,-27.094207119741096
1236,250750,PB,2173,0.5713047719804472,51.58766682006443,4.740534759358291,-27.33758032128514
1237,150190,PA,93,0.5712315913481605,48.38709677419355,3.883599999999999,-28.491932584269662
1238,291280,BA,41,0.5711597430998835,56.09756097560976,4.581666666666667,-32.55782101167315
1239,210460,MA,54,0.570755899028173,51.85185185185185,4.47,-29.16942857142857
1240,510719,MT,20,0.570369858896703,45.0,5.385,-29.447529411764705
1241,314630,MG,76,0.569861552949177,60.526315789473685,4.441818181818181,-28.13904513888889
1242,251630,PB,46,0.5693670627446586,56.52173913043478,4.566666666666666,-31.25278195488722
1243,510562,MT,113,0.5691892284423576,61.06194690265486,4.9255555555555555,-34.819820958399156
1244,220350,PI,31,0.5691080790181282,58.06451612903226,4.235714285714286,-29.37736842105263
1245,430300,RS,226,0.569099688847436,48.23008849557522,5.231764705882353,-29.105388601036267
1246,352500,SP,172,0.5688993450406994,47.093023255813954,5.200769230769231,-28.61
1247,251430,PB,27,0.5685794824968536,40.74074074074074,4.34,-29.6725
1248,261040,PE,67,0.5684550919344491,56.71641791044776,4.204285714285715,-26.42561643835617
1249,431710,RS,305,0.5681315255299638,55.40983606557377,5.1000000000000005,-28.563158500115023
1250,270640,AL,117,0.5679851294953129,49.572649572649574,4.083636363636364,-28.363191126279865
1251,293000,BA,28,0.5679081919935502,46.42857142857143,4.574285714285715,-27.748896551724137
1252,150442,PA,621,0.5678109706332112,51.690821256038646,4.501521739130435,-26.779237713139416
1253,313670,MG,1392,0.5676969619798251,52.72988505747126,5.077586206896555,-26.523948168524683
1254,352440,SP,393,0.567576117375255,49.36386768447837,5.31542372881356,-28.520000000000003
1255,521100,GO,33,0.5675333502634642,45.45454545454545,4.93,-26.215000000000003
1256,352290,SP,33,0.5674824286758804,51.515151515151516,5.285,-26.96
1257,430920,RS,1022,0.5669325543225774,55.18590998043052,5.393529411764708,-28.759205071442945
1258,312015,MG,22,0.5668647262080353,59.09090909090909,4.4,-29.302352941176473
1259,261150,PE,78,0.5666669029365105,51.28205128205128,4.312857142857142,-26.786281755196306
1260,432345,RS,21,0.5665058440190561,57.14285714285714,5.234999999999999,-27.90650406504065
1261,241350,RN,23,0.5660910971865498,39.130434782608695,4.300000000000001,-27.725172413793107
1262,420320,SC,269,0.5660465424431068,50.92936802973978,5.370526315789474,
1263,421830,SC,99,0.5659889154896156,50.505050505050505,5.225714285714285,-25.715255376344086
1264,420130,SC,244,0.5657453973065912,47.540983606557376,5.365454545454545,
1265,130370,AM,228,0.5655372395682513,56.14035087719298,3.789444444444444,-20.46153392330384
1266,411180,PR,151,0.5655074030123862,54.3046357615894,5.20625,-28.294589502018844
1267,120025,AC,50,0.565213882721065,50.0,4.71,
1268,240770,RN,48,0.564850933392607,56.25,4.257142857142857,-28.37829268292683
1269,220070,PI,48,0.5645115772641955,54.166666666666664,4.231428571428571,-27.930251046025106
1270,260780,PE,39,0.5644611393089732,53.84615384615385,4.21,-28.55517857142857
1271,160005,AP,23,0.5643304021584967,34.78260869565217,4.636666666666667,-30.038888888888888
1272,411325,PR,43,0.5643011512813425,46.51162790697674,4.346666666666667,
1273,210955,MA,32,0.5642584447441638,65.625,4.473333333333333,-27.365594405594404
1274,353980,SP,223,0.5641848722239535,51.569506726457405,5.3342857142857145,-28.28
1275,171884,TO,21,0.5641813001229112,52.38095238095239,4.93,-30.170588235294115
1276,420207,SC,71,0.5640796562230627,52.112676056338024,5.375,
1277,351160,SP,53,0.5639949305736192,52.83018867924528,5.206666666666666,-28.68
1278,211245,MA,93,0.5636963580787934,49.46236559139785,4.152857142857142,-26.81868
1279,292240,BA,55,0.5634636293647295,50.90909090909091,4.548571428571429,-26.568157894736842
1280,410310,PR,79,0.5634399470144235,50.63291139240506,4.984999999999999,-26.581454545454545
1281,421080,SC,32,0.5631932491760773,43.75,5.61,-28.51491124260355
1282,355250,SP,724,0.5629155793089007,53.86740331491713,5.279393939393938,-27.663333333333334
1283,292465,BA,25,0.5626828281839481,32.0,4.5175,-28.31738095238095
1284,510630,MT,141,0.5625977135053654,52.4822695035461,5.05,-29.435123456790123
1285,260670,PE,20,0.5624938657885801,45.0,4.4225,-29.410924369747896
1286,210990,MA,329,0.5624511762996659,48.632218844984806,4.454102564102564,-21.395833333333332
1287,420370,SC,45,0.5624507527684283,48.888888888888886,5.424285714285714,-27.589025157232705
1288,120020,AC,230,0.5623383463104417,51.30434782608696,4.488305084745762,
1289,261485,PE,100,0.5623327884053536,49.0,4.434444444444444,-28.27189655172414
1290,150680,PA,1695,0.5621101209641289,54.395280235988196,4.26266666666667,-26.838839050131927
1291,431350,RS,196,0.5619447541497419,53.06122448979592,5.568333333333334,-27.90944501895898
1292,293100,BA,59,0.5618115340173518,55.932203389830505,4.487692307692307,-25.505791505791507
1293,130002,AM,100,0.5616046907120671,55.00000000000001,3.9033333333333338,-24.036285714285714
1294,355180,SP,32,0.5613665491910199,68.75,4.843333333333334,-27.9
1295,150140,PA,3651,0.5612775208340756,54.75212270610792,4.5008934707903805,-27.608251175656985
1296,311530,MG,165,0.561271035096278,52.121212121212125,4.968095238095238,-29.214729783037473
1297,130070,AM,141,0.5611177235420802,56.73758865248227,4.446315789473685,-27.51067330488383
1298,330600,RJ,262,0.5610276446178636,52.67175572519084,4.952187500000001,-27.48048888888889
1299,350920,SP,218,0.5610167390892318,52.752293577981646,5.253913043478261,-26.83
1300,211130,MA,2556,0.5609759675996403,52.54303599374022,4.58125,-21.82704590818363
1301,250850,PB,26,0.5608948326412263,46.15384615384615,4.3625,-30.633448275862065
1302,250280,PB,44,0.5606056347658114,59.09090909090909,4.3742857142857146,-27.250128755364805
1303,260760,PE,81,0.5603804249012397,38.2716049382716,4.511818181818183,-28.10876213592233
1304,250415,PB,34,0.5602229514082123,50.0,4.265999999999999,-26.40435582822086
1305,261070,PE,773,0.560159163191407,54.463130659767145,4.630266666666668,-29.90840415486308
1306,250240,PB,35,0.5599618906187992,48.57142857142857,4.29,-28.723875
1307,510385,MT,45,0.5599021448125924,55.55555555555556,5.083333333333333,-27.827843137254902
1308,510795,MT,486,0.5598785817337338,53.90946502057613,5.120384615384616,-26.207232704402514
1309,500280,MS,44,0.5597258758077153,63.63636363636363,5.016666666666667,-27.435
1310,355410,SP,425,0.5596941539673805,54.58823529411765,5.393918918918919,-26.119999999999997
1311,330020,RJ,509,0.5595007931003932,54.223968565815326,4.838478260869567,-26.616455266138164
1312,355060,SP,143,0.5588992522605909,47.55244755244755,5.31,-28.490000000000002
1313,250670,PB,34,0.5582666813628281,47.05882352941176,4.243,-28.193505154639176
1314,510330,MT,109,0.5582172938585269,59.63302752293578,4.922499999999999,-27.087676348547717
1315,351970,SP,181,0.5579729255965711,49.72375690607735,5.1308888888888875,-26.939999999999998
1316,290230,BA,35,0.5576376800357394,45.714285714285715,4.282857142857143,-26.50462427745665
1317,150808,PA,192,0.5576152610337682,51.041666666666664,4.701538461538461,-26.13452111225541
1318,430290,RS,34,0.5576088279281368,41.17647058823529,5.1000000000000005,-25.888693957115013
1319,120060,AC,137,0.5575455141449875,50.36496350364964,4.204444444444444,
1320,210750,MA,608,0.5575009946902315,52.960526315789465,4.543548387096775,-26.912240558552842
1321,210125,MA,72,0.5574314455317776,50.0,4.243499999999998,-27.34182795698925
1322,270860,AL,223,0.5572601171241016,52.46636771300448,4.506666666666667,-26.393756613756615
1323,353700,SP,30,0.5572191336299455,50.0,5.41375,-28.33
1324,420210,SC,188,0.5569838511826276,54.25531914893617,5.460999999999999,
1325,510840,MT,1575,0.5569810406165955,53.9047619047619,5.00108108108108,-30.994444153234614
1326,350900,SP,215,0.5569491545088397,54.418604651162795,5.328888888888888,-28.543333333333337
1327,260430,PE,38,0.556857683533435,50.0,4.261666666666667,-26.84305418719212
1328,432160,RS,277,0.5567302869654431,50.18050541516246,5.338125,-23.943124999999995
1329,350450,SP,176,0.5566429660971685,48.29545454545455,5.3109677419354835,-27.53
1330,211230,MA,131,0.5565945103625674,54.961832061068705,4.281851851851852,-27.524545454545454
1331,120070,AC,44,0.5565088357552402,54.54545454545454,4.484,
1332,240320,RN,20,0.5563969586386514,70.0,4.59,-26.47029126213592
1333,293345,BA,65,0.5562921157775075,56.92307692307692,4.486666666666666,-25.397067137809188
1334,250320,PB,227,0.5562847850322367,51.541850220264315,4.7363333333333335,-25.77653834676216
1335,431690,RS,730,0.5560552340636224,53.56164383561644,5.366428571428571,-26.547149014213666
1336,130190,AM,462,0.5560486790643178,55.41125541125541,4.272075471698114,-21.52236889442369
1337,311545,MG,39,0.555975015798364,48.717948717948715,4.5,-22.771966205837177
1338,130260,AM,9333,0.5559245409744149,53.86263795135541,4.853927893738139,-25.378086223240942
1339,355650,SP,223,0.5558992517146996,50.672645739910315,5.336521739130435,-26.759999999999998
1340,421825,SC,33,0.5558904168224708,48.484848484848484,5.045999999999999,
1341,355690,SP,25,0.5558155173196936,68.0,5.0600000000000005,-27.14
1342,130008,AM,33,0.555773756930452,60.60606060606061,4.159166666666667,-22.383614457831328
1343,430770,RS,269,0.5556375244472335,50.18587360594795,5.332,-33.42887610831536
1344,430660,RS,108,0.5554755287503634,51.85185185185185,5.146315789473683,-25.758517110266155
1345,250990,PB,39,0.5551782442161926,53.84615384615385,4.123333333333333,-26.880264900662254
1346,431830,RS,231,0.5549844283905463,48.917748917748916,5.226923076923077,-27.237397101449275
1347,351630,SP,429,0.5549281983703638,50.116550116550115,5.093783783783784,-25.099999999999994
1348,350760,SP,279,0.5547226601073237,51.61290322580645,5.41425925925926,-26.64
1349,431920,RS,20,0.5546693144736481,35.0,4.9025,-29.88241758241758
1350,221100,PI,2910,0.5545439153142242,53.02405498281787,4.532272727272728,-24.657077657632357
1351,130400,AM,47,0.5542914367221909,46.808510638297875,4.212,
1352,260845,PE,57,0.5542274249878999,52.63157894736842,4.315,-25.66763157894737
1353,291685,BA,76,0.5540803510042885,46.05263157894737,4.306666666666667,-27.26739583333333
1354,211085,MA,52,0.553670652649975,57.692307692307686,4.503333333333333,-26.99547368421053
1355,314320,MG,75,0.5535440266574596,50.66666666666667,5.048,-28.185542857142856
1356,210350,MA,149,0.5534331795652223,48.322147651006716,4.225416666666666,-25.343243243243244
1357,310825,MG,24,0.5534234527368014,54.166666666666664,4.26375,-26.715441176470588
1358,110034,RO,63,0.5531918937389592,57.14285714285714,4.948333333333333,-28.06885844748859
1359,350780,SP,34,0.5531735285866766,52.94117647058824,5.485,-25.729999999999997
1360,352320,SP,111,0.553094130546279,51.35135135135135,5.184500000000001,-26.83
1361,260290,PE,917,0.55296829629501,50.81788440567067,4.533124999999999,-26.95652256985909
1362,170820,TO,67,0.5528417389079113,58.2089552238806,4.694999999999999,-26.554904458598728
1363,292670,BA,45,0.5528187513489843,53.333333333333336,4.77375,-26.91
1364,240370,RN,20,0.5526679283631275,30.0,4.46,-27.00868131868132
1365,420940,SC,123,0.5525881427076607,56.91056910569105,5.46,-30.94785150078989
1366,431860,RS,28,0.5524702683002679,57.14285714285714,5.526666666666666,-26.276120218579237
1367,431450,RS,28,0.5524256108156225,46.42857142857143,5.207999999999999,-25.481666666666666
1368,261000,PE,157,0.5524015318460479,48.40764331210191,4.358846153846154,-26.38294117647059
1369,221000,PI,118,0.5522571540727566,55.08474576271186,4.086666666666667,-26.24874551971326
1370,352020,SP,30,0.5522352229955739,50.0,5.306,-29.39
1371,355400,SP,208,0.5520854068899155,56.25,5.311,-26.08
1372,211190,MA,45,0.5520014111334953,51.11111111111111,4.125555555555556,-25.413682008368202
1373,250390,PB,37,0.5516842887157711,59.45945945945946,4.386666666666667,-29.817142857142855
1374,354850,SP,424,0.5514261105567607,52.12264150943396,5.143870967741936,-26.549999999999997
1375,421545,SC,49,0.5512287212298403,51.02040816326531,5.4775,-24.616403508771924
1376,220200,PI,126,0.5511827236874712,47.61904761904761,4.130666666666666,-27.986643356643356
1377,251270,PB,59,0.5510316354940508,59.32203389830508,4.384545454545455,-25.559166666666666
1378,220220,PI,169,0.5509160712013476,63.905325443786985,4.2659259259259255,-26.622222222222224
1379,350250,SP,63,0.5508727188500957,52.38095238095239,5.196470588235295,-26.25
1380,170550,TO,161,0.5506764162690247,59.006211180124225,4.737058823529412,-26.617209821428574
1381,270400,AL,117,0.5505103647008178,54.700854700854705,4.392352941176469,-25.03530054644809
1382,261250,PE,413,0.5504149156694227,58.83777239709443,4.488846153846154,-25.658776978417265
1383,431240,RS,222,0.5503778046191397,57.65765765765766,5.425714285714286,-26.46393442622951
1384,500770,MS,62,0.5503147209432606,56.451612903225815,5.1275,-26.346571428571426
1385,220580,PI,69,0.5499956670390368,55.072463768115945,4.141764705882352,-26.51170666666667
1386,510350,MT,124,0.5498142259351064,55.64516129032258,5.0525,-29.054038461538465
1387,260190,PE,174,0.5495087684372625,54.59770114942529,4.467,-26.07181506849315
1388,261240,PE,78,0.5494363682015823,47.43589743589743,4.220909090909092,-26.516619318181824
1389,350275,SP,54,0.5490242082667062,48.148148148148145,5.043,-25.96
1390,353010,SP,34,0.5489043365290387,44.11764705882353,5.191666666666666,-25.869999999999997
1391,251090,PB,40,0.5488716269543124,45.0,4.431666666666667,-26.6710989010989
1392,220800,PI,214,0.5488559284701465,51.86915887850467,4.465333333333333,-26.078401486988845
1393,355480,SP,59,0.5487940440246089,55.932203389830505,5.302666666666667,-25.270000000000003
1394,432000,RS,566,0.5486673115496032,49.11660777385159,5.364000000000001,-25.99133188563156
1395,250150,PB,47,0.5486490348796694,46.808510638297875,4.481538461538461,-26.684426877470358
1396,350115,SP,33,0.5486171123309773,48.484848484848484,5.319999999999999,-26.32
1397,330025,RJ,147,0.548457923515496,57.82312925170068,4.942,-25.51823529411765
1398,430270,RS,98,0.5484306555178408,56.12244897959183,5.232500000000001,-25.041871921182263
1399,352010,SP,45,0.548389276994015,57.77777777777777,5.14875,-24.4
1400,316110,MG,257,0.548340241269885,53.69649805447471,4.391304347826087,-26.701961382113822
1401,270235,AL,108,0.5482262534192485,62.03703703703704,4.347333333333334,-25.470848126232738
1402,355170,SP,261,0.548215251694169,57.08812260536399,5.3603571428571435,-25.840000000000003
1403,500295,MS,185,0.548087014721246,48.10810810810811,5.255714285714285,-27.13386990077177
1404,315280,MG,130,0.5480445808812038,50.76923076923077,5.076666666666666,-26.98563134978229
1405,521523,GO,434,0.5480131664211669,56.91244239631337,4.884375000000001,-25.275075646656905
1406,210927,MA,105,0.5479411427084752,51.42857142857142,4.0475,-27.526829268292683
1407,220640,PI,56,0.5478400679716229,53.57142857142857,4.380000000000001,-29.391875000000002
1408,355700,SP,228,0.547632164169554,53.50877192982456,5.367297297297298,-25.310000000000002
1409,210440,MA,35,0.5476210974805618,60.0,4.340000000000001,-24.505577889447242
1410,354870,SP,1299,0.5475965533390597,54.4264819091609,5.419513888888892,-25.840000000000003
1411,210210,MA,126,0.5475204353965295,57.14285714285714,4.0819230769230765,-25.949398230088494
1412,510269,MT,33,0.5474730498290665,42.42424242424242,4.876666666666667,-24.226339869281045
1413,330500,RJ,208,0.5474383821337313,59.13461538461539,4.8896428571428565,-24.832750225428317
1414,351740,SP,50,0.5474095187479634,52.0,5.242857142857143,-26.509999999999998
1415,350710,SP,60,0.5473745590532704,55.00000000000001,5.27125,-26.08
1416,330110,RJ,74,0.5471546703225157,56.75675675675676,4.935384615384614,-25.905313351498638
1417,240240,RN,39,0.5470649583844779,46.15384615384615,4.81,-29.037183098591555
1418,261350,PE,188,0.5470313486903484,54.25531914893617,4.40421052631579,-27.024484304932734
1419,431100,RS,90,0.54697425482102,58.88888888888889,5.149333333333334,-22.53927107061503
1420,250260,PB,29,0.546925579363366,51.724137931034484,4.3933333333333335,-29.87706896551724
1421,500730,MS,29,0.5466848547779971,44.827586206896555,5.085,-26.93
1422,432110,RS,66,0.546664143874984,63.63636363636363,5.261666666666667,-24.52076923076923
1423,313505,MG,182,0.5462624996707063,55.494505494505496,4.428235294117647,-26.99122347066167
1424,130170,AM,275,0.5461260646844563,59.63636363636363,4.168823529411765,-24.1606103286385
1425,250820,PB,25,0.5460458685428579,56.00000000000001,4.296666666666667,-26.218524590163938
1426,350400,SP,164,0.545977476227122,48.170731707317074,5.420624999999998,-25.15
1427,315057,MG,43,0.5457652064673689,48.837209302325576,4.38,-26.819047619047627
1428,110033,RO,175,0.5449548615193883,55.42857142857143,4.692727272727273,-26.0648730964467
1429,411950,PR,505,0.5449525855334455,56.237623762376245,5.253225806451613,-25.81274959742351
1430,432120,RS,196,0.5448590772440871,52.04081632653062,5.287599999999999,-27.627270896273917
1431,420970,SC,63,0.5447934986050783,50.79365079365079,5.158571428571428,-23.431964285714287
1432,500795,MS,62,0.5444963033465161,48.38709677419355,4.6775,-25.87153225806452
1433,431365,RS,52,0.5444249199448783,65.38461538461539,5.36,-24.62462772050401
1434,260915,PE,55,0.5442709967534209,56.36363636363636,3.8957142857142855,-25.027355371900825
1435,351340,SP,88,0.5442575468399957,56.81818181818182,5.153333333333332,-24.009999999999998
1436,211110,MA,133,0.5442537700084453,54.13533834586466,4.421666666666666,-25.659787985865727
1437,510790,MT,1007,0.5442415049467406,55.610724925521346,5.149428571428572,-28.188600566572237
1438,150157,PA,68,0.5440543968593023,55.88235294117647,4.338333333333334,-25.242155688622756
1439,291600,BA,42,0.5440290541992991,57.14285714285714,4.651111111111112,
1440,431750,RS,255,0.5439792616259062,52.156862745098046,5.223333333333334,-26.74200913242009
1441,500060,MS,195,0.5439108346602144,52.307692307692314,4.9484615384615385,-27.24253672869736
1442,354390,SP,333,0.5439103045533382,52.25225225225225,5.346875000000002,-24.089999999999996
1443,420880,SC,121,0.543888877251,52.892561983471076,5.512857142857143,-24.06042763157895
1444,421605,SC,26,0.5435432252769701,53.84615384615385,5.385,
1445,431550,RS,43,0.5434968983591988,60.46511627906976,5.37,-25.314564676616918
1446,352610,SP,45,0.5434582893092874,46.666666666666664,4.920999999999999,-24.82
1447,312730,MG,27,0.5432534810314832,33.33333333333333,5.0649999999999995,-25.335
1448,522045,GO,753,0.5429279789307807,56.440903054448874,5.021212121212121,-25.49499206768905
1449,330070,RJ,833,0.5428080418957761,57.62304921968787,4.8859375,-25.170507556959173
1450,330560,RJ,107,0.5426422603515564,62.616822429906534,4.857777777777778,-23.66278810408922
1451,220250,PI,42,0.5425894427953495,50.0,3.9924999999999997,-25.199865470852018
1452,210675,MA,111,0.5425410774965839,46.846846846846844,4.081538461538462,-27.1
1453,350380,SP,97,0.5424924109173359,56.70103092783505,5.3133333333333335,-25.590000000000003
1454,352250,SP,678,0.5423060658485239,53.687315634218294,5.166140350877193,-24.54
1455,351220,SP,80,0.5422075047770492,57.49999999999999,5.234545454545454,-24.46
1456,251540,PB,44,0.5421676834769698,54.54545454545454,4.369999999999999,-24.841865284974094
1457,260825,PE,58,0.5420978397188077,44.827586206896555,4.246,-23.605472779369627
1458,410600,PR,36,0.541694244545367,50.0,5.1325,-26.825439560439563
1459,311940,MG,277,0.5416015114031,56.317689530685925,5.123333333333331,-25.04747967479675
1460,353930,SP,91,0.5415995539729843,52.74725274725275,5.395,-23.6
1461,220240,PI,41,0.5414548629085503,60.97560975609756,4.010000000000001,-26.131625
1462,355380,SP,39,0.5414073166365104,69.23076923076923,5.150909090909091,-23.33
1463,350290,SP,84,0.5412714530359467,63.095238095238095,5.381333333333332,-23.840000000000003
1464,170310,TO,28,0.5412469410875104,57.14285714285714,4.912000000000001,-25.790317460317457
1465,352350,SP,43,0.5411433311144986,58.139534883720934,5.26,-25.82
1466,210740,MA,65,0.5410731566792893,52.307692307692314,4.318666666666667,-23.657010309278352
1467,352530,SP,203,0.5409791115430737,58.620689655172406,5.390606060606061,-25.11
1468,120040,AC,883,0.5407389436564614,53.907134767836915,4.768936170212765,
1469,171050,TO,22,0.5406663639578029,40.909090909090914,4.6,-28.0584
1470,260110,PE,390,0.5401748285643777,53.84615384615385,4.204146341463415,-25.367211970074813
1471,351907,SP,470,0.5401301277305957,55.53191489361702,5.394909090909093,-24.950000000000003
1472,210260,MA,93,0.5400736825080084,50.53763440860215,4.047857142857143,-24.352564102564102
1473,420730,SC,185,0.5400480370868848,57.83783783783784,5.476315789473684,
1474,260280,PE,196,0.5400442916745123,51.53061224489795,4.077333333333334,-26.00011650485437
1475,510480,MT,140,0.540023858977815,55.00000000000001,5.0488888888888885,-26.5697304964539
1476,521980,GO,35,0.5399311992512362,51.42857142857142,4.7925,-24.701616161616165
1477,313330,MG,79,0.5399127705611431,55.69620253164557,4.538,-20.892121212121214
1478,350610,SP,119,0.5399104718508716,57.14285714285714,5.3585714285714285,-24.25
1479,320180,ES,29,0.5399098542308515,51.724137931034484,4.806666666666667,-17.49243902439024
1480,250910,PB,83,0.5398961984413096,59.036144578313255,4.34076923076923,-26.01730870712401
1481,330430,RJ,244,0.5397930161722078,61.065573770491795,4.824642857142858,-23.37754512635379
1482,430760,RS,224,0.5396337161425698,55.80357142857143,5.504666666666668,-26.10394787644788
1483,241300,RN,22,0.5395489049641934,45.45454545454545,4.675000000000001,-26.112666666666666
1484,312707,MG,20,0.5391704287617585,40.0,4.1,
1485,350970,SP,104,0.5391604163215257,57.692307692307686,5.291666666666667,-22.880000000000003
1486,270895,AL,67,0.539159056323041,59.70149253731343,3.87125,-25.596595744680855
1487,291230,BA,38,0.5390804444555921,60.526315789473685,4.32625,-24.569158878504673
1488,130290,AM,221,0.5390377760542829,61.990950226244344,3.8873333333333333,-23.029285714285717
1489,250050,PB,56,0.5389943355456561,55.35714285714286,4.271666666666666,-24.99988372093023
1490,260370,PE,97,0.5388560504487978,55.670103092783506,4.305000000000001,-24.059566074950695
1491,292100,BA,239,0.5388526296044455,53.13807531380753,4.595714285714287,-24.53385523210071
1492,431530,RS,105,0.5388261794556778,61.904761904761905,5.136666666666666,-26.50093362509117
1493,500100,MS,159,0.5388131468159398,52.20125786163522,5.058571428571428,-25.320356703567036
1494,315240,MG,54,0.5387159797495402,55.55555555555556,4.464285714285714,-26.07309617918314
1495,411125,PR,188,0.5386680028644829,56.91489361702128,4.964166666666667,-25.53265864332604
1496,411760,PR,283,0.5386592530037002,53.71024734982333,5.034375000000001,-24.992957430918597
1497,315540,MG,46,0.5385982560877407,58.69565217391305,4.9825,-27.784999999999997
1498,421230,SC,48,0.5385490553447309,47.91666666666667,5.598,-28.08229508196721
1499,270915,AL,155,0.538467787161265,54.19354838709678,4.558421052631579,-25.11937114673243
1500,240780,RN,109,0.5384354747061129,57.798165137614674,4.363076923076923,-24.95467469879518
1501,210610,MA,51,0.5384341296123544,60.78431372549019,4.4275,-27.697011494252873
1502,510510,MT,162,0.53835164678401,50.0,5.009,-26.65340991535671
1503,432240,RS,440,0.538226210407223,54.77272727272727,5.1535,-25.701130551816956
1504,150670,PA,227,0.5380979100813814,58.590308370044056,4.5093749999999995,-23.4178125
1505,210180,MA,23,0.5379762976365207,34.78260869565217,4.3775,-27.851779141104295
1506,330412,RJ,46,0.5378226716402432,67.3913043478261,5.0120000000000005,-25.76589958158996
1507,220253,PI,31,0.5377861706483423,64.51612903225806,3.968,-26.939811320754718
1508,261620,PE,93,0.5376491303692409,62.365591397849464,4.352857142857143,-24.160443864229766
1509,310750,MG,28,0.5375402499099231,64.28571428571429,5.105,-25.596103896103894
1510,312245,MG,29,0.5371884776583156,48.275862068965516,4.605,-23.94895348837209
1511,431370,RS,133,0.5371098345160784,50.37593984962406,5.335333333333333,-26.292770961145195
1512,500635,MS,64,0.5370107948828843,54.6875,4.956666666666667,-25.64337579617834
1513,261450,PE,115,0.5370085699160771,54.78260869565217,4.509999999999999,-22.990338983050847
1514,352240,SP,188,0.5369697211119911,60.63829787234043,5.1193333333333335,-23.799999999999997
1515,350310,SP,20,0.5369402547875242,60.0,5.273333333333333,-23.39
1516,353470,SP,184,0.5363029714466759,51.08695652173913,5.332142857142858,-25.856666666666662
1517,313050,MG,43,0.5362156300326599,60.46511627906976,5.1466666666666665,-23.71894736842105
1518,150013,PA,39,0.5362122544489718,69.23076923076923,4.432499999999999,-22.62877659574468
1519,330575,RJ,160,0.5360244312877002,56.875,4.848571428571429,-25.004478764478765
1520,354270,SP,27,0.535655911515967,51.85185185185185,5.329999999999999,-24.82
1521,270780,AL,45,0.5353740898867818,51.11111111111111,4.5649999999999995,-24.66626213592233
1522,261400,PE,100,0.5353080694307801,60.0,4.136666666666667,-23.661307189542484
1523,355670,SP,116,0.5352328556776581,60.3448275862069,5.588823529411764,-23.880000000000003
1524,500090,MS,52,0.5351977830261315,55.769230769230774,5.12,-24.82301075268817
1525,354980,SP,697,0.535169992629934,56.81492109038737,5.404124999999999,-23.15
1526,241020,RN,33,0.5351317010709112,48.484848484848484,4.546,-24.45225
1527,430965,RS,27,0.5348497901253325,74.07407407407408,5.048,-26.262711864406782
1528,500510,MS,28,0.5347838007544509,64.28571428571429,5.29,-25.228170426065162
1529,430280,RS,106,0.534755564699682,59.43396226415094,5.288,-23.144707505518767
1530,510623,MT,80,0.5347480588369116,65.0,4.971428571428571,-25.978162839248434
1531,330093,RJ,66,0.5346360230434729,50.0,5.05375,-24.986122448979593
1532,350940,SP,35,0.5346213184717882,57.14285714285714,5.220000000000001,-25.009999999999998
1533,412260,PR,47,0.5344701027121832,48.93617021276596,5.2,-24.83831632653061
1534,510325,MT,168,0.5344214015664901,49.404761904761905,4.6433333333333335,-25.079734939759035
1535,351490,SP,50,0.5344058027811084,57.99999999999999,5.4425,-23.72
1536,260950,PE,92,0.5342866615143008,50.0,4.476923076923076,-24.186433260393873
1537,170255,TO,80,0.5342571599643058,67.5,4.645555555555555,-25.15910941475827
1538,420070,SC,56,0.5340133659261903,64.28571428571429,5.486666666666666,
1539,210660,MA,117,0.5338212846052487,47.008547008547005,4.028148148148149,-25.89222222222222
1540,510300,MT,94,0.5337511932962813,59.57446808510638,4.91,-21.88290258449304
1541,211000,MA,296,0.5337290003923064,58.108108108108105,4.2475,-23.494803921568625
1542,510770,MT,50,0.5336170724499741,44.0,4.807777777777778,-25.07383561643836
1543,260410,PE,1291,0.5336076764828497,56.31293570875291,4.615443037974683,-23.40530787217459
1544,311610,MG,36,0.533462267499305,61.111111111111114,4.361,-26.536438356164382
1545,421480,SC,180,0.5331425015844948,55.00000000000001,5.5905555555555555,
1546,330610,RJ,274,0.5330467055739405,61.31386861313869,5.027741935483873,-22.86835030549898
1547,150619,PA,149,0.5329390532247529,58.38926174496645,4.415624999999999,-23.54728212703102
1548,150080,PA,1703,0.5328488463242315,56.077510275983556,4.5197183098591545,-24.268966789667896
1549,261600,PE,55,0.5327143130934903,41.81818181818181,4.00111111111111,-24.127051792828684
1550,354660,SP,76,0.5325672041263063,55.26315789473685,5.474444444444445,-25.97
1551,251680,PB,27,0.5324961557642124,55.55555555555556,4.225,-23.596015625
1552,351200,SP,37,0.5324908663621305,56.75675675675676,5.29125,-22.11
1553,211280,MA,201,0.5322830145719146,51.741293532338304,4.287857142857142,-24.177627772420443
1554,350670,SP,35,0.5321908585204773,54.285714285714285,5.2299999999999995,-24.659999999999997
1555,150613,PA,472,0.5320976706428291,58.686440677966104,4.658214285714285,-23.418268551236746
1556,150304,PA,97,0.5320271421941547,60.824742268041234,4.423,-22.8810460251046
1557,355220,SP,1268,0.5320087386396855,54.495268138801265,5.459492753623192,-21.72
1558,313925,MG,25,0.5319465947469425,56.00000000000001,4.73,-25.605528455284556
1559,211290,MA,93,0.5318726258279972,52.68817204301075,4.260000000000001,-25.155945378151262
1560,432150,RS,186,0.531852400949566,55.376344086021504,5.4992857142857146,-23.223310423825886
1561,500800,MS,106,0.5316781313711932,53.77358490566038,5.104444444444444,-26.858178016726402
1562,420990,SC,66,0.5315345317159348,59.09090909090909,5.558,-25.417122507122507
1563,430510,RS,1492,0.5313946995207287,56.233243967828415,5.494354838709677,-24.552951145698223
1564,210408,MA,29,0.5313870261956464,48.275862068965516,4.113333333333332,-24.969640287769785
1565,352220,SP,358,0.5313288040704713,55.3072625698324,5.228852459016394,-22.373333333333335
1566,351130,SP,22,0.5312731577414224,59.09090909090909,5.605,-24.270000000000003
1567,353430,SP,61,0.5312441322597218,65.57377049180327,5.3625,-22.85
1568,430040,RS,226,0.5310319270116967,54.86725663716814,5.188125000000001,
1569,330120,RJ,58,0.5310299091379058,70.6896551724138,4.96,-24.423859649122804
1570,432067,RS,23,0.5308036396897342,69.56521739130434,4.992,-26.152631578947368
1571,317010,MG,1266,0.5307529582189265,56.24012638230648,5.227941176470587,-23.058921340856294
1572,292680,BA,40,0.5306668581389656,47.5,4.614285714285714,-26.564262295081967
1573,311370,MG,78,0.5305333999033747,62.82051282051282,4.568181818181818,-23.80272727272727
1574,354995,SP,29,0.5304910506203281,55.172413793103445,5.27,-21.6
1575,160015,AP,74,0.5299724252513631,48.64864864864865,4.396666666666666,-24.947569060773482
1576,330520,RJ,438,0.5297348627778766,51.82648401826484,4.89948717948718,-24.030434782608694
1577,353150,SP,22,0.5297125152336661,63.63636363636363,5.406,-24.619999999999997
1578,352430,SP,94,0.5293380031289517,62.76595744680851,5.280588235294118,-22.060000000000002
1579,351410,SP,45,0.5291483141750734,57.77777777777777,5.244285714285714,-22.590000000000003
1580,260450,PE,107,0.5289093038107114,50.467289719626166,4.3950000000000005,-23.191631878557878
1581,353550,SP,78,0.5289064502769848,50.0,5.2813333333333325,-23.07
1582,430650,RS,36,0.5288775500642753,69.44444444444444,4.848333333333334,-17.68549731182796
1583,270135,AL,38,0.5288475210239519,63.1578947368421,4.443333333333333,-26.92011695906433
1584,420480,SC,176,0.5286974870557771,57.38636363636363,5.340833333333332,-23.84157562244519
1585,171620,TO,49,0.5284768725634647,65.3061224489796,4.542222222222222,-25.1584
1586,330130,RJ,207,0.5284534410308758,57.971014492753625,5.032,-23.408220918866082
1587,311050,MG,100,0.5284456602236726,53.0,5.177142857142856,-23.202133333333332
1588,420820,SC,969,0.5284060376456362,57.585139318885446,5.400892857142856,
1589,311090,MG,56,0.5283885690195959,53.57142857142857,5.0075,-26.39753246753247
1590,315160,MG,61,0.5283831226980832,50.81967213114754,4.925,-24.653112582781457
1591,316950,MG,24,0.528251270294961,54.166666666666664,4.828,-22.2215
1592,211240,MA,83,0.5282174352084148,57.831325301204814,4.025217391304347,-23.52372727272727
1593,313560,MG,25,0.5279487757004178,64.0,4.586666666666666,-22.295633802816905
1594,355040,SP,59,0.5276759033658642,62.71186440677966,5.464,-21.840000000000003
1595,313210,MG,68,0.5276727802617976,69.11764705882352,4.387142857142857,-29.19191740412979
1596,500220,MS,154,0.5276141241847501,52.5974025974026,5.089999999999999,-23.876572890025578
1597,431162,RS,28,0.5275757820694728,46.42857142857143,5.402,-24.806799116997794
1598,251150,PB,42,0.5275222840493423,61.904761904761905,4.347142857142857,-25.67103448275862
1599,171650,TO,96,0.5275205329922703,58.333333333333336,4.819999999999999,-24.843142144638403
1600,150563,PA,63,0.527408912118161,61.904761904761905,4.4037500000000005,-22.293608247422682
1601,250130,PB,89,0.5272683253544284,55.0561797752809,3.8711764705882348,-22.765662921348312
1602,251550,PB,47,0.5272128423278538,61.702127659574465,4.376666666666666,-23.88045045045045
1603,260790,PE,1951,0.5269956206828219,55.45873910814967,4.549503105590062,-23.859651429764142
1604,313730,MG,20,0.5269446566670257,55.00000000000001,4.645,-27.43027027027027
1605,211163,MA,22,0.5268435236170285,50.0,4.2299999999999995,-24.18505376344086
1606,280670,SE,302,0.5263973331202841,57.94701986754966,4.5779411764705875,-32.03785587975243
1607,220277,PI,25,0.526192813558203,52.0,4.286,-26.869716312056738
1608,220208,PI,67,0.5261601067354801,53.73134328358209,4.174,-24.417602996254683
1609,421250,SC,192,0.5261442534610592,61.979166666666664,5.512307692307692,
1610,431395,RS,44,0.5260811179383693,40.909090909090914,5.121666666666667,-20.646666666666665
1611,220680,PI,61,0.5260002344505358,59.01639344262295,3.753,-26.02513888888889
1612,313270,MG,87,0.5258949910253882,49.42528735632184,4.514545454545455,-24.629074923547403
1613,431950,RS,103,0.5258828061165046,65.0485436893204,5.525,-19.22907216494845
1614,412625,PR,591,0.5258011229196661,57.360406091370564,5.2472,-22.727036787040166
1615,351670,SP,62,0.5257758013391463,61.29032258064516,5.2825,-22.729999999999997
1616,352460,SP,30,0.5257290280896288,60.0,4.92,-25.200000000000003
1617,430700,RS,383,0.5257213288019931,57.180156657963444,5.475185185185185,-23.66116024973985
1618,350750,SP,207,0.525710422295919,58.454106280193244,5.362820512820512,-22.909999999999997
1619,220600,PI,27,0.5255326750259013,48.148148148148145,4.535,-30.184029850746267
1620,351840,SP,173,0.5254963823278065,51.445086705202314,5.307142857142858,-24.17
1621,290420,BA,31,0.5250073753271994,58.06451612903226,4.498,-23.952158273381297
1622,352090,SP,27,0.5250053225501176,62.96296296296296,5.175,-25.04
1623,170320,TO,26,0.5249832745689346,53.84615384615385,4.626,-23.78716981132076
1624,171670,TO,25,0.5249365124926583,52.0,4.942,-26.30890510948905
1625,354630,SP,66,0.5248588443518412,57.57575757575758,5.223333333333333,-20.310000000000002
1626,270160,AL,68,0.5248184360899462,51.470588235294116,3.9285714285714284,-25.88525906735751
1627,352730,SP,131,0.5247572055579244,56.48854961832062,5.354999999999999,-21.75
1628,251597,PB,22,0.5245817899116059,59.09090909090909,4.494285714285715,-25.909318181818183
1629,431060,RS,117,0.524499691630341,52.13675213675214,5.074117647058823,
1630,251700,PB,50,0.5244947454850246,52.0,4.351666666666667,-21.348437500000003
1631,220760,PI,44,0.5242935632632529,56.81818181818182,4.285714285714285,-22.27744769874477
1632,260020,PE,68,0.5241865221366303,57.35294117647059,4.267499999999999,-23.025578947368423
1633,250939,PB,35,0.5239778237243382,60.0,4.293333333333333,-24.359529411764704
1634,351050,SP,298,0.5236528648227289,61.07382550335571,5.2506818181818184,-21.810000000000002
1635,330530,RJ,35,0.5233832593350219,54.285714285714285,5.201666666666666,-22.42725925925926
1636,293325,BA,20,0.523367470205446,65.0,4.6,-26.65119658119658
1637,310470,MG,43,0.5233395607061412,60.46511627906976,4.492,-32.33594632768361
1638,351360,SP,29,0.5229427068848274,58.620689655172406,4.925714285714285,-21.909999999999997
1639,311330,MG,96,0.5229018721197637,62.5,4.895,-26.963333333333335
1640,355030,SP,19045,0.5227879297097424,56.6132843265949,5.142790697674418,-24.32666666666666
1641,351310,SP,64,0.5227428641147213,54.6875,5.458749999999999,-21.0
1642,500410,MS,76,0.5226984176766771,60.526315789473685,5.04,-24.36754777070064
1643,251080,PB,313,0.5226904551712529,55.27156549520767,4.49076923076923,-24.344919614147912
1644,354860,SP,20,0.5225096369129769,65.0,5.506,-22.11
1645,330280,RJ,48,0.5215222290508519,60.416666666666664,4.93,-22.323829113924052
1646,150430,PA,74,0.5214934442880884,50.0,4.047391304347825,-22.47770833333334
1647,420350,SC,49,0.5212872640022603,67.3469387755102,5.376,-25.363739837398374
1648,311730,MG,133,0.5211687800323599,54.88721804511278,4.9799999999999995,-22.995224358974358
1649,430400,RS,20,0.5208350019985251,75.0,5.1466666666666665,-23.493333333333336
1650,353080,SP,142,0.5206839305794511,58.45070422535211,5.456206896551724,-22.299999999999997
1651,260345,PE,496,0.5205881159571341,62.096774193548384,4.590750000000001,-21.87622781675609
1652,510600,MT,27,0.5204419906030333,70.37037037037037,4.986666666666667,-23.95730496453901
1653,420010,SC,87,0.5203401829601751,59.77011494252874,5.119000000000001,-27.41799725651578
1654,210650,MA,71,0.5198508751447858,67.6056338028169,4.114705882352941,-24.259667519181583
1655,210405,MA,171,0.5197012977496955,53.216374269005854,4.575454545454545,-22.602323439099283
1656,172100,TO,1193,0.5196213049225973,59.01089689857501,5.06050847457627,-22.174581806064648
1657,210960,MA,165,0.5196004768914442,56.96969696969697,4.099722222222223,-22.91378698224852
1658,510125,MT,76,0.5195904290079194,64.47368421052632,5.095,-25.718387096774194
1659,210760,MA,48,0.5195087737950983,62.5,4.167857142857143,-23.978619246861925
1660,261255,PE,47,0.5193783191879928,63.829787234042556,4.224444444444445,-23.2475
1661,510320,MT,174,0.5193311936505378,60.91954022988506,5.175999999999999,-23.723639705882356
1662,420205,SC,49,0.5190999813652856,57.14285714285714,5.45,-23.88424836601307
1663,261540,PE,243,0.5186376730757764,54.73251028806584,4.321875,-22.888515123739687
1664,353860,SP,48,0.5184877480332483,56.25,5.319230769230768,-22.54
1665,410010,PR,33,0.5182753474556581,63.63636363636363,5.056666666666667,-23.11128205128205
1666,500200,MS,83,0.5182395764045753,57.831325301204814,5.13,-23.294743935309974
1667,430610,RS,237,0.5179855596167063,55.69620253164557,5.285000000000001,-22.944124245038825
1668,316555,MG,38,0.5177506800785648,52.63157894736842,4.188,-24.421574468085108
1669,510267,MT,245,0.5175134869832784,60.816326530612244,5.16,-26.75057959611854
1670,261260,PE,171,0.5173366643561549,50.29239766081871,4.259354838709678,-24.455344036697245
1671,520549,GO,494,0.5169451131346762,57.08502024291497,5.042941176470587,-23.512229402261713
1672,130150,AM,82,0.5168924318564023,62.19512195121951,3.9037499999999996,
1673,270250,AL,31,0.5168678894584883,58.06451612903226,3.986666666666667,-24.317
1674,430470,RS,199,0.5168111210441159,61.30653266331658,5.408461538461537,-22.32601731601732
1675,354340,SP,985,0.5167792151326422,55.73604060913706,5.289504950495047,-24.513333333333335
1676,421895,SC,22,0.5167332383307203,68.18181818181817,5.390000000000001,-24.321204819277106
1677,317180,MG,52,0.5165402777651672,59.61538461538461,4.911666666666666,-25.501284046692604
1678,292520,BA,127,0.5165340914236244,51.96850393700787,4.522666666666666,-23.79127483443709
1679,350925,SP,79,0.5161185314129796,54.43037974683544,5.0442857142857145,-22.479999999999997
1680,210290,MA,124,0.516109263138575,55.64516129032258,4.124374999999999,-21.921633281972266
1681,431670,RS,40,0.5160364886662623,52.5,5.7025,-18.807555555555552
1682,210945,MA,177,0.5158816337306577,55.932203389830505,4.3735294117647046,-22.05310714285714
1683,120001,AC,29,0.5156510639194873,62.06896551724138,4.685555555555555,
1684,431800,RS,229,0.5156031049885658,59.388646288209614,5.180384615384616,-23.410693430656934
1685,291995,BA,20,0.5155848932219376,50.0,4.545,-23.853457943925235
1686,412050,PR,31,0.5155805167305516,48.38709677419355,5.05,-22.74475609756098
1687,130100,AM,129,0.5155736188854583,58.91472868217055,4.073684210526316,-19.117919621749408
1688,421225,SC,57,0.5154372017061186,59.64912280701754,5.416666666666667,
1689,431112,RS,21,0.5154255869628446,66.66666666666666,5.295,-21.84927392739274
1690,311615,MG,86,0.5154048496379345,62.7906976744186,4.355555555555556,-21.394812880765883
1691,314675,MG,22,0.5153971388564792,45.45454545454545,4.3,-16.132396694214883
1692,431306,RS,85,0.5152718021297391,56.470588235294116,5.25,-20.052279942279945
1693,350790,SP,40,0.5152118940085375,52.5,5.3025,-23.990000000000002
1694,210547,MA,45,0.5151556628019068,42.22222222222222,4.372857142857143,-23.36870646766169
1695,261410,PE,93,0.5151329025714734,60.215053763440864,4.382777777777778,-22.1632582322357
1696,220556,PI,30,0.5145090867368727,46.666666666666664,4.470000000000001,-22.439999999999998
1697,352550,SP,27,0.5145011830958852,55.55555555555556,5.2975,-22.700000000000003
1698,510760,MT,1193,0.5144606247788003,56.91533948030176,5.18230769230769,-23.425772113943026
1699,210235,MA,73,0.5144448758961432,54.794520547945204,4.421,-21.860000000000003
1700,352640,SP,47,0.5144245629704447,61.702127659574465,5.249000000000001,-20.630000000000003
1701,250830,PB,115,0.5143867565773121,59.130434782608695,4.457272727272727,-22.714
1702,353340,SP,94,0.5143354950788088,55.319148936170215,5.5415789473684205,-22.04
1703,260840,PE,69,0.5141596222950502,53.62318840579711,4.2459999999999996,-22.867062706270627
1704,130180,AM,83,0.5141592427438083,55.42168674698795,3.708181818181818,
1705,330095,RJ,38,0.5138504030024376,60.526315789473685,4.925,-21.369661835748794
1706,510268,MT,79,0.5137198707789511,63.29113924050633,5.216666666666667,-23.274138972809666
1707,250510,PB,70,0.513654062285083,51.42857142857142,4.535454545454546,-24.153869047619047
1708,260050,PE,197,0.5136180177034897,56.852791878172596,4.124444444444444,-21.403180851063826
1709,251340,PB,66,0.5136000681935342,63.63636363636363,4.558000000000001,-21.5258958958959
1710,260530,PE,135,0.5134351051039908,52.59259259259259,4.319375000000001,-24.084246575342465
1711,210540,MA,317,0.5133113977172661,59.305993690851736,4.05659090909091,-23.038541392904072
1712,313570,MG,22,0.5132645525986267,68.18181818181817,4.65,-20.737981651376153
1713,430620,RS,33,0.5132195996232333,48.484848484848484,5.3914285714285715,-24.038993710691827
1714,352310,SP,965,0.5132105228111018,56.37305699481865,5.14827160493827,-20.240000000000002
1715,351280,SP,102,0.5129779071299393,57.84313725490197,5.394666666666667,-20.39
1716,411290,PR,22,0.5128553639935651,40.909090909090914,5.03,-23.901555555555554
1717,260750,PE,85,0.5128089226072473,55.294117647058826,4.398888888888889,-20.91275167785235
1718,500580,MS,91,0.5126929084206752,56.043956043956044,4.8100000000000005,-22.985250596658712
1719,314110,MG,178,0.5126817804933178,52.80898876404494,5.101666666666667,-23.622636054421772
1720,251280,PB,28,0.5125729971224203,60.71428571428571,4.282500000000001,-22.178455284552847
1721,330270,RJ,668,0.512520513145568,60.778443113772454,5.123846153846153,-21.550399329796146
1722,211020,MA,152,0.5123961794178954,53.94736842105263,4.195517241379311,-21.87648379052369
1723,430535,RS,140,0.5123675745598302,59.285714285714285,5.492857142857143,-21.27967627718766
1724,430105,RS,46,0.5122514622565266,52.17391304347826,5.453333333333334,-22.79381294964029
1725,170700,TO,113,0.5121230557685148,48.67256637168141,4.833636363636364,-23.73711111111111
1726,330395,RJ,117,0.5118496063604815,50.427350427350426,5.1081818181818175,-22.799113043478258
1727,430780,RS,113,0.5116858814396207,58.4070796460177,5.476923076923077,-22.06908361970218
1728,220045,PI,31,0.5116808159302895,61.29032258064516,4.4175,-24.02139534883721
1729,431180,RS,165,0.5115180984296785,61.212121212121204,5.4345454545454555,-21.972494172494173
1730,500230,MS,78,0.5113901075565817,58.97435897435898,5.11,-23.657853107344636
1731,250890,PB,190,0.5112350131885891,53.68421052631579,4.316800000000001,-22.49289416846652
1732,330205,RJ,42,0.5110179357788174,66.66666666666666,5.03,-22.120714285714286
1733,150220,PA,287,0.5109417778172723,62.7177700348432,4.215833333333335,-24.340331439393935
1734,421105,SC,39,0.5109182522995849,58.97435897435898,5.28,-21.738403361344538
1735,150790,PA,157,0.5106652180243617,56.68789808917197,4.234166666666667,-22.18423728813559
1736,260160,PE,65,0.5104448585158258,53.84615384615385,4.343333333333333,-22.962307692307697
1737,330310,RJ,61,0.5103600165585869,67.21311475409836,4.816000000000001,-21.260251046025108
1738,352230,SP,329,0.5102898205603483,48.328267477203646,5.260357142857145,-17.95333333333334
1739,350550,SP,235,0.510254998495073,62.12765957446808,5.264242424242425,-21.58
1740,355500,SP,103,0.5102080192512578,51.45631067961165,5.415294117647058,-24.076666666666668
1741,520545,GO,45,0.5100577459229307,44.44444444444444,5.125,-25.350420560747665
1742,510490,MT,47,0.5096208733536965,59.57446808510638,4.413333333333334,-23.223541666666662
1743,350220,SP,47,0.5095344490046406,59.57446808510638,5.28875,-20.29
1744,421660,SC,836,0.5093807795955361,60.28708133971292,5.368222222222222,
1745,210070,MA,63,0.5092997219301797,47.61904761904761,3.9964285714285706,-20.853138461538464
1746,354400,SP,58,0.5092733850903666,51.724137931034484,5.410833333333334,-21.5
1747,315460,MG,1344,0.5092260378311531,58.55654761904761,5.074683544303799,-22.147157780088122
1748,421280,SC,129,0.5092045837509029,58.91472868217055,5.507142857142856,-22.45150344827586
1749,310100,MG,48,0.509156204923284,54.166666666666664,4.67625,-21.05626556016598
1750,420140,SC,236,0.5089560823526618,61.440677966101696,5.422857142857142,
1751,520180,GO,70,0.5089515201374168,65.71428571428571,4.935,-21.152028985507243
1752,520215,GO,36,0.5088495847628329,58.333333333333336,4.922,-20.887682119205294
1753,250080,PB,41,0.508694562880344,53.65853658536586,4.240000000000001,-23.272608695652174
1754,292450,BA,54,0.5086300919933602,51.85185185185185,4.494,-23.606268656716416
1755,150410,PA,22,0.5085656502542673,59.09090909090909,4.173333333333334,-22.86586206896552
1756,420280,SC,161,0.5085200789732248,63.975155279503106,5.558,-23.19842751842752
1757,150503,PA,177,0.5084249013368698,67.79661016949152,4.693333333333334,-20.90757313109426
1758,170765,TO,33,0.5082364189684077,57.57575757575758,4.803333333333334,-22.517333333333333
1759,353560,SP,42,0.5082103540388896,54.761904761904766,5.095000000000001,-21.439999999999998
1760,290450,BA,21,0.5079004484515769,42.857142857142854,4.461428571428571,
1761,110013,RO,178,0.5075180551242712,61.79775280898876,4.696666666666666,-22.14032258064516
1762,351060,SP,788,0.5073561354531564,59.77157360406091,5.184918032786885,-25.339999999999996
1763,500240,MS,136,0.5071380901961583,58.82352941176471,5.037,-22.10353584447144
1764,410425,PR,129,0.5069343095150277,51.162790697674424,5.263571428571429,-21.13015037593985
1765,420420,SC,1137,0.5068796110253279,58.487247141600704,5.387636363636364,-22.340743361761326
1766,411470,PR,20,0.5068018036040413,65.0,5.18,-22.355042735042733
1767,510794,MT,77,0.5066843617171505,55.84415584415584,4.96,-23.19659217877095
1768,310350,MG,401,0.5066798350168443,60.099750623441395,5.140322580645162,-22.445438345266506
1769,171330,TO,62,0.5065905843105325,50.0,4.7250000000000005,-22.753673469387756
1770,170610,TO,22,0.5063571627029361,50.0,4.913333333333333,-23.75340579710145
1771,220120,PI,232,0.5059170374301368,57.758620689655174,3.9185000000000003,-22.217667514843086
1772,241210,RN,24,0.5057865785874757,58.333333333333336,4.556666666666667,-25.262439024390243
1773,314870,MG,87,0.5057528651177438,56.32183908045977,4.5737499999999995,-21.30876310272537
1774,510190,MT,119,0.5056433725063875,56.30252100840336,4.968571428571428,-20.71489108910891
1775,261500,PE,103,0.5055475691356769,57.28155339805825,4.414,-20.354589843750002
1776,280300,SE,173,0.5055274126979127,55.49132947976878,4.01,-21.162304526748972
1777,353460,SP,52,0.5055014563083231,57.692307692307686,5.435,-20.770000000000003
1778,430905,RS,28,0.5051157874238522,50.0,5.525,-26.874114285714285
1779,160070,AP,107,0.504981216862366,60.747663551401864,4.21235294117647,-29.955411173885746
1780,500625,MS,39,0.5049600163192576,51.28205128205128,5.23,-18.52350574712644
1781,310930,MG,132,0.504954801520378,57.57575757575758,4.692500000000001,-22.454459234608983
1782,240330,RN,26,0.5047965165572202,65.38461538461539,4.569999999999999,-21.60389380530974
1783,431990,RS,312,0.503995121726536,55.769230769230774,5.347826086956522,-23.291370660244834
1784,292470,BA,27,0.503891640427772,51.85185185185185,4.659999999999999,-20.33826388888889
1785,330010,RJ,759,0.50386267888456,61.133069828722,4.954,-21.12271337225466
1786,312235,MG,43,0.5038302716569256,51.162790697674424,4.72,-23.248800000000003
1787,311783,MG,20,0.5038165361944431,60.0,4.29,
1788,355330,SP,33,0.5037495483113534,57.57575757575758,5.1425,-20.259999999999998
1789,411510,PR,43,0.5032986145037547,58.139534883720934,5.1025,-21.829212598425197
1790,421350,SC,118,0.5030633608652909,61.016949152542374,5.464444444444444,
1791,150100,PA,44,0.5030618753981714,65.9090909090909,4.127999999999999,-19.642561983471076
1792,510520,MT,66,0.5025124427769061,57.57575757575758,5.073999999999999,-21.184689655172413
1793,221050,PI,77,0.502384452712021,57.14285714285714,4.159999999999999,-21.828233766233765
1794,210030,MA,110,0.502197626795911,61.81818181818181,4.01375,-21.633652694610777
1795,312920,MG,26,0.5021498053494947,69.23076923076923,5.175,-21.5790625
1796,317100,MG,68,0.5016044941905885,55.88235294117647,5.3,-23.175348189415047
1797,313580,MG,75,0.5015724914909425,56.00000000000001,4.378181818181818,-17.530138504155126
1798,220585,PI,43,0.5014235884170586,48.837209302325576,4.119999999999999,-21.12848484848485
1799,220570,PI,146,0.5013606740816708,65.06849315068493,4.102083333333334,-22.538008658008657
1800,420200,SC,192,0.5013057680356371,63.541666666666664,5.441000000000001,
1801,313860,MG,59,0.5012650805739276,59.32203389830508,4.7628571428571425,-22.672116788321166
1802,251290,PB,85,0.501114430188036,52.94117647058824,4.336111111111111,-26.485333333333337
1803,170555,TO,26,0.500736625547185,46.15384615384615,4.6825,-21.182499999999997
1804,410280,PR,63,0.5006636176685234,60.317460317460316,5.205,-21.94956923076923
1805,220997,PI,50,0.5005702693622167,50.0,4.008,-21.473399999999998
1806,250840,PB,21,0.5004604411398231,57.14285714285714,4.225,-30.23467741935484
1807,130165,AM,57,0.5003278623899444,56.14035087719298,4.14875,-21.495752212389384
1808,314200,MG,51,0.5001699676373168,52.94117647058824,4.416666666666666,-17.561056910569107
1809,313600,MG,53,0.5001024412724009,54.71698113207547,4.23625,-20.164900497512438
1810,412410,PR,236,0.5000853288968502,55.08474576271186,5.10157894736842,-22.15986206896552
1811,421340,SC,53,0.4998538445603309,52.83018867924528,5.175000000000001,-20.648101545253862
1812,172049,TO,23,0.49984377861777246,56.52173913043478,4.705,-22.199901960784317
1813,250970,PB,130,0.4998145170049519,57.692307692307686,4.438000000000001,-22.236165413533833
1814,521400,GO,79,0.4994966377941453,53.16455696202531,5.0875,-21.503407572383075
1815,110020,RO,2316,0.49945033860720217,59.49913644214162,4.912746478873237,-20.091754044161057
1816,250370,PB,220,0.49944525299665243,51.81818181818182,4.5293333333333345,-18.351397745571656
1817,420600,SC,56,0.49930245886980884,57.14285714285714,5.662222222222222,
1818,431460,RS,54,0.4991218180238153,66.66666666666666,5.175833333333333,-19.030645161290323
1819,430940,RS,50,0.4990887281397765,52.0,5.673333333333333,
1820,431245,RS,20,0.4988739780938779,55.00000000000001,5.406666666666667,-20.27261437908497
1821,420455,SC,77,0.4987890077678961,58.44155844155844,5.43,-20.886327683615818
1822,330050,RJ,110,0.49837081586988197,70.0,4.9921428571428565,-22.284466403162053
1823,261320,PE,83,0.4982659221710599,57.831325301204814,4.33375,-21.900579710144928
1824,330180,RJ,31,0.49824823353615966,61.29032258064516,5.015000000000001,-20.063529411764705
1825,530010,DF,4381,0.4974854476274152,59.50696188084912,5.325483870967748,
1826,130270,AM,200,0.4968876086840157,52.0,4.013529411764706,-19.88762452107279
1827,316557,MG,44,0.49674025414245215,54.54545454545454,5.04,-20.429121338912132
1828,311455,MG,40,0.4965767744484393,55.00000000000001,5.201666666666666,-21.281747572815533
1829,210830,MA,155,0.49648424555123716,63.2258064516129,4.118571428571428,-19.984135977337107
1830,211120,MA,795,0.49641882237207785,59.496855345911946,4.495263157894738,-20.51915880703543
1831,330400,RJ,106,0.49605384944243686,62.264150943396224,5.075384615384616,-20.304146825396828
1832,431130,RS,84,0.4960248561885718,69.04761904761905,5.371764705882352,-21.10462222222223
1833,211260,MA,122,0.4959009694402724,57.377049180327866,3.903,-21.576822916666664
1834,420395,SC,106,0.4958659142602416,61.32075471698113,5.571111111111112,
1835,312690,MG,35,0.49578498406345173,54.285714285714285,4.994999999999999,-20.795084745762715
1836,260140,PE,159,0.49571678564143223,55.9748427672956,4.307619047619047,-22.513609813084113
1837,500840,MS,35,0.49541660870160487,51.42857142857142,5.012,-22.726592592592592
1838,432250,RS,293,0.49521282829857627,58.02047781569966,5.436521739130435,-22.26561543579508
1839,351510,SP,151,0.49505205828747656,54.966887417218544,5.194999999999999,-23.806666666666665
1840,150550,PA,576,0.49490686878823353,60.24305555555556,4.517941176470588,-20.40808209727492
1841,420425,SC,55,0.4948872134090299,69.0909090909091,5.6850000000000005,
1842,420460,SC,819,0.4948452598501705,58.60805860805861,5.454029850746269,-20.313986486486485
1843,421110,SC,47,0.49473473767070814,59.57446808510638,5.248333333333333,
1844,250070,PB,40,0.49471796251241595,40.0,4.4375,-23.546859504132232
1845,353130,SP,54,0.4945827004416511,55.55555555555556,5.317692307692308,-21.0
1846,210735,MA,65,0.4945335780902442,58.46153846153847,4.136666666666667,-20.191974522293
1847,430690,RS,95,0.4944474219376354,62.10526315789474,5.1525,-20.69555075593952
1848,310690,MG,42,0.49432046984705685,47.61904761904761,5.072,-21.22940298507463
1849,313110,MG,29,0.493805480983853,62.06896551724138,4.6049999999999995,-18.435925925925925
1850,510805,MT,68,0.4933112915441673,64.70588235294117,5.14375,-20.073655589123867
1851,500769,MS,186,0.4931366546649002,54.83870967741935,5.22,-19.98499309868875
1852,510130,MT,54,0.49311505934463035,70.37037037037037,5.086,-21.15586206896552
1853,313360,MG,58,0.4928781762221204,67.24137931034483,5.3375,-20.76862275449102
1854,317020,MG,2488,0.4928195977503525,58.159163987138264,5.330578512396693,-20.598035961272473
1855,510370,MT,60,0.49279842855405376,70.0,4.935,-21.424892307692303
1856,150145,PA,83,0.4927501088879691,54.21686746987952,4.237499999999999,-20.759
1857,354730,SP,329,0.4926215875078052,57.446808510638306,5.369999999999999,
1858,353300,SP,33,0.4925968195913656,72.72727272727273,5.205,-20.060000000000002
1859,431680,RS,447,0.4925925611357633,63.31096196868009,5.408157894736841,-19.735628117913834
1860,261300,PE,256,0.492539647137628,62.890625,4.374090909090909,-20.4258615004122
1861,311340,MG,327,0.4924823518953819,59.63302752293578,4.876818181818182,-21.534295302013422
1862,261160,PE,4072,0.4923601865781663,58.128683693516706,4.649479452054795,-11.359578685258967
1863,330240,RJ,1155,0.49230109202395317,60.6926406926407,5.057272727272727,-20.333424560156388
1864,310340,MG,124,0.4922662270544444,62.903225806451616,4.515625,-21.016983588002258
1865,260600,PE,567,0.49213480096623524,58.730158730158735,4.6847916666666665,-19.808355776045357
1866,250880,PB,30,0.49201990885860447,63.33333333333333,4.346666666666667,-20.304661654135334
1867,270760,AL,73,0.49188425820471066,61.64383561643836,3.8160000000000003,-20.92693548387097
1868,510305,MT,55,0.4917274210775558,52.72727272727272,5.007499999999999,-27.811513157894737
1869,314430,MG,132,0.49165876840086375,63.63636363636363,4.780714285714285,-20.521471734892785
1870,411915,PR,536,0.4916223675268744,60.820895522388064,5.488333333333333,-19.925741789354475
1871,310240,MG,26,0.49140337743708373,50.0,4.3933333333333335,-26.013333333333332
1872,510626,MT,51,0.49084019162669007,74.50980392156863,4.973333333333334,-19.70152466367713
1873,350990,SP,29,0.4907910775642439,68.96551724137932,4.856249999999999,-20.28
1874,260310,PE,71,0.49076437431053166,56.33802816901409,4.3862499999999995,-20.183164556962026
1875,522185,GO,868,0.49070744750008505,61.75115207373272,5.096999999999999,-19.52735505510302
1876,261100,PE,155,0.49068626988495273,49.67741935483871,4.556956521739131,-20.99731234866828
1877,510185,MT,39,0.490444743261656,43.58974358974359,5.286666666666666,-24.112076271186442
1878,315600,MG,37,0.49010265405326414,59.45945945945946,4.135714285714285,-17.262877959927145
1879,500660,MS,724,0.48970271787337577,61.187845303867405,5.079629629629631,-26.341083428789617
1880,420530,SC,60,0.4894093156016724,61.66666666666667,5.522857142857142,-20.80408759124088
1881,410510,PR,46,0.48933364270510815,60.86956521739131,5.082000000000001,-16.48425742574257
1882,210905,MA,29,0.4888928839982553,51.724137931034484,4.1812499999999995,-20.834186046511626
1883,250403,PB,33,0.48881866763827625,60.60606060606061,4.3925,-21.352937853107345
1884,310110,MG,101,0.4886989937623195,52.475247524752476,5.01357142857143,-19.95363278171789
1885,420545,SC,173,0.48868717336456335,57.80346820809249,5.38,-20.13890656874745
1886,432254,RS,28,0.4886118664690144,67.85714285714286,5.733333333333334,-21.978021680216806
1887,420435,SC,28,0.48857931331889,53.57142857142857,5.5,
1888,520915,GO,28,0.48853015015177625,60.71428571428571,5.086666666666667,-21.20279069767442
1889,150360,PA,771,0.4884624599557664,57.45784695201037,4.6099999999999985,-19.85738465594516
1890,312370,MG,39,0.4883796056117438,58.97435897435898,4.8925,-19.456988636363636
1891,421770,SC,124,0.4883527368964705,59.67741935483871,5.412142857142857,-19.965428024868483
1892,290900,BA,33,0.48821077048987194,72.72727272727273,4.625,-19.47025641025641
1893,510337,MT,72,0.48821007325478355,66.66666666666666,4.8533333333333335,-19.646375404530744
1894,430003,RS,21,0.4881267910260844,76.19047619047619,5.2575,-18.870879120879117
1895,353870,SP,729,0.4878780524979023,64.60905349794238,5.407037037037037,-11.863333333333344
1896,315935,MG,20,0.48783285037568147,50.0,4.9399999999999995,-19.526470588235295
1897,291740,BA,37,0.48771667274263997,67.56756756756756,4.601249999999999,-19.668146341463412
1898,312870,MG,205,0.48771613332012786,61.951219512195124,5.014999999999999,-19.795121412803528
1899,220450,PI,36,0.487697291594823,69.44444444444444,4.57,-20.83910204081632
1900,411730,PR,118,0.4875919906641256,57.6271186440678,4.872777777777777,-17.788424356559947
1901,500450,MS,100,0.48748663412740606,65.0,5.15125,-22.072634730538923
1902,510410,MT,201,0.4871300707606397,55.72139303482587,4.996666666666666,-16.575027203482044
1903,420870,SC,46,0.4869911527758143,52.17391304347826,5.408333333333333,-20.283022875816997
1904,313665,MG,153,0.4869534224424257,61.43790849673203,5.109999999999999,-22.018457223001406
1905,314270,MG,61,0.48691721119116144,60.65573770491803,4.4477777777777785,-19.928566666666658
1906,420315,SC,38,0.48684322592348855,55.26315789473685,4.965,-19.57
1907,420580,SC,96,0.4866527509101466,68.75,5.458333333333333,-19.279999999999998
1908,315360,MG,44,0.48647241442711625,65.9090909090909,5.0249999999999995,-21.903650793650797
1909,431337,RS,122,0.48631832130766156,65.57377049180327,5.359999999999999,-18.833799999999997
1910,320500,ES,2604,0.48628168798019134,60.023041474654384,5.060093457943924,-15.076042370279403
1911,230550,CE,296,0.4862179474192089,60.13513513513513,4.486363636363635,-20.132817643186307
1912,260630,PE,50,0.4861544629500893,57.99999999999999,4.296666666666667,-20.13952380952381
1913,420670,SC,94,0.48613730517819737,57.446808510638306,5.321111111111112,-17.479026217228466
1914,250800,PB,39,0.48605263348181166,58.97435897435898,4.325,-21.849263157894733
1915,412340,PR,44,0.48599839847255555,63.63636363636363,,-18.293083003952574
1916,432210,RS,23,0.4859966046898538,73.91304347826086,5.425,
1917,350880,SP,43,0.48594438047388305,60.46511627906976,5.251428571428571,-21.573333333333338
1918,250480,PB,41,0.48593355743409383,60.97560975609756,4.333333333333334,-22.110000000000003
1919,420620,SC,41,0.485756269057658,75.60975609756098,5.531428571428572,-18.614479638009044
1920,250215,PB,28,0.4855886771807203,75.0,4.545000000000001,-19.67165680473373
1921,221065,PI,22,0.4855532064357098,54.54545454545454,4.222857142857142,-20.513565217391303
1922,355240,SP,513,0.4855252244968043,58.28460038986355,5.400566037735848,-19.28666666666667
1923,230730,CE,1001,0.48550161082708776,62.13786213786214,4.539166666666666,-19.966617100371746
1924,430265,RS,26,0.48549983769638144,65.38461538461539,5.47,-22.255016181229774
1925,510665,MT,27,0.4853012995009948,51.85185185185185,5.135,-20.162949640287767
1926,510336,MT,28,0.4850771376642093,64.28571428571429,4.98,-23.520462962962966
1927,421635,SC,32,0.4849475834720357,65.625,5.5725,-20.802949640287764
1928,421400,SC,108,0.4849453829659937,57.407407407407405,5.5600000000000005,-20.756659822039698
1929,431580,RS,38,0.4848374706980506,55.26315789473685,5.323333333333333,-20.0729012345679
1930,260470,PE,57,0.4847283574111746,66.66666666666666,4.35,-19.245290102389077
1931,500620,MS,279,0.48462173616327864,61.29032258064516,5.184,-25.12838376383764
1932,410725,PR,47,0.48444780686133654,59.57446808510638,5.53,-20.327397260273976
1933,430090,RS,31,0.4839465394220758,54.83870967741935,5.715,-19.702994350282484
1934,500375,MS,61,0.4838141540034337,62.295081967213115,4.938,-25.49119658119658
1935,260210,PE,183,0.48381048895676954,63.934426229508205,4.154285714285716,-19.621000000000002
1936,260960,PE,1135,0.4837907478258837,60.176211453744486,4.559705882352941,-19.086570285506458
1937,320130,ES,1786,0.48371214176988403,60.07838745800672,5.013298969072166,-18.602935933961575
1938,320050,ES,28,0.4834724855886781,46.42857142857143,4.8100000000000005,-19.375886524822693
1939,410950,PR,24,0.48334666437813545,50.0,4.781999999999999,-17.220000000000002
1940,510452,MT,63,0.4832638870386978,61.904761904761905,5.234999999999999,-19.309129032258063
1941,260040,PE,71,0.48324272804436624,49.29577464788733,4.414545454545455,-21.45833780160858
1942,120035,AC,31,0.48314477674220263,70.96774193548387,3.6406250000000004,
1943,313150,MG,28,0.4830721332937978,46.42857142857143,5.0600000000000005,-21.346857142857143
1944,311180,MG,44,0.48298888513665417,61.36363636363637,5.1175,-22.323333333333334
1945,210500,MA,114,0.4829703702220529,61.40350877192983,3.885384615384615,-19.652668759811615
1946,220255,PI,35,0.4828066182751405,65.71428571428571,4.194,-20.09801652892562
1947,312410,MG,396,0.48242238830170475,61.86868686868687,5.076296296296296,-20.31308849247989
1948,520450,GO,478,0.4823072101915987,61.71548117154811,5.108399999999999,-19.18106300900129
1949,260380,PE,104,0.48230719955872503,62.5,4.4399999999999995,-19.767009569377986
1950,353240,SP,37,0.48227401241824186,62.16216216216216,5.152222222222221,-20.686666666666667
1951,220470,PI,63,0.4822275863420056,55.55555555555556,4.322,-19.576462585034015
1952,312680,MG,32,0.48222420013559547,59.375,4.6375,-18.5087323943662
1953,210825,MA,67,0.4821880418045622,64.17910447761194,3.8968421052631577,-17.922105263157896
1954,315770,MG,91,0.4820464165733821,54.94505494505495,5.047499999999999,-19.41875
1955,311300,MG,63,0.48187781377613176,57.14285714285714,4.216666666666667,-20.139968944099383
1956,210130,MA,64,0.4817886157699115,70.3125,4.0086666666666675,-17.66107142857143
1957,352570,SP,56,0.4817724807061463,62.5,5.3012500000000005,-20.736666666666665
1958,316860,MG,455,0.4816446789841763,59.78021978021978,4.714186046511627,-20.94195187888619
1959,261010,PE,26,0.48163945446869505,61.53846153846154,4.3566666666666665,-19.994999999999997
1960,210420,MA,126,0.4816159517436239,59.523809523809526,4.35470588235294,-21.491881918819185
1961,330455,RJ,17663,0.48156816964063065,60.68618015059729,4.859142621599336,-16.642784178665973
1962,520552,GO,20,0.48144632279851757,55.00000000000001,4.890000000000001,-19.242568807339453
1963,260660,PE,101,0.4813837587989551,60.396039603960396,4.204999999999999,-16.344689781021895
1964,311787,MG,39,0.4812988885729887,61.53846153846154,5.220000000000001,-19.330198675496682
1965,411375,PR,23,0.4812525442903784,69.56521739130434,5.123333333333333,-16.244864864864862
1966,240440,RN,37,0.4811149089701524,67.56756756756756,4.5920000000000005,-16.294800000000002
1967,317052,MG,35,0.48106612744435334,62.857142857142854,4.4383333333333335,-18.37966183574879
1968,522108,GO,28,0.4809005148349206,67.85714285714286,4.3566666666666665,-19.585591397849463
1969,315053,MG,25,0.48076137770201605,68.0,4.92,-26.128717948717945
1970,510560,MT,120,0.4807045553921544,58.333333333333336,5.045,-20.882040472175383
1971,251510,PB,27,0.48059156163360833,51.85185185185185,4.4475,-18.94925
1972,314010,MG,22,0.4804864612386163,77.27272727272727,4.785,-20.557029702970297
1973,310280,MG,39,0.4801503618720072,76.92307692307693,5.077500000000001,
1974,354780,SP,880,0.4800662495721414,63.18181818181819,5.4034328358208965,-15.329999999999998
1975,354140,SP,320,0.4799911966875734,61.5625,5.422545454545456,-18.880000000000003
1976,210275,MA,34,0.47989244553484434,64.70588235294117,4.426363636363636,-13.715409836065575
1977,355270,SP,37,0.47986991449015454,62.16216216216216,5.274,-19.85333333333333
1978,420810,SC,107,0.47974652834519266,66.35514018691589,5.433999999999999,-21.62935825545171
1979,432270,RS,91,0.4796133351467114,56.043956043956044,5.3341666666666665,-18.14739875389409
1980,500570,MS,326,0.4794735263392152,60.73619631901841,5.129999999999999,-19.929006211180123
1981,220915,PI,21,0.47938784780964605,71.42857142857143,4.244999999999999,-19.506976744186044
1982,261090,PE,198,0.4793717755442841,61.61616161616161,4.337599999999999,-18.191468253968257
1983,430710,RS,20,0.47921168856336616,30.0,4.8975,-17.55666666666667
1984,315390,MG,51,0.4792036667134269,68.62745098039215,5.361666666666666,-20.514428571428574
1985,251210,PB,100,0.47919748009035196,63.0,4.420000000000001,-18.137142857142862
1986,500380,MS,98,0.47916752965492765,57.14285714285714,5.088571428571428,-19.752391304347825
1987,316670,MG,28,0.4791318113429384,60.71428571428571,4.835000000000001,-16.344210526315788
1988,330040,RJ,645,0.4789667754238339,62.48062015503876,5.073999999999999,-18.688602409638555
1989,410500,PR,50,0.47893522098916114,56.00000000000001,5.204285714285715,-19.092800000000004
1990,330160,RJ,61,0.4787795031754571,72.1311475409836,5.1414285714285715,-18.569587628865975
1991,210745,MA,46,0.4786240790716021,50.0,4.1,-19.70171270718232
1992,210663,MA,33,0.4785765044752262,69.6969696969697,4.0236363636363635,-19.43761194029851
1993,410610,PR,20,0.47845493813078444,80.0,5.223333333333333,-19.921980198019803
1994,312880,MG,30,0.47817952957368876,73.33333333333333,5.016666666666667,-20.164318181818185
1995,410360,PR,116,0.4780245154158486,62.93103448275862,5.207272727272727,-19.228665207877462
1996,353530,SP,37,0.47727726712905394,56.75675675675676,5.36125,-19.68
1997,430520,RS,53,0.4770869460295068,54.71698113207547,5.304,-20.163990825688078
1998,261630,PE,98,0.4770294627170893,67.3469387755102,4.150000000000001,-18.106610800744875
1999,130014,AM,89,0.476702964332337,58.42696629213483,4.604444444444444,-15.949472161966733
2000,314740,MG,102,0.4766992233297953,65.68627450980392,4.9433333333333325,-23.130934449093445
2001,211300,MA,138,0.47667655326501934,59.42028985507246,4.312173913043479,-19.968720379146923
2002,310630,MG,135,0.4765915930665124,64.44444444444444,5.0687500000000005,-18.874499089253188
2003,350460,SP,56,0.47642090848271146,53.57142857142857,5.527499999999999,-18.61
2004,315120,MG,247,0.47631763158488105,62.75303643724697,4.858095238095238,-18.31054901960784
2005,350030,SP,86,0.476272029260983,59.30232558139535,5.208333333333333,-14.179999999999993
2006,312490,MG,30,0.47624159381334386,66.66666666666666,5.053333333333334,-17.85269736842105
2007,261610,PE,32,0.47611458286125113,50.0,4.348,-20.2848322147651
2008,430468,RS,44,0.47595679118514345,65.9090909090909,5.266250000000001,-19.092599681020737
2009,510590,MT,99,0.47583070761006185,51.515151515151516,4.98875,-19.245155925155924
2010,313960,MG,89,0.47580578619670144,57.30337078651685,4.794,-19.563207126948775
2011,421175,SC,100,0.475737608495665,59.0,5.561428571428572,-21.178670842032012
2012,430010,RS,62,0.4757002285837027,62.903225806451616,5.354000000000001,-16.240693069306932
2013,521270,GO,51,0.47556194638713695,62.745098039215684,4.97,-19.973076923076928
2014,421985,SC,30,0.47554819931436226,66.66666666666666,5.425000000000001,-18.835833333333333
2015,350600,SP,562,0.4754489824615867,61.387900355871885,5.410714285714285,-20.529999999999994
2016,510637,MT,103,0.4754372311938682,66.99029126213593,5.095,-18.90707948243993
2017,431010,RS,157,0.475426464581974,63.05732484076433,5.344666666666667,-20.80888605442177
2018,330150,RJ,68,0.47533093461969633,61.76470588235294,5.095555555555555,-18.175955056179777
2019,292960,BA,40,0.4751751302780577,62.5,4.241999999999999,-19.01684210526316
2020,330580,RJ,597,0.4742065400654696,60.30150753768844,5.116666666666667,-18.088764271323036
2021,312980,MG,640,0.4741023623299821,59.21875,5.1571428571428575,-19.030596616206594
2022,351080,SP,44,0.4739317975356753,63.63636363636363,5.263636363636364,-18.020000000000003
2023,171840,TO,20,0.4737880500669426,45.0,4.665,-16.555517241379313
2024,310720,MG,22,0.4737073013145659,59.09090909090909,5.0600000000000005,-16.261222222222223
2025,355010,SP,80,0.47352313037146765,60.0,5.373846153846154,-19.47
2026,420770,SC,28,0.47351760573634133,53.57142857142857,5.43,-21.317687861271676
2027,313980,MG,56,0.473516321850529,66.07142857142857,5.085,-22.065790671217293
2028,510025,MT,269,0.4731532628157225,61.71003717472119,5.010500000000001,-21.0223275862069
2029,240300,RN,31,0.4731314976599942,74.19354838709677,4.5325,-17.72346578366446
2030,350190,SP,105,0.4730627007375244,71.42857142857143,5.439565217391305,-15.91000000000001
2031,310540,MG,115,0.4729268620219238,60.0,5.26,-19.270877976190476
2032,352330,SP,53,0.4722697906591779,69.81132075471697,4.835714285714285,-20.36333333333333
2033,430755,RS,23,0.47218062374567654,73.91304347826086,5.670000000000001,-20.683851851851852
2034,313840,MG,182,0.4719151693203001,62.637362637362635,4.840000000000002,-19.257664974619292
2035,510263,MT,312,0.4718245318584196,67.94871794871796,5.141538461538462,-21.016239316239318
2036,522050,GO,36,0.4715852893767622,61.111111111111114,5.15,-19.69914893617021
2037,430995,RS,20,0.4713009755142604,55.00000000000001,5.25,
2038,110045,RO,175,0.47122349803563485,64.0,4.850833333333334,-18.865419058553393
2039,421760,SC,48,0.47115692406201876,54.166666666666664,5.5600000000000005,-17.126825396825396
2040,311150,MG,51,0.47084442537994203,56.86274509803921,5.23,-17.77014598540146
2041,250435,PB,26,0.4704653301626951,50.0,4.49,-16.305806451612902
2042,210270,MA,89,0.47044818279549655,58.42696629213483,4.07,-17.97864077669903
2043,351380,SP,763,0.4702854579329245,59.23984272608126,5.177066666666667,-19.189999999999998
2044,351070,SP,21,0.4700773744756904,80.95238095238095,5.130000000000001,-20.14
2045,251010,PB,52,0.4698219673046791,63.46153846153846,4.58,-23.916288209606986
2046,420750,SC,370,0.4698119957703741,63.51351351351351,5.61047619047619,-17.487610350076103
2047,411830,PR,20,0.4698118097213614,60.0,5.25,-19.555
2048,431415,RS,31,0.4697738762732167,70.96774193548387,5.3774999999999995,-15.170396270396271
2049,354000,SP,39,0.4695690307750691,56.41025641025641,5.478000000000001,-19.68
2050,313800,MG,21,0.46950087470082297,52.38095238095239,5.15,-18.392857142857142
2051,313100,MG,23,0.46949605679066847,52.17391304347826,5.025,-15.941967213114754
2052,220970,PI,20,0.4693177932505825,70.0,4.104,-18.598688524590166
2053,432090,RS,129,0.4692825154125947,58.91472868217055,5.536666666666667,-16.20232820512821
2054,351550,SP,105,0.4692197909110353,58.0952380952381,5.358499999999999,-20.840000000000003
2055,317040,MG,336,0.4692016393757366,61.30952380952381,5.013181818181819,-18.882569786535303
2056,316540,MG,32,0.46894026703352787,65.625,5.26,-16.079640287769788
2057,330450,RJ,36,0.46861911468851175,66.66666666666666,5.087142857142857,-17.11952380952381
2058,310790,MG,69,0.46846808928953904,53.62318840579711,5.205,-17.689322033898307
2059,354220,SP,63,0.46845465170323414,55.55555555555556,5.321666666666668,-19.979999999999997
2060,150277,PA,124,0.46814918688525237,65.32258064516128,4.601333333333333,-18.68626760563381
2061,313510,MG,316,0.46805003297702497,62.9746835443038,4.6213043478260865,-20.416816976127325
2062,310190,MG,69,0.46795287452149475,60.86956521739131,5.28,-20.533577981651376
2063,430230,RS,44,0.4677406856118466,65.9090909090909,5.314,-21.09310776942355
2064,430063,RS,20,0.467736862206065,80.0,4.796,-21.901833333333332
2065,421550,SC,84,0.46742869827611405,53.57142857142857,5.351666666666667,-18.028333333333336
2066,312310,MG,20,0.4674284617764862,60.0,4.641666666666666,-21.868979591836737
2067,315490,MG,38,0.4674087114909722,52.63157894736842,4.859999999999999,-18.831525423728813
2068,420245,SC,107,0.4674000725031182,62.616822429906534,5.508571428571429,
2069,354910,SP,120,0.467336082202621,60.83333333333333,5.444090909090908,-18.4
2070,170070,TO,43,0.4672529654904575,55.81395348837209,4.986,-20.328444444444447
2071,510625,MT,100,0.4671977556329249,64.0,5.09,-21.1908875739645
2072,312700,MG,44,0.46718249665503175,59.09090909090909,5.1160000000000005,-17.14857142857143
2073,351170,SP,39,0.4671398411216386,64.1025641025641,5.435714285714285,-17.5
2074,350390,SP,208,0.4670470705900789,62.019230769230774,5.417,-19.33
2075,313230,MG,48,0.4670130438808526,62.5,4.545,-17.21212389380531
2076,316930,MG,239,0.46699021422474907,62.34309623430963,5.140909090909091,-19.474124783362218
2077,431980,RS,40,0.4668761616327708,50.0,5.1433333333333335,-19.0668306010929
2078,520005,GO,151,0.4668708061146364,57.615894039735096,4.988333333333333,-17.85361502347418
2079,430200,RS,26,0.4668628099403124,69.23076923076923,4.953333333333333,-18.384749455337687
2080,350590,SP,91,0.4668543105839462,60.43956043956044,5.317333333333333,-18.439999999999998
2081,510160,MT,32,0.46684066766852184,50.0,4.67,-20.484469696969697
2082,310090,MG,81,0.4668325726503913,58.0246913580247,4.5528571428571425,
2083,510140,MT,154,0.4666247779465881,54.54545454545454,4.836,-19.026246819338425
2084,421570,SC,105,0.46625429529478685,65.71428571428571,5.673333333333334,-16.856747967479674
2085,353282,SP,20,0.4662047037975844,65.0,4.912857142857144,-18.450000000000003
2086,432220,RS,71,0.4661794501237758,67.6056338028169,5.201,-23.19424390243902
2087,420310,SC,31,0.4661450161847899,70.96774193548387,5.5,-15.624503816793895
2088,150250,PA,87,0.4661367376089035,59.77011494252874,3.67875,-18.21526627218935
2089,411820,PR,550,0.46601732956150477,63.272727272727266,5.2357999999999985,-18.186355964710398
2090,312010,MG,27,0.46595264043666385,66.66666666666666,4.693333333333333,-15.91172043010753
2091,430235,RS,75,0.4659308090205305,57.333333333333336,5.621111111111111,-19.24448377581121
2092,351760,SP,36,0.4657724484712442,61.111111111111114,4.795714285714285,-19.689999999999998
2093,421040,SC,33,0.4657355826657358,69.6969696969697,5.3925,-16.7168537414966
2094,411295,PR,23,0.46558660748311315,52.17391304347826,5.346666666666666,-18.245581395348836
2095,355190,SP,23,0.46558100546975567,52.17391304347826,5.17,-18.35
2096,312360,MG,99,0.4653751628785636,62.62626262626263,5.168333333333334,-18.391617647058823
2097,314170,MG,22,0.4648639393553594,68.18181818181817,4.92,-19.9268085106383
2098,353810,SP,21,0.4648066702092419,52.38095238095239,5.324999999999999,-16.630000000000003
2099,110040,RO,57,0.4647197426333664,52.63157894736842,4.87125,-19.077499999999997
2100,220280,PI,23,0.46466474869168645,65.21739130434783,4.152500000000001,-20.675737704918028
2101,352140,SP,35,0.4645018398105176,71.42857142857143,5.3757142857142854,-17.740000000000002
2102,355710,SP,155,0.4644446625738347,67.74193548387096,5.348695652173912,-18.340000000000003
2103,310180,MG,25,0.4643224550516213,56.00000000000001,5.05,-20.073603603603605
2104,510500,MT,50,0.4643068533271292,52.0,5.05,-19.970472103004287
2105,314465,MG,25,0.4642868418798388,60.0,4.481428571428572,-18.85574193548387
2106,421150,SC,44,0.46422523923976106,61.36363636363637,5.4975,
2107,150812,PA,155,0.4642025509789825,58.06451612903226,4.464285714285714,-18.363269754768393
2108,315780,MG,965,0.46413014280177034,60.310880829015545,5.1486363636363635,-20.365744904391676
2109,330630,RJ,1030,0.464118697536178,60.38834951456311,5.227682926829268,-18.38972549777692
2110,330015,RJ,34,0.4639399503844632,58.82352941176471,5.17,-16.33869109947644
2111,353650,SP,218,0.46391327417799216,62.84403669724771,5.561739130434782,-18.61
2112,412220,PR,181,0.46376292349484005,60.22099447513812,5.038095238095238,-18.171072625698322
2113,352670,SP,204,0.46370152792807945,65.19607843137256,5.298750000000001,-18.299999999999997
2114,310670,MG,1675,0.4636566675985357,61.07462686567165,5.2175,-6.707590342495381
2115,431171,RS,21,0.46364892302447924,61.904761904761905,5.301999999999999,-15.054421768707478
2116,320220,ES,79,0.4635604353268948,60.75949367088608,4.9775,-18.230653753026633
2117,130340,AM,580,0.4633733851832981,61.206896551724135,4.1326785714285705,-16.548718521275276
2118,510455,MT,37,0.4633598742457697,67.56756756756756,5.19,-17.268659217877094
2119,355210,SP,46,0.46334440815260974,54.347826086956516,5.442727272727273,-17.313333333333333
2120,432010,RS,90,0.4633117901242851,61.111111111111114,5.41125,-17.41988505747127
2121,430210,RS,452,0.4632116743737603,62.16814159292036,5.53972972972973,-19.353741784037563
2122,351720,SP,32,0.46313876796822473,59.375,5.244000000000001,-20.0
2123,240850,RN,25,0.46307733211108404,48.0,4.720000000000001,-19.95764705882353
2124,240890,RN,106,0.4629890011459443,55.660377358490564,4.547499999999999,-18.776
2125,431140,RS,307,0.4629876068473979,61.563517915309454,5.504333333333333,-19.786395422759057
2126,313440,MG,165,0.4629063963491453,63.63636363636363,5.026923076923077,-17.435116279069767
2127,120050,AC,85,0.462822976694317,67.05882352941175,4.5042105263157906,
2128,310150,MG,120,0.4628069390227077,65.0,4.804615384615383,-17.50705035971223
2129,411410,PR,136,0.46267899005978846,58.08823529411765,5.170000000000001,-18.75737160120846
2130,520330,GO,134,0.46261025300345265,66.4179104477612,5.071538461538461,-18.206842105263156
2131,311840,MG,78,0.4625908230487134,67.94871794871796,4.805454545454546,-17.81024199843872
2132,110005,RO,106,0.46252277684289606,67.9245283018868,5.027499999999999,-17.134549356223175
2133,430350,RS,250,0.46232533948485455,63.2,5.166774193548388,-17.025023016517732
2134,352850,SP,181,0.46232298139690164,64.64088397790056,5.184324324324325,-16.689999999999998
2135,311030,MG,61,0.46226718867262934,68.85245901639344,5.3475,-18.262976190476188
2136,431720,RS,289,0.46198811638732273,58.47750865051903,5.4675,-19.232278771205866
2137,220557,PI,32,0.46197038574485894,53.125,4.109999999999999,-20.077560975609757
2138,421930,SC,249,0.46196791751538335,70.68273092369478,5.540625,-16.256948968512486
2139,353780,SP,132,0.46191521343586855,75.0,5.207857142857143,-16.75
2140,355680,SP,28,0.461677628968757,53.57142857142857,5.146,-19.770000000000003
2141,260360,PE,26,0.46142663895776886,53.84615384615385,4.09,-19.23153846153846
2142,430440,RS,171,0.46134813481025744,58.47953216374269,5.456666666666666,-18.039786096256684
2143,430810,RS,42,0.46108452570893865,61.904761904761905,5.666666666666667,-21.262089947089944
2144,421510,SC,65,0.46103234349348116,72.3076923076923,5.578333333333333,-15.853629343629347
2145,314280,MG,74,0.4609367997468091,68.91891891891892,5.1000000000000005,-16.126038781163437
2146,510618,MT,42,0.46089922536839734,69.04761904761905,4.823333333333333,-18.15358407079646
2147,352050,SP,504,0.46050727252318735,61.70634920634921,5.564583333333333,-17.18
2148,314535,MG,39,0.46018261729740784,53.84615384615385,4.29,-15.909915397631137
2149,410020,PR,29,0.4597288114497981,51.724137931034484,4.845000000000001,-19.5
2150,110148,RO,21,0.4597055804960758,66.66666666666666,5.0,-16.38046511627907
2151,314000,MG,262,0.45964246295533306,60.68702290076335,5.175833333333333,-16.860332813312535
2152,510890,MT,41,0.4595064241582845,58.536585365853654,5.053333333333334,-17.922142857142855
2153,210560,MA,61,0.45950215116269627,54.09836065573771,4.010909090909091,-17.282131147540987
2154,312200,MG,81,0.45936905985930154,50.617283950617285,4.795714285714286,-16.82304461942257
2155,412710,PR,350,0.45904002736645394,65.42857142857143,5.299736842105263,-17.551939726027395
2156,260100,PE,44,0.45888070923810886,56.81818181818182,4.323333333333333,-17.77497237569061
2157,352800,SP,30,0.4587979299466261,63.33333333333333,5.431666666666667,-17.6
2158,220040,PI,233,0.4586789173906142,62.66094420600859,4.265652173913043,-18.13575330396476
2159,315725,MG,25,0.4584271751145129,72.0,4.8125,
2160,411930,PR,177,0.45835457085632775,57.06214689265536,4.673636363636363,-18.39
2161,354805,SP,21,0.4583217177831618,57.14285714285714,5.2620000000000005,-17.78
2162,354800,SP,45,0.45828832499692124,64.44444444444444,5.288749999999999,-17.93
2163,330022,RJ,46,0.4581808422966846,56.52173913043478,5.16125,-16.939516728624533
2164,220660,PI,45,0.4580732574708689,66.66666666666666,4.195,-17.662747747747748
2165,510180,MT,301,0.45795384148653634,64.45182724252491,5.199090909090908,-19.275619429590016
2166,354080,SP,39,0.4577523222400585,56.41025641025641,5.3175,-17.450000000000003
2167,411270,PR,53,0.4576075789153917,62.264150943396224,5.181666666666667,-18.280842105263158
2168,420950,SC,35,0.4574530575834778,45.714285714285715,5.640000000000001,-17.748292682926827
2169,315480,MG,43,0.45734239890127576,46.51162790697674,5.13,-22.09235576923077
2170,330411,RJ,100,0.45727380361436964,65.0,5.2524999999999995,-18.04496919917865
2171,521560,GO,166,0.45716511446616875,56.62650602409639,4.897142857142858,-16.399973297730305
2172,421210,SC,55,0.4570947694651945,67.27272727272727,5.538571428571428,-17.523700305810397
2173,311270,MG,66,0.45683964656990556,60.60606060606061,4.528888888888889,-17.151870748299324
2174,430580,RS,45,0.456799758347612,71.11111111111111,5.616666666666667,-11.66199074074074
2175,311860,MG,1952,0.4567313410220766,62.807377049180324,5.232844036697248,-15.783229820158926
2176,171610,TO,244,0.4565339147020355,62.704918032786885,5.008571428571428,-17.98427864798021
2177,522119,GO,40,0.4564767428354174,55.00000000000001,5.005,-14.982524752475246
2178,260080,PE,33,0.45643641793745404,63.63636363636363,4.2283333333333335,-16.550704225352113
2179,150815,PA,184,0.4563925048271972,65.21739130434783,4.373333333333334,-16.632908458864428
2180,210410,MA,59,0.4562120184175943,74.57627118644068,4.266666666666667,-16.52988571428571
2181,260400,PE,241,0.45619676710103524,58.50622406639005,4.535925925925926,-17.691794871794873
2182,355640,SP,98,0.45616190415067165,68.36734693877551,5.24153846153846,-18.490000000000002
2183,431470,RS,32,0.4560929540602838,68.75,5.47,-15.750933333333336
2184,330550,RJ,474,0.4560788333566049,61.60337552742617,4.9889743589743585,-16.97326890756303
2185,420590,SC,280,0.45603063813837635,66.42857142857143,5.568421052631579,
2186,210043,MA,79,0.45586491887604336,64.55696202531645,4.224666666666666,-17.860183246073298
2187,351940,SP,26,0.45583679685971723,50.0,5.115,-18.36
2188,130006,AM,101,0.4558023581461115,63.366336633663366,3.538333333333333,-16.42390835579515
2189,352390,SP,289,0.4557815544447135,63.32179930795848,5.341666666666669,-18.33
2190,510285,MT,21,0.4555478666544845,52.38095238095239,4.835,-15.937785234899327
2191,312510,MG,278,0.45554218925985346,66.18705035971223,5.319166666666667,-16.367744890768147
2192,431810,RS,52,0.45544025157057205,61.53846153846154,4.905714285714286,-13.203395755305861
2193,317090,MG,77,0.4553661965892118,66.23376623376623,4.211428571428573,-18.873433433433437
2194,261120,PE,55,0.45514375684084557,70.9090909090909,4.078571428571428,-16.73794736842105
2195,315250,MG,484,0.455129622421775,62.396694214876035,5.3117857142857146,-19.478287752675385
2196,432143,RS,57,0.45511811345594344,66.66666666666666,5.463333333333333,-15.736113360323882
2197,352030,SP,60,0.45511149858682,68.33333333333333,5.015000000000001,-14.929999999999993
2198,500110,MS,267,0.4550955624416356,63.670411985018724,4.709090909090909,-15.999613837489942
2199,150293,PA,214,0.45505313105940826,63.55140186915887,4.462105263157894,-15.655968222442903
2200,171575,TO,37,0.4550450687409752,54.054054054054056,4.8575,-18.742134831460675
2201,411620,PR,83,0.45496938922934915,63.85542168674698,5.055,-16.341985815602833
2202,351440,SP,74,0.4549476596191477,63.51351351351351,5.439230769230769,-17.259999999999998
2203,353800,SP,305,0.45449428436597716,65.90163934426229,5.319436619718312,-16.200000000000003
2204,421970,SC,158,0.45447588802990524,63.92405063291139,5.464,-14.617695078031215
2205,354410,SP,78,0.4543332746475571,60.256410256410255,5.243333333333334,-19.693333333333335
2206,210845,MA,82,0.45431865874271743,63.41463414634146,4.15,-16.60295302013423
2207,313170,MG,374,0.4541448956461786,64.70588235294117,5.1770000000000005,-15.87453441942182
2208,354890,SP,423,0.4541118335731148,62.174940898345156,5.437391304347827,-18.313333333333333
2209,510800,MT,86,0.4540537766392326,58.139534883720934,5.0975,-17.172440191387558
2210,293105,BA,68,0.45403398490450636,64.70588235294117,4.5600000000000005,-17.33529411764706
2211,330390,RJ,963,0.45402046978274296,63.55140186915887,5.087777777777778,-16.37088879347359
2212,353070,SP,265,0.45399044005091327,60.37735849056604,5.402093023255814,-16.53
2213,355450,SP,52,0.4538916504487111,61.53846153846154,5.386666666666666,-17.5
2214,250600,PB,100,0.453738363994945,62.0,4.408181818181817,-17.184011516314783
2215,220810,PI,28,0.4536541453924924,71.42857142857143,4.253749999999999,-19.040000000000003
2216,260920,PE,34,0.4536297523622168,55.88235294117647,4.306,-16.23768115942029
2217,353790,SP,65,0.45349225762797957,63.07692307692307,5.282222222222222,-16.67
2218,354560,SP,33,0.45344340009907563,54.54545454545454,5.416,-15.670000000000002
2219,210203,MA,142,0.45341194667273954,63.38028169014085,4.253571428571428,-16.606604477611942
2220,315680,MG,46,0.4532693496454022,71.73913043478261,4.4887500000000005,-18.62127371273713
2221,352690,SP,482,0.4529271237157613,60.58091286307054,5.433055555555556,-16.056666666666665
2222,354260,SP,100,0.4528197543951158,52.0,5.048,-16.189999999999998
2223,150215,PA,535,0.4526824295810665,60.747663551401864,4.762631578947368,-16.263972179289024
2224,312710,MG,209,0.45256001032387805,60.76555023923444,5.155555555555556,-16.916956521739127
2225,230030,CE,176,0.4525481256274777,66.47727272727273,4.312692307692308,-16.496495726495723
2226,432080,RS,111,0.4523364462294882,65.76576576576578,5.291428571428571,-18.325797905113987
2227,410580,PR,1233,0.4522184652739832,61.15166261151662,5.370923076923077,-17.272886855241264
2228,353030,SP,80,0.4521687804854325,57.49999999999999,5.432307692307693,-18.43
2229,260120,PE,302,0.4521547709431165,66.88741721854305,4.584999999999999,-15.490014144271566
2230,330460,RJ,44,0.4521546587185004,77.27272727272727,4.92,-15.24434210526316
2231,420360,SC,172,0.4520858097165887,63.372093023255815,5.410909090909091,-18.039364675984753
2232,520990,GO,72,0.45193446939352466,58.333333333333336,4.695,-15.34411764705882
2233,312720,MG,28,0.45172313664454017,64.28571428571429,4.92,-15.150727272727275
2234,420253,SC,20,0.4516640745749183,65.0,5.42,-19.365164835164833
2235,260350,PE,60,0.45154917203821887,65.0,4.228,-17.774337349397587
2236,421680,SC,29,0.4514146568910969,51.724137931034484,5.3100000000000005,-17.04505208333333
2237,316420,MG,38,0.4510909904226274,57.89473684210527,4.605,-16.316795580110494
2238,353620,SP,36,0.45107843554052035,63.888888888888886,5.0600000000000005,-18.64
2239,314210,MG,29,0.4510601601561935,72.41379310344827,4.858,-16.68645454545454
2240,411885,PR,32,0.4510562158016253,68.75,5.24,-16.174175824175826
2241,431890,RS,129,0.4509458338601417,77.51937984496125,5.264705882352942,-16.441701927597556
2242,431915,RS,25,0.4509278849215589,56.00000000000001,5.196666666666666,-15.357112676056342
2243,350070,SP,75,0.4509113198370518,62.66666666666667,5.299285714285715,-15.400000000000006
2244,421270,SC,21,0.4507755028673139,61.904761904761905,5.6275,
2245,510776,MT,24,0.4505622619859686,75.0,5.023333333333333,-16.29374269005848
2246,330060,RJ,114,0.4504460110680436,70.17543859649122,4.859500000000001,-16.187262569832406
2247,431040,RS,21,0.4503196866744482,66.66666666666666,5.375,-17.38933333333333
2248,211178,MA,43,0.45023806437513036,60.46511627906976,3.767,-18.19244186046512
2249,317070,MG,389,0.4502358556038301,61.43958868894601,5.333200000000001,-18.383866189989785
2250,412810,PR,420,0.4502074094353742,66.19047619047619,5.4105,-16.39696178937558
2251,354670,SP,55,0.4501656639973594,69.0909090909091,5.315555555555556,-15.950000000000003
2252,150618,PA,150,0.45011445706986375,67.33333333333333,4.516153846153847,-15.722556962025317
2253,251600,PB,77,0.4500859406810427,61.038961038961034,4.347894736842105,-16.636064356435647
2254,431225,RS,36,0.45005023825892493,55.55555555555556,5.242000000000001,-21.22463601532567
2255,430080,RS,39,0.44999538976296777,58.97435897435898,5.723333333333333,-13.914385113268601
2256,313420,MG,373,0.44982671519973466,61.93029490616622,5.0765217391304365,-17.651994520547944
2257,431960,RS,55,0.44979527268445646,60.0,5.153846153846154,-15.94492753623188
2258,350410,SP,330,0.44978808899586353,69.39393939393939,5.417954545454545,-19.759999999999998
2259,330290,RJ,86,0.4497628374674847,54.65116279069767,5.210624999999999,-16.322430107526884
2260,150150,PA,380,0.4497481911053429,63.1578947368421,4.4713157894736835,-15.755167007498292
2261,420240,SC,1195,0.44974397444486414,63.09623430962343,5.5462162162162185,-17.017555555555557
2262,520800,GO,479,0.44957327908004413,64.30062630480167,4.996153846153847,-16.354833544037085
2263,260875,PE,133,0.4495200794587603,55.639097744360896,4.489090909090909,-18.69272727272727
2264,250980,PB,26,0.4495020332392141,61.53846153846154,4.311428571428571,-15.587686567164182
2265,220271,PI,33,0.4491576829175097,66.66666666666666,4.1825,-16.230078740157477
2266,353325,SP,23,0.44913546802264964,73.91304347826086,5.119999999999999,-16.009999999999998
2267,521380,GO,177,0.449085908937941,63.2768361581921,5.237647058823529,-15.928885281385279
2268,354240,SP,34,0.4485696588832737,61.76470588235294,5.36875,-18.909999999999997
2269,210255,MA,78,0.4483733536421242,61.53846153846154,4.482222222222223,-16.744741144414167
2270,316030,MG,36,0.4478295233514901,61.111111111111114,4.338333333333333,-15.495722222222222
2271,352110,SP,23,0.44780835990856643,56.52173913043478,5.1775,-17.380000000000003
2272,261140,PE,33,0.4477857100171389,48.484848484848484,4.29,-17.08662337662338
2273,431880,RS,135,0.4477525424029593,64.44444444444444,5.349473684210526,-16.53548961424332
2274,420330,SC,63,0.44770429985465127,58.730158730158735,5.507142857142856,-16.707128712871285
2275,521210,GO,36,0.447670368416599,77.77777777777779,5.436000000000001,-17.2178
2276,351905,SP,21,0.4476613754977435,57.14285714285714,5.34,-17.409999999999997
2277,410305,PR,54,0.44755344676098535,53.70370370370371,5.078571428571429,-15.969024390243902
2278,352680,SP,108,0.44754254799962967,68.51851851851852,5.481,-16.35
2279,317210,MG,21,0.4474477325406107,66.66666666666666,4.81,-16.30493333333333
2280,110150,RO,81,0.4474005388702081,64.19753086419753,4.856666666666667,-15.422314049586774
2281,421630,SC,145,0.4473441960752969,73.79310344827587,5.433636363636364,
2282,220025,PI,24,0.44724913562475876,54.166666666666664,4.204999999999999,-16.810421052631582
2283,350840,SP,128,0.4470093340023143,60.15625,5.333333333333334,-15.400000000000006
2284,260440,PE,63,0.446882227754544,55.55555555555556,4.206250000000001,-16.88374149659864
2285,210598,MA,35,0.4466867924966929,60.0,4.418,-16.707935483870965
2286,352920,SP,33,0.44665359749631417,57.57575757575758,5.30625,-16.439999999999998
2287,510050,MT,37,0.44643095248050446,54.054054054054056,4.691428571428571,-12.11350877192983
2288,261560,PE,162,0.4463073851801993,61.72839506172839,4.195000000000001,-15.810567200986439
2289,510170,MT,170,0.44616073236217607,58.235294117647065,4.880909090909091,-18.208082524271845
2290,421370,SC,100,0.44610817362458,61.0,5.498333333333334,-16.210987153482083
2291,420285,SC,32,0.44595971676259694,62.5,5.6175,-16.985151515151518
2292,310160,MG,279,0.4457127933450958,65.59139784946237,5.214210526315789,-16.312100420609887
2293,220865,PI,39,0.44563702340280087,53.84615384615385,4.082000000000001,-16.62334975369458
2294,313862,MG,50,0.44555496177820714,50.0,5.0275,-17.650478260869566
2295,110002,RO,448,0.4455259410083645,62.94642857142857,4.878965517241379,-16.153181818181817
2296,330620,RJ,149,0.44549615144806015,63.758389261744966,4.903333333333334,-17.029958506224066
2297,431770,RS,36,0.44541909967905785,63.888888888888886,5.03,-12.955711500974662
2298,420830,SC,342,0.44515780141999733,65.78947368421053,5.54,
2299,291410,BA,26,0.4450965255512545,61.53846153846154,4.676,-16.622500000000002
2300,421470,SC,40,0.4447073668214922,70.0,5.590000000000001,-15.563811659192822
2301,315110,MG,42,0.4446076103232543,64.28571428571429,4.9,-15.493333333333329
2302,352990,SP,40,0.4443390031714077,60.0,4.839411764705882,-14.480000000000004
2303,312560,MG,31,0.44432970519875536,58.06451612903226,4.4,-18.645911602209942
2304,260830,PE,77,0.4440811766933416,57.14285714285714,4.378333333333334,-15.102681818181818
2305,350800,SP,59,0.44395259322703506,62.71186440677966,5.02375,-16.759999999999998
2306,261060,PE,216,0.4439314747927341,62.5,4.383913043478262,-15.588772563176894
2307,352620,SP,81,0.44375733835211467,59.25925925925925,5.042,-16.020000000000003
2308,261180,PE,97,0.4435793518744604,62.88659793814433,4.139166666666666,-16.45541304347826
2309,312770,MG,871,0.44351473962082233,64.86796785304249,5.0078461538461525,-15.852170280036134
2310,430605,RS,34,0.44344818216580717,55.88235294117647,5.2475000000000005,-17.986369047619046
2311,510621,MT,80,0.4434177326925843,56.25,4.968571428571428,-16.87603351955307
2312,421835,SC,22,0.4434104952676533,54.54545454545454,5.84,-16.568765432098765
2313,211090,MA,52,0.44330086741090136,59.61538461538461,3.9800000000000004,-13.787847222222226
2314,431020,RS,326,0.4432987197474311,65.95092024539878,5.418787878787879,-16.633749466495946
2315,354090,SP,34,0.4432748590334296,67.64705882352942,5.375,-17.47
2316,314055,MG,26,0.4432064167279609,80.76923076923077,4.466666666666667,-13.324684684684689
2317,510310,MT,27,0.4431277484997608,59.25925925925925,4.93,-15.89335483870968
2318,260680,PE,477,0.4430013163723371,68.13417190775681,4.62195652173913,-15.183598615916956
2319,430390,RS,265,0.4428123763405105,64.15094339622641,5.4448,-14.471494079113121
2320,210700,MA,47,0.44281218819342594,59.57446808510638,4.325,-16.438135593220338
2321,291200,BA,22,0.44280803446127365,54.54545454545454,4.776,-16.779790209790207
2322,314410,MG,62,0.44273521032057805,62.903225806451616,5.227142857142857,-19.372492581602373
2323,210240,MA,29,0.44262058388427333,58.620689655172406,3.9699999999999998,-15.040077519379844
2324,421870,SC,356,0.44235259069559413,64.32584269662921,5.522424242424243,-16.1652
2325,130300,AM,51,0.4423374726195821,62.745098039215684,4.006923076923077,-15.173679653679656
2326,316980,MG,28,0.4422767443870607,57.14285714285714,5.125,-15.29307692307692
2327,510558,MT,57,0.442132650131964,64.91228070175438,4.93,-16.22463687150838
2328,350930,SP,21,0.4419616480907348,57.14285714285714,5.39,-19.58
2329,315410,MG,25,0.4415637146509838,60.0,4.6475,-20.594835680751174
2330,311440,MG,61,0.44150218916250006,70.49180327868852,5.192857142857143,-14.160220125786164
2331,431570,RS,121,0.44145489186201253,64.46280991735537,5.208823529411765,-15.214241935483866
2332,211030,MA,49,0.4413643867212594,67.3469387755102,4.278461538461538,-17.576170212765955
2333,351570,SP,395,0.44093825327617825,66.32911392405063,5.183611111111112,-14.930000000000007
2334,311210,MG,38,0.4409139959368467,60.526315789473685,4.8825,-15.812047244094488
2335,410870,PR,35,0.4408953743326336,62.857142857142854,4.913333333333333,-16.777168674698792
2336,260090,PE,62,0.44071922676174424,62.903225806451616,4.15625,-17.54777089783282
2337,312570,MG,37,0.4405745805737111,51.35135135135135,4.878749999999999,-12.154385964912283
2338,354990,SP,1313,0.4405507730220056,62.528560548362535,5.451102362204724,-15.75333333333333
2339,430420,RS,89,0.4403182745595421,69.66292134831461,5.125,-15.727711864406784
2340,310890,MG,51,0.4402711469557289,58.82352941176471,5.128181818181818,-14.458048780487806
2341,430600,RS,45,0.440224559573045,62.22222222222222,5.396,-14.715
2342,110025,RO,88,0.44021780207021344,67.04545454545455,4.9270000000000005,-17.62164578111947
2343,430590,RS,27,0.44003307345773307,70.37037037037037,5.163333333333333,-17.13634328358209
2344,421720,SC,162,0.44002974821284113,72.8395061728395,5.54470588235294,-20.19870246085011
2345,110149,RO,100,0.43999709622430366,68.0,4.955714285714286,-15.65657534246575
2346,430960,RS,77,0.43988120800939057,66.23376623376623,5.575714285714286,-15.264084158415837
2347,313890,MG,28,0.43978946998202273,75.0,4.66,-16.309586206896554
2348,410965,PR,32,0.4394266697128532,65.625,5.109999999999999,-16.243225806451612
2349,432280,RS,74,0.43935385996334453,66.21621621621621,5.65625,-12.954501216545014
2350,354880,SP,207,0.4392303362379161,68.11594202898551,5.688709677419354,-13.879999999999995
2351,354020,SP,78,0.4392021740835226,67.94871794871796,5.046666666666667,-15.530000000000001
2352,316840,MG,35,0.43904522955079517,65.71428571428571,4.837,-14.295306122448977
2353,420800,SC,34,0.4388354787187421,73.52941176470588,5.493333333333333,-22.653684210526315
2354,350210,SP,93,0.43879632995905443,58.06451612903226,5.3100000000000005,-14.519999999999996
2355,354500,SP,29,0.4385209837566045,68.96551724137932,5.255714285714285,-14.480000000000004
2356,421100,SC,38,0.4383293959356176,57.89473684210527,5.506666666666667,-15.757652173913044
2357,510390,MT,22,0.43827295531841415,59.09090909090909,5.076666666666666,-17.416616541353385
2358,354515,SP,21,0.43799864132856603,71.42857142857143,5.743333333333333,-15.549999999999997
2359,110130,RO,63,0.4379787151659909,71.42857142857143,4.824,-14.054893617021278
2360,311800,MG,216,0.4379623996142784,66.20370370370371,5.22608695652174,-15.277822299651566
2361,261170,PE,49,0.43789891283292043,77.55102040816327,4.328749999999999,-14.025094339622642
2362,410320,PR,45,0.43783005590823026,68.88888888888889,5.235,-17.39668421052631
2363,350870,SP,29,0.43766601640286873,79.3103448275862,5.215,-23.503333333333345
2364,313010,MG,219,0.4374940491659087,62.10045662100456,5.183333333333333,-16.826286266924562
2365,410800,PR,36,0.43741490236036346,66.66666666666666,4.996666666666667,-16.061000000000003
2366,520140,GO,2307,0.4370101757068599,64.45600346770698,5.096495726495727,-15.167670865719646
2367,314520,MG,585,0.4369833597637088,64.95726495726495,5.011923076923076,-16.48016806722689
2368,220115,PI,82,0.4369631204544135,63.41463414634146,4.541111111111111,-17.482857142857142
2369,317005,MG,74,0.436939192730712,68.91891891891892,4.856666666666667,-16.31353002070393
2370,210980,MA,93,0.43643676239534396,65.59139784946237,4.262941176470588,-15.524117647058825
2371,210730,MA,30,0.43643037968010495,60.0,4.203333333333334,-13.86293577981651
2372,260810,PE,71,0.43641584809187944,66.19718309859155,4.245,-14.0852808988764
2373,315670,MG,472,0.43638695113145326,67.16101694915254,5.150666666666667,-15.828962058438723
2374,431660,RS,57,0.43632859823488734,63.1578947368421,5.636666666666667,-15.77063806380638
2375,211150,MA,175,0.43619164014687206,68.57142857142857,4.235833333333334,-14.631973244147158
2376,355645,SP,108,0.436156481585554,63.888888888888886,5.3861904761904755,-15.409999999999997
2377,420030,SC,21,0.43600461643337857,85.71428571428571,5.58,
2378,353730,SP,99,0.43578780964491465,59.59595959595959,5.265000000000001,-15.626666666666665
2379,432230,RS,31,0.4357577796709103,54.83870967741935,5.63,-10.808212560386476
2380,313160,MG,20,0.4356096523430213,60.0,5.015000000000001,-13.499259259259262
2381,412650,PR,56,0.43540532796879916,66.07142857142857,5.213333333333333,-15.621048689138576
2382,521640,GO,50,0.43532928853089703,54.0,5.1866666666666665,-14.97214285714286
2383,500793,MS,91,0.4349366644299036,67.03296703296702,5.085999999999999,-16.181145584725538
2384,210160,MA,327,0.43486908501816046,63.608562691131496,4.399117647058825,-15.222894898586356
2385,110004,RO,318,0.4347992099077766,63.83647798742138,4.949677419354839,-14.693803854875284
2386,220510,PI,30,0.43459398159271184,76.66666666666667,4.123333333333334,-22.17773109243697
2387,310620,MG,6915,0.4345520943152468,66.56543745480839,5.205927835051548,-14.2216802223723
2388,120030,AC,77,0.43421765558037784,62.33766233766234,4.182500000000001,
2389,330225,RJ,155,0.43421574978054805,64.51612903225806,5.093333333333334,-13.793600000000003
2390,130330,AM,106,0.43391459187516024,66.98113207547169,4.009999999999999,-14.235849802371538
2391,320320,ES,818,0.43387386770685593,68.33740831295843,4.965581395348838,-14.16748318924111
2392,250780,PB,31,0.4336857715596405,54.83870967741935,4.5633333333333335,-14.000719424460435
2393,412550,PR,1335,0.43367271266075996,67.71535580524345,5.429651162790699,-14.421306517909574
2394,316070,MG,119,0.4333487324582405,68.90756302521008,5.005000000000001,-15.914084507042258
2395,316225,MG,24,0.433348326629362,66.66666666666666,4.553333333333334,-15.962079207920793
2396,251593,PB,20,0.4331460207308764,65.0,4.383333333333334,-15.741250000000003
2397,210310,MA,31,0.4329439827311554,80.64516129032258,4.1290000000000004,-11.812422360248451
2398,510720,MT,23,0.4329142740308324,60.86956521739131,4.925,-17.51428571428572
2399,315800,MG,49,0.43247240727799324,63.26530612244898,4.8475,-13.784999999999997
2400,410560,PR,68,0.4324665259651316,60.29411764705882,5.033333333333333,-15.93
2401,251320,PB,25,0.4322982504925936,72.0,4.356,-12.435
2402,210015,MA,54,0.43224354025456085,83.33333333333334,4.163333333333334,-14.209145907473307
2403,410990,PR,43,0.4320831643406774,53.48837209302325,5.175,-18.25785714285714
2404,410120,PR,78,0.43205503053816724,70.51282051282051,5.0166666666666675,-14.896857142857142
2405,352860,SP,23,0.43184716671998286,52.17391304347826,5.1925,-14.36
2406,310990,MG,50,0.43183748754419166,66.0,5.17,-17.0735
2407,432180,RS,69,0.4317588575206475,65.21739130434783,5.499999999999999,-18.136272141706925
2408,316240,MG,74,0.43158850726433695,68.91891891891892,4.169375,-15.365408970976251
2409,412090,PR,189,0.43130745794542236,66.66666666666666,5.172307692307692,-19.506765714285716
2410,431080,RS,84,0.4312515652976702,71.42857142857143,5.766666666666667,-12.606479481641466
2411,110011,RO,259,0.43097572991149863,68.33976833976834,4.8986363636363635,-13.563612662942273
2412,312800,MG,110,0.4309434840449293,54.54545454545454,4.884166666666667,-12.598870792616722
2413,261550,PE,50,0.4308485242329644,64.0,4.3133333333333335,-13.958242187499998
2414,330540,RJ,79,0.43084448141100085,73.41772151898735,4.98909090909091,-14.526159999999996
2415,292180,BA,43,0.43038120237015604,72.09302325581395,4.457777777777778,-15.370322580645162
2416,420220,SC,39,0.4302571230477763,69.23076923076923,5.638,-14.442131616595141
2417,110070,RO,61,0.430176356626977,68.85245901639344,4.806666666666667,-14.107923322683707
2418,430480,RS,111,0.43008955142892835,61.261261261261254,5.733,-14.552958406561215
2419,316900,MG,56,0.42998910751304426,62.5,4.98,-15.252820512820517
2420,421740,SC,105,0.4299231083014328,71.42857142857143,5.59111111111111,-15.631785268414482
2421,430750,RS,54,0.42968262435537263,59.25925925925925,5.507499999999999,-20.225872442839943
2422,317160,MG,36,0.4296569057324391,58.333333333333336,4.478333333333333,-18.61146384479718
2423,521250,GO,1224,0.42957688766438584,64.62418300653596,5.034857142857142,-14.862799185197762
2424,311140,MG,52,0.42915597021627394,63.46153846153846,5.09,-13.872085106382983
2425,430180,RS,21,0.42911322405476265,76.19047619047619,5.466666666666667,-14.017777777777777
2426,411750,PR,295,0.4290707910016024,64.7457627118644,5.288571428571429,-14.45987386124737
2427,430830,RS,27,0.4290070971640063,62.96296296296296,5.084999999999999,-15.328117913832198
2428,352980,SP,22,0.42854173936368145,68.18181818181817,5.2075,-11.819999999999993
2429,150805,PA,92,0.42847763844973824,66.30434782608695,4.546666666666668,-13.758477751756441
2430,352900,SP,344,0.4284212670542873,64.53488372093024,5.40875,-13.183333333333323
2431,410880,PR,153,0.42837459723489857,66.01307189542483,5.102777777777778,-13.720574712643678
2432,316720,MG,707,0.4282951224790875,65.91230551626592,5.080576923076922,-15.770526106809605
2433,510830,MT,24,0.4282237895257248,50.0,4.885,-15.43468531468531
2434,312950,MG,87,0.4281205080289085,63.2183908045977,5.133333333333334,-14.49910447761194
2435,317000,MG,30,0.42808608248161295,56.666666666666664,4.255,-14.316748768472905
2436,350330,SP,219,0.42791934683127764,60.73059360730594,5.411515151515151,-13.090000000000003
2437,420125,SC,41,0.4279114671034305,60.97560975609756,5.5375000000000005,-16.125714285714288
2438,510343,MT,25,0.42786747051998725,72.0,4.9350000000000005,-16.683191489361704
2439,150560,PA,31,0.42780987585729896,64.51612903225806,4.248571428571428,-10.630510948905108
2440,312300,MG,42,0.4277193885078092,66.66666666666666,5.26,-13.514086021505372
2441,354430,SP,33,0.42746818334781805,51.515151515151516,5.336666666666667,-12.799999999999997
2442,510624,MT,84,0.4272509369778052,65.47619047619048,5.09,-14.622388059701493
2443,210170,MA,308,0.42723293866310774,67.53246753246754,3.9862000000000006,-15.406111479761117
2444,270550,AL,123,0.42722927626703344,67.47967479674797,4.353333333333333,-15.108683788121994
2445,420500,SC,69,0.4272249090289345,68.11594202898551,5.12875,-13.062957157784744
2446,520080,GO,31,0.42719884099015354,77.41935483870968,4.948333333333333,-15.23184615384616
2447,210515,MA,77,0.4271848454150444,70.12987012987013,4.190909090909091,-13.0729203539823
2448,500470,MS,153,0.42672439933232703,64.70588235294117,5.05,-15.036774193548386
2449,410110,PR,101,0.42670467741858237,59.4059405940594,5.095555555555555,-15.074117647058829
2450,420300,SC,306,0.42664428777517444,62.41830065359477,5.2811111111111115,-14.915703611457033
2451,260220,PE,134,0.4266375261567197,65.67164179104478,4.307222222222223,-15.331605504587154
2452,354300,SP,53,0.4265916398884841,71.69811320754717,4.804166666666666,-15.209999999999994
2453,150835,PA,94,0.42657045505709323,67.02127659574468,4.373333333333334,-14.74110701107011
2454,412680,PR,56,0.42656027710749805,71.42857142857143,5.198333333333333,-14.224227405247813
2455,314460,MG,77,0.4265399370311969,71.42857142857143,4.972999999999999,-15.598872901678659
2456,250460,PB,143,0.4265273366924421,69.93006993006993,4.549411764705884,-14.171913875598083
2457,350160,SP,306,0.4264546453000729,64.70588235294117,5.4829411764705895,-15.129999999999995
2458,210370,MA,119,0.4263497343221009,68.90756302521008,3.991818181818181,-13.932319859402465
2459,311260,MG,72,0.4262933878157721,63.888888888888886,5.202,-16.99734375
2460,260300,PE,117,0.42623028313115663,70.08547008547008,4.345294117647059,-15.362937293729374
2461,421500,SC,201,0.42605075203093695,59.20398009950249,5.454999999999999,-12.587000695894224
2462,353750,SP,27,0.42602467549089945,62.96296296296296,5.1625,-13.299999999999997
2463,520390,GO,42,0.42596906890375846,69.04761904761905,5.385,-13.082511848341232
2464,412880,PR,36,0.42587999211793975,69.44444444444444,5.148,-14.839874213836477
2465,351460,SP,24,0.42571589883870087,62.5,5.1975,-15.5
2466,352260,SP,99,0.42545614805161275,60.60606060606061,5.387499999999999,-14.413333333333327
2467,420290,SC,518,0.42542114030995953,69.3050193050193,5.512903225806452,-14.468620065193768
2468,421565,SC,40,0.4254126419096232,67.5,5.4025,-14.136987447698742
2469,431740,RS,157,0.4253494486928737,61.78343949044586,5.385294117647059,-15.935701091519729
2470,110145,RO,25,0.4253398285200667,52.0,4.9350000000000005,-14.012280701754388
2471,510718,MT,52,0.42527666587258345,67.3076923076923,5.04,-13.255206611570244
2472,316210,MG,216,0.42509511106541287,65.27777777777779,4.9591666666666665,-13.601224760013242
2473,251190,PB,73,0.4248665619404661,71.23287671232876,4.386666666666667,-15.590364583333335
2474,210173,MA,54,0.42475893847062945,70.37037037037037,3.6550000000000002,-13.789873417721518
2475,421860,SC,36,0.4246893166322525,50.0,5.6125,-14.07705263157895
2476,421170,SC,96,0.42467428261403734,62.5,5.531818181818182,-13.399607438016533
2477,110160,RO,52,0.424642351268056,73.07692307692307,4.744,-14.010909090909088
2478,521990,GO,35,0.4245546830240845,62.857142857142854,5.025,-11.672096774193552
2479,330187,RJ,128,0.42445795117237356,69.53125,5.12090909090909,-13.775864779874215
2480,220370,PI,184,0.42434052545540146,66.30434782608695,4.142608695652174,-15.026774193548388
2481,430900,RS,51,0.42433496721782343,66.66666666666666,5.174444444444445,-13.78594152046784
2482,352130,SP,27,0.42430468487170286,59.25925925925925,5.001666666666666,-16.200000000000003
2483,314620,MG,28,0.42429061582897015,64.28571428571429,4.556666666666667,-14.77292397660819
2484,316880,MG,24,0.4240997765290985,75.0,5.246666666666667,-14.650967741935483
2485,316680,MG,65,0.4238275567910705,63.07692307692307,4.9825,-13.838268656716416
2486,220669,PI,34,0.42369353671553733,64.70588235294117,4.008,-13.999811320754713
2487,130320,AM,100,0.4236656119515368,73.0,4.513749999999999,-11.366666666666665
2488,312420,MG,93,0.42354930012832837,68.81720430107528,4.777777777777779,-13.920260747004939
2489,314340,MG,62,0.4235291883987221,61.29032258064516,5.367999999999999,-16.281636828644498
2490,315015,MG,54,0.42341047918580016,74.07407407407408,4.8966666666666665,-14.82975308641975
2491,314720,MG,67,0.42339736096042774,70.1492537313433,5.195714285714286,-14.25941798941799
2492,330570,RJ,54,0.4233638099876127,66.66666666666666,4.949999999999999,
2493,320340,ES,95,0.42335586749709536,67.36842105263158,4.731,-13.107408993576016
2494,430064,RS,26,0.4232823101299739,76.92307692307693,5.25,-14.56397435897436
2495,353950,SP,60,0.42316352561190734,75.0,5.178333333333334,-12.760000000000005
2496,411090,PR,25,0.4230139128361601,68.0,5.225,-12.785391304347824
2497,315180,MG,462,0.4229295323662858,67.96536796536796,5.424687499999999,-13.655416316232131
2498,210820,MA,122,0.42274072140699015,68.0327868852459,4.355625000000001,-13.578686514886165
2499,410765,PR,789,0.42265172785565297,67.9340937896071,5.328055555555555,-13.247804687500002
2500,330360,RJ,154,0.4221167632724577,63.63636363636363,5.095714285714285,-12.930198938992039
2501,315150,MG,113,0.42208662135826586,65.48672566371681,5.1025,-14.059792027729637
2502,250360,PB,25,0.42192104779009787,80.0,4.146,-16.2348
2503,410960,PR,259,0.4215579419509469,69.4980694980695,5.245294117647059,-12.87078783151326
2504,350950,SP,1764,0.42148466357881037,66.26984126984127,5.407961165048542,-20.173333333333332
2505,520790,GO,50,0.42132443199110475,70.0,4.64625,-13.95580152671756
2506,317120,MG,598,0.4211854890551074,61.87290969899666,5.144848484848485,-9.220340340340345
2507,312970,MG,67,0.42104498971894505,58.2089552238806,5.292,-14.413354564755831
2508,313820,MG,349,0.4210408339831965,61.03151862464183,5.2612499999999995,-7.275472972972977
2509,330440,RJ,48,0.42090935265641827,60.416666666666664,5.0344444444444445,-14.438666666666665
2510,313320,MG,44,0.42084632634905045,63.63636363636363,5.140000000000001,-15.145048076923079
2511,260480,PE,42,0.4204391525705561,71.42857142857143,4.175714285714286,-14.326772486772484
2512,351040,SP,115,0.4202483839667225,66.08695652173913,5.333684210526316,-13.519999999999996
2513,315210,MG,191,0.4200643445876113,66.49214659685863,5.0200000000000005,-17.740822021116138
2514,350810,SP,38,0.4199540394177601,65.78947368421053,5.3725000000000005,-12.170000000000002
2515,210630,MA,63,0.4198281263579143,60.317460317460316,4.076874999999999,-14.445668789808913
2516,320110,ES,42,0.4197915207388214,69.04761904761905,4.655000000000001,-12.760388349514564
2517,353630,SP,33,0.41968125265110057,66.66666666666666,5.423333333333333,-13.0
2518,260590,PE,69,0.41961935943940465,62.31884057971014,4.311,-12.618086956521736
2519,270330,AL,84,0.4194462859997,67.85714285714286,4.183750000000001,-24.776666666666667
2520,330452,RJ,662,0.41928806028669907,69.93957703927492,5.071538461538464,-12.814033867553677
2521,312240,MG,29,0.41927298512471106,68.96551724137932,5.02,-14.006174496644295
2522,313650,MG,31,0.4186390947269925,54.83870967741935,4.5,
2523,210590,MA,51,0.418545769127551,68.62745098039215,4.21,-12.046703296703296
2524,432200,RS,130,0.4183183969925247,67.6923076923077,5.421176470588236,-13.801521035598704
2525,314480,MG,327,0.4182281710797966,68.50152905198776,5.330500000000002,-11.83334112149533
2526,411550,PR,22,0.41815290374666625,54.54545454545454,5.32,-14.544285714285719
2527,412855,PR,37,0.4181506592086585,62.16216216216216,5.218,-12.825842696629216
2528,315790,MG,56,0.4181332872627627,75.0,4.823333333333333,-13.890312499999999
2529,431000,RS,71,0.4178571476536593,57.74647887323944,5.692222222222222,-15.87328244274809
2530,354750,SP,35,0.41779846751885363,57.14285714285714,5.368333333333334,-12.030000000000001
2531,210900,MA,100,0.4174657071819905,69.0,4.658125000000001,-14.285728987993139
2532,421320,SC,121,0.4174461418456383,70.24793388429752,5.6466666666666665,-12.873299565846601
2533,230200,CE,75,0.4174194157281054,72.0,4.386428571428571,-13.92685082872928
2534,270600,AL,91,0.4172225123862133,62.637362637362635,4.078571428571428,-15.663915343915342
2535,310260,MG,139,0.41717509770219113,71.22302158273382,5.272307692307693,-15.089310344827584
2536,411060,PR,56,0.41704704867308,64.28571428571429,5.102,-13.322653061224486
2537,312965,MG,21,0.41699082291508577,57.14285714285714,4.3275,-11.642286501377404
2538,250040,PB,71,0.4167119543293067,71.83098591549296,4.297000000000001,-13.867912844036695
2539,315350,MG,33,0.41665482293268086,66.66666666666666,4.988,-15.137232704402514
2540,261520,PE,51,0.4162696419020507,54.90196078431373,4.3149999999999995,-14.017148288973386
2541,510675,MT,283,0.4160180650429201,65.01766784452296,5.051666666666666,-13.777383381924203
2542,420700,SC,281,0.4159467868595189,69.03914590747331,5.562857142857142,-13.360653827864954
2543,310740,MG,183,0.4158937680520195,57.92349726775956,5.221538461538461,-15.343110871905276
2544,521190,GO,463,0.41586109730456744,64.57883369330453,5.288437500000001,-13.003757709251097
2545,261480,PE,60,0.4158555546691929,61.66666666666667,4.361000000000001,-16.02579881656805
2546,353140,SP,40,0.4157808568727089,67.5,5.366666666666667,-14.560000000000002
2547,431510,RS,42,0.415767595119532,76.19047619047619,5.226000000000001,-11.934110429447854
2548,355600,SP,29,0.4157331388830402,62.06896551724138,5.406666666666666,-14.319999999999993
2549,316810,MG,26,0.41570706587565637,61.53846153846154,5.303333333333334,-11.827039999999995
2550,350010,SP,39,0.41566312022349267,64.1025641025641,5.48375,-13.939999999999998
2551,270140,AL,190,0.41562461749107654,67.89473684210526,4.335384615384615,-13.51582869855395
2552,420910,SC,2366,0.4156196448153754,67.41335587489434,5.546607142857142,-13.834062782294495
2553,412020,PR,21,0.415521318580178,71.42857142857143,5.41,-13.213786407766992
2554,412500,PR,34,0.41536960096179615,76.47058823529412,4.9816666666666665,-11.829775280898875
2555,431230,RS,22,0.4151093087360571,59.09090909090909,4.883333333333334,-17.201696969696968
2556,330090,RJ,49,0.4150989283485999,61.224489795918366,4.8711111111111105,-13.248125000000002
2557,354680,SP,100,0.4150787811744149,68.0,5.2214285714285715,-12.829999999999998
2558,311950,MG,30,0.41506850922623134,63.33333333333333,4.298,-13.491428571428571
2559,311350,MG,39,0.41504907137910096,79.48717948717949,4.903333333333333,-12.222409638554218
2560,320420,ES,135,0.41497921317755226,66.66666666666666,5.05,-13.66923303834808
2561,260720,PE,578,0.4148199275861468,65.39792387543253,4.530769230769231,-13.657991282237553
2562,316080,MG,22,0.4147547348265632,50.0,5.005,-13.513283582089553
2563,310270,MG,25,0.4147184777006001,64.0,4.476666666666667,-12.793642384105961
2564,220990,PI,26,0.41471647174892734,46.15384615384615,4.038333333333334,-11.63888888888889
2565,314810,MG,402,0.41466891980514203,68.65671641791045,5.142666666666667,-15.915315581854045
2566,330340,RJ,645,0.4146541474950242,64.65116279069767,5.167733333333333,-13.032851863258387
2567,292303,BA,44,0.414540905709244,50.0,4.723333333333333,-14.769639639639639
2568,431390,RS,198,0.4144632914478815,67.67676767676768,5.5581249999999995,-12.650457142857134
2569,421700,SC,81,0.41423996358936604,67.90123456790124,5.706666666666667,-13.171197916666664
2570,314070,MG,179,0.4140841388528984,58.10055865921788,5.139333333333332,-14.223720657276992
2571,431900,RS,78,0.4135892602916937,58.97435897435898,5.646666666666667,-12.866591760299624
2572,412080,PR,108,0.41357643745157957,72.22222222222221,5.423333333333333,-12.974464579901156
2573,210510,MA,90,0.41351040131674793,73.33333333333333,3.8076923076923075,-12.148318181818183
2574,130240,AM,167,0.4134824618440644,74.25149700598801,4.415384615384616,-11.80796315975912
2575,510706,MT,161,0.41343223098654125,67.70186335403726,5.203,-14.259340659340655
2576,420900,SC,90,0.4134250622601445,62.22222222222222,5.5512500000000005,-7.5232234432234435
2577,312440,MG,37,0.41342449792054414,64.86486486486487,4.7459999999999996,-13.489016393442625
2578,330220,RJ,257,0.41319592441236014,64.59143968871595,5.003235294117648,-13.047587976539589
2579,510620,MT,26,0.41291788549364483,73.07692307692307,5.01,-12.863398058252425
2580,421725,SC,23,0.41279391827561407,60.86956521739131,5.865,-11.81614583333333
2581,510080,MT,55,0.41266292585857245,70.9090909090909,4.887499999999999,-12.342437810945277
2582,312830,MG,81,0.41260407924919373,67.90123456790124,5.156,-14.590168776371309
2583,352450,SP,25,0.41259552844385383,68.0,5.365,-11.939999999999998
2584,411570,PR,194,0.4125496706397711,65.4639175257732,5.399166666666668,-13.172735562310034
2585,316850,MG,38,0.41250392595311186,65.78947368421053,4.9475,-20.29750455373406
2586,351230,SP,35,0.41240973883294646,62.857142857142854,5.306,-10.519999999999996
2587,520970,GO,134,0.4122362965813324,66.4179104477612,5.097777777777778,-12.805006622516556
2588,431760,RS,144,0.41186059881992637,68.75,5.376315789473684,-12.614980392156863
2589,311820,MG,20,0.41151773235868794,70.0,5.04,-13.105227272727271
2590,421840,SC,40,0.4114750914674956,65.0,5.4975,-12.673085106382976
2591,211102,MA,70,0.4113388428531604,72.85714285714285,3.92,-11.794235668789804
2592,420050,SC,30,0.41122256786199485,66.66666666666666,5.0325,-12.213030303030308
2593,130020,AM,76,0.41111230184082437,64.47368421052632,3.8350000000000004,-12.771595744680852
2594,330023,RJ,240,0.41082479373692976,67.91666666666667,5.025882352941178,-12.134177606177603
2595,420040,SC,29,0.41077467295353404,62.06896551724138,5.4025,-11.850591715976332
2596,432140,RS,47,0.4107586189998444,68.08510638297872,5.03875,-12.58821138211382
2597,312160,MG,205,0.4107181291321641,71.21951219512195,4.858181818181818,-14.723832020997378
2598,431610,RS,31,0.41058036129991726,61.29032258064516,5.58,-15.120634920634917
2599,110007,RO,43,0.4104904027664289,62.7906976744186,4.881428571428572,-14.268064516129026
2600,220173,PI,43,0.4102529499040419,53.48837209302325,4.045,-17.159708737864076
2601,260230,PE,158,0.4102161091538911,70.88607594936708,4.164999999999999,-12.644354194407457
2602,220520,PI,58,0.41008875375586823,72.41379310344827,4.060999999999999,-12.581111111111111
2603,420960,SC,76,0.41007807530434254,72.36842105263158,5.63,-10.464008179959098
2604,317080,MG,111,0.4100108257432658,67.56756756756756,4.708666666666665,-14.153079365079364
2605,412400,PR,26,0.4100058920162878,57.692307692307686,5.154999999999999,-12.304193548387099
2606,261580,PE,70,0.4099341689681445,72.85714285714285,4.195,-11.523553299492391
2607,421160,SC,65,0.40970562018294326,76.92307692307693,5.615714285714286,-14.00917421953676
2608,351850,SP,37,0.409641536978329,72.97297297297297,5.156666666666666,-11.480000000000004
2609,330300,RJ,93,0.40951545123635624,64.51612903225806,4.807142857142858,-11.467105831533473
2610,520920,GO,84,0.4095131679991601,63.095238095238095,4.987,-12.959076923076925
2611,316350,MG,23,0.40946206113783673,69.56521739130434,4.466,-12.927540983606555
2612,317047,MG,20,0.4094572993467451,55.00000000000001,4.91,-15.73611111111111
2613,314390,MG,361,0.409234462849629,69.52908587257618,4.966585365853658,-11.58514411664971
2614,431265,RS,70,0.40916055362390896,72.85714285714285,5.596666666666666,-11.121088235294115
2615,250020,PB,20,0.4091298276648404,60.0,4.443333333333333,-14.064954128440364
2616,316740,MG,29,0.40911789628819306,75.86206896551724,5.0649999999999995,-8.200806451612905
2617,355635,SP,21,0.4088392664858957,42.857142857142854,5.3,-14.659999999999997
2618,320430,ES,71,0.40877133394192494,80.28169014084507,4.824999999999999,-10.93534031413613
2619,160053,AP,128,0.40866399436501566,57.8125,4.399166666666667,-14.954217791411043
2620,350320,SP,384,0.40846287395840064,64.58333333333334,5.411836734693879,-14.196666666666658
2621,350570,SP,852,0.4083372625206048,66.66666666666666,5.360389610389613,-11.870000000000005
2622,320520,ES,1726,0.40828314468491833,67.61297798377753,5.086219512195119,-12.084922224840914
2623,330210,RJ,76,0.4081688778872485,69.73684210526315,4.921111111111111,-12.287219251336897
2624,354580,SP,293,0.4081162651541496,69.96587030716724,5.482666666666667,-9.340000000000003
2625,352042,SP,40,0.4078930771382524,62.5,5.2075,-12.400000000000006
2626,311910,MG,95,0.4078891975591758,66.3157894736842,4.674,-16.60424778761062
2627,317170,MG,29,0.40776789715976897,65.51724137931035,4.966666666666667,-12.099148936170216
2628,110170,RO,66,0.4076177121437497,66.66666666666666,4.838333333333333,-14.01838596491228
2629,230370,CE,1553,0.407572224401668,64.90663232453316,4.484358974358976,-15.89253708825748
2630,310760,MG,24,0.4072709284673341,70.83333333333334,4.97,-10.959263157894739
2631,130090,AM,71,0.4071627574180564,76.05633802816901,4.285,
2632,314140,MG,70,0.4071411038542318,65.71428571428571,4.503636363636364,-11.075953654188947
2633,220855,PI,20,0.40695037612895096,65.0,4.43,-11.64602739726027
2634,315720,MG,136,0.4069484135007584,66.91176470588235,5.1692857142857145,-11.687798165137618
2635,210805,MA,50,0.40677126632903465,66.0,3.9048148148148147,-12.694677966101695
2636,354190,SP,23,0.40671028086131605,60.86956521739131,5.06,-11.209999999999994
2637,311240,MG,26,0.40645130601733287,84.61538461538461,5.08,
2638,351930,SP,85,0.406405778566587,76.47058823529412,5.343076923076923,-11.219999999999999
2639,500390,MS,22,0.406092712455982,77.27272727272727,5.039999999999999,-10.570176991150445
2640,510035,MT,31,0.40607971416741445,70.96774193548387,5.01,-9.09587301587301
2641,110060,RO,30,0.4060173563426425,60.0,4.8625,-13.857552447552445
2642,320280,ES,211,0.4058094244115628,66.35071090047393,5.044444444444445,-12.28673130193906
2643,421880,SC,47,0.4057391367900108,72.3404255319149,5.44,-9.928294270833328
2644,520870,GO,3522,0.40566421562880034,67.60363429869393,5.162078431372549,-11.9759109151546
2645,290870,BA,35,0.40539625453304284,74.28571428571429,4.661,
2646,351150,SP,78,0.4053890616456074,67.94871794871796,5.463076923076923,-10.849999999999994
2647,350690,SP,28,0.4051258494023551,75.0,5.3325,-10.25
2648,310020,MG,80,0.4050625035019565,71.25,5.057142857142858,-13.588197725284342
2649,351690,SP,21,0.4049549723414006,61.904761904761905,5.262499999999999,-12.650000000000006
2650,210177,MA,82,0.40484908624502924,59.756097560975604,4.351666666666667,-13.02976133651551
2651,354170,SP,25,0.4048001363894697,60.0,5.297499999999999,-11.569999999999993
2652,110001,RO,119,0.40471567487512017,57.98319327731093,4.8984615384615395,-13.675099601593624
2653,320120,ES,776,0.4045494667759759,64.17525773195877,5.0034426229508195,-13.994359444589996
2654,314930,MG,253,0.4045484352380698,64.82213438735178,5.2005,-12.187784981091303
2655,520170,GO,87,0.40450109797170797,72.41379310344827,5.111111111111112,-12.120630630630632
2656,110143,RO,27,0.4044812232580667,81.48148148148148,4.815,-14.091265060240964
2657,421120,SC,112,0.4042196041250556,72.32142857142857,5.432222222222221,-11.943835616438356
2658,220672,PI,50,0.40409787383530316,60.0,4.346666666666667,-13.566494845360822
2659,313940,MG,384,0.4039450655828503,66.40625,4.950689655172413,-12.889220314735333
2660,315980,MG,92,0.4035105707854583,65.21739130434783,4.966666666666667,-12.959682875264267
2661,314080,MG,49,0.4034365771251553,79.59183673469387,5.0920000000000005,-10.711743119266057
2662,350100,SP,34,0.40311381479005065,58.82352941176471,5.333333333333333,-12.219999999999999
2663,420100,SC,34,0.4030572139263962,58.82352941176471,5.333333333333333,-13.14836644591612
2664,110032,RO,112,0.4029787212747315,69.64285714285714,4.846363636363637,-11.46068181818182
2665,230526,CE,58,0.40286764393611546,51.724137931034484,4.1466666666666665,-14.116575342465755
2666,316290,MG,85,0.40285320599924385,65.88235294117646,4.992857142857143,-10.822248803827753
2667,315290,MG,35,0.4028514220592547,74.28571428571429,5.09,-15.267202380952376
2668,431675,RS,26,0.40278556358622214,73.07692307692307,5.59,-14.45156989247312
2669,410180,PR,747,0.4027648537752409,70.81659973226239,5.3797999999999995,-10.739066666666671
2670,260580,PE,37,0.40274147044446523,70.27027027027027,4.242857142857143,-10.665177664974616
2671,350700,SP,131,0.4026802855050484,68.70229007633588,5.335500000000001,-10.170000000000002
2672,352740,SP,25,0.4026374342038711,64.0,5.388333333333334,-11.739999999999995
2673,312860,MG,27,0.40258441875980544,88.88888888888889,5.14,-13.685357142857146
2674,314470,MG,69,0.4024876104634413,65.21739130434783,5.222857142857142,-13.277872340425532
2675,510880,MT,26,0.4024764522798253,65.38461538461539,4.986666666666667,-12.350000000000003
2676,313190,MG,241,0.40223972373660005,73.44398340248964,5.270588235294118,-15.185830769230765
2677,330415,RJ,109,0.40213832950369216,67.88990825688074,4.968181818181818,-12.049643463497453
2678,355080,SP,26,0.4018541762540552,88.46153846153845,5.17,-11.340000000000003
2679,421950,SC,193,0.40176258771901463,73.57512953367875,5.439,-11.21903017972194
2680,520620,GO,382,0.4017188793711055,65.44502617801047,5.068695652173914,-11.555005246589719
2681,510517,MT,62,0.40117404651504357,67.74193548387096,4.916666666666667,-12.992313167259788
2682,261110,PE,1894,0.40105341981501447,68.0570221752904,4.642421874999999,-11.843277169334456
2683,421360,SC,104,0.40083077191085614,69.23076923076923,5.300909090909091,-12.689186991869915
2684,110006,RO,59,0.40072592990333117,61.016949152542374,5.135,-12.345652173913045
2685,410690,PR,5064,0.40066175291839123,68.75987361769353,5.536061538461541,-11.832613968724413
2686,315430,MG,55,0.400638885994837,67.27272727272727,4.89,-13.88008064516129
2687,310600,MG,42,0.4005751421663394,57.14285714285714,5.03,-14.62985507246377
2688,311750,MG,103,0.40043772593689786,67.96116504854369,4.728000000000001,-13.581702432045782
2689,430530,RS,32,0.40031769995760197,53.125,5.6175,-15.275741935483868
2690,150175,PA,38,0.3998343589308842,65.78947368421053,4.158888888888888,-11.830666666666666
2691,314700,MG,380,0.3998075306579617,69.21052631578948,4.991714285714286,-11.540831636116767
2692,260700,PE,111,0.3995125438324347,72.97297297297297,4.092727272727273,-13.116356877323419
2693,421890,SC,34,0.39932107519618076,61.76470588235294,5.402857142857143,-11.309369369369366
2694,411995,PR,165,0.3990922267142598,68.48484848484848,5.286923076923077,-13.74591784338896
2695,315895,MG,141,0.39900476259795953,71.63120567375887,5.031818181818181,-10.136526946107782
2696,315630,MG,46,0.3988822844600111,63.04347826086957,5.05,-14.998392857142857
2697,420610,SC,31,0.3988734383148177,61.29032258064516,5.61,-12.129885057471263
2698,354330,SP,197,0.39868411210973514,61.42131979695431,5.440256410256409,-13.059999999999988
2699,350635,SP,204,0.39827624717963983,70.09803921568627,5.0705,-10.420000000000002
2700,261420,PE,155,0.39812618265776567,59.354838709677416,4.3675,-13.31088010204082
2701,317200,MG,130,0.39779582584602785,68.46153846153847,4.964166666666668,-14.011037037037035
2702,313810,MG,23,0.39767108001806006,56.52173913043478,4.6225,-14.070088495575224
2703,310375,MG,43,0.39755179005069086,81.3953488372093,5.125,-11.835
2704,315200,MG,133,0.39740339771801486,72.93233082706767,4.952999999999999,-10.316906510034263
2705,250900,PB,43,0.39705106705708837,67.44186046511628,4.172499999999999,-15.897981651376147
2706,110012,RO,556,0.3969983529391599,68.5251798561151,4.967608695652173,-12.103743141865415
2707,150797,PA,130,0.39649806245006497,71.53846153846153,4.2975,-11.80166144200627
2708,316292,MG,184,0.3963752899034466,63.04347826086957,5.112857142857143,-13.818784119106699
2709,430640,RS,108,0.39634661651258124,71.29629629629629,5.5681818181818175,-9.64398478364242
2710,313950,MG,91,0.39602988981932713,70.32967032967034,4.877999999999999,-11.280863309352519
2711,316295,MG,132,0.39587360378958464,71.21212121212122,5.31375,-10.956762360446572
2712,313868,MG,30,0.3958316085656255,76.66666666666667,4.22,-10.996220472440946
2713,430087,RS,34,0.39581933007653003,67.64705882352942,5.293333333333333,-19.342122641509434
2714,315550,MG,60,0.39562309017279274,66.66666666666666,5.2275,-11.734415204678362
2715,351000,SP,42,0.39560867481443146,78.57142857142857,5.346,-10.63666666666667
2716,260010,PE,142,0.39530903548101726,66.90140845070422,4.514666666666668,-11.679316770186334
2717,430860,RS,115,0.3952980347188896,68.69565217391305,5.51857142857143,-8.177306805074975
2718,421000,SC,67,0.3951368307353101,59.70149253731343,5.66625,-16.35225563909774
2719,432260,RS,201,0.39506122771784047,66.16915422885572,5.385600000000001,-11.188766666666663
2720,320501,ES,157,0.3950600326703293,62.42038216560509,4.662727272727272,-10.983713620488942
2721,521483,GO,58,0.39472662983349677,68.96551724137932,5.001666666666667,-12.036208053691274
2722,250420,PB,27,0.394714826373884,59.25925925925925,4.085,-15.878316831683168
2723,410060,PR,72,0.3946427759471864,68.05555555555556,5.220000000000001,-12.608622754491016
2724,411150,PR,95,0.39462592707808675,78.94736842105263,5.206,-10.347633744855967
2725,510629,MT,68,0.3946124533711789,67.64705882352942,4.9471428571428575,-10.37077380952381
2726,410860,PR,123,0.39455350284028307,68.29268292682927,5.276,-12.529965694682677
2727,210375,MA,71,0.3944991660770188,53.52112676056338,4.53,-12.02039267015707
2728,261245,PE,61,0.3944901989812396,72.1311475409836,4.1375,-10.824383561643836
2729,510730,MT,101,0.3940276167278911,58.415841584158414,5.1000000000000005,-13.109743589743587
2730,320490,ES,588,0.39389778138131565,73.12925170068027,4.883499999999999,-6.3234980816971325
2731,420650,SC,224,0.3938163803091679,67.85714285714286,5.4664705882352935,-10.92680325486777
2732,313005,MG,35,0.39377341572698205,71.42857142857143,4.3566666666666665,-13.624959349593496
2733,270350,AL,26,0.39362858505644055,69.23076923076923,4.5375,-13.693503184713379
2734,354970,SP,84,0.39315837035619355,66.66666666666666,5.39705882352941,-12.096666666666664
2735,311780,MG,42,0.39314802887569683,73.80952380952381,5.164000000000001,-10.102089552238805
2736,410100,PR,87,0.39290347223188843,66.66666666666666,5.21,-12.214999999999996
2737,310710,MG,158,0.39272839679272203,64.55696202531645,5.062307692307693,-12.258074074074074
2738,410400,PR,288,0.3924941928747038,70.48611111111111,5.177368421052632,-11.369999999999997
2739,431935,RS,21,0.3924619899360176,61.904761904761905,5.82,-11.631875
2740,250170,PB,24,0.3923870111389997,75.0,4.48,-12.609008264462812
2741,210790,MA,96,0.39229095077728715,63.541666666666664,4.041333333333334,-11.556772009029343
2742,220700,PI,134,0.39205205676063815,79.1044776119403,4.119130434782609,-10.87557803468208
2743,352360,SP,23,0.39193923774513567,69.56521739130434,5.203333333333333,-10.099999999999994
2744,420170,SC,34,0.3917535546188429,55.88235294117647,5.656666666666667,-10.269558823529414
2745,410645,PR,32,0.39158657791325674,75.0,4.812,-9.239390243902438
2746,421420,SC,51,0.391534381470993,68.62745098039215,5.433333333333334,-11.369568965517244
2747,500568,MS,81,0.39153009750912116,66.66666666666666,5.096,-12.514070981210859
2748,260030,PE,104,0.3913844361790544,65.38461538461539,4.090000000000001,-12.337575057736721
2749,412667,PR,51,0.3913655941584011,78.43137254901961,4.84,-10.569423868312764
2750,311160,MG,72,0.3911875557789447,63.888888888888886,4.975,-11.560530973451328
2751,411190,PR,95,0.3911062617143906,69.47368421052632,5.28,-10.537227722772279
2752,353920,SP,48,0.3910342434869789,72.91666666666666,5.32,-10.560000000000002
2753,251690,PB,35,0.39098348293395735,74.28571428571429,4.4425,-19.731673582295983
2754,521710,GO,94,0.3909725295902212,71.27659574468085,5.196666666666667,-11.702204424103737
2755,410442,PR,90,0.39086828997137396,63.33333333333333,4.985454545454545,-11.00034965034965
2756,354940,SP,69,0.390406915397158,62.31884057971014,5.383636363636364,-15.596666666666664
2757,431790,RS,58,0.39029372194640094,70.6896551724138,5.532,-11.72857487922705
2758,313780,MG,83,0.39009840417233876,71.08433734939759,5.284285714285714,-11.299439999999999
2759,521450,GO,151,0.3898619152522195,72.84768211920529,5.132222222222223,-10.365877659574465
2760,110030,RO,474,0.3896755804699308,71.72995780590718,5.152666666666666,-11.02274757690687
2761,510525,MT,492,0.389652033714484,66.46341463414635,5.137894736842106,-11.435458515283841
2762,411630,PR,24,0.3895535162828865,66.66666666666666,,-11.472857142857144
2763,251310,PB,21,0.3894719279265721,76.19047619047619,4.1579999999999995,-11.25118279569892
2764,314330,MG,1444,0.3894601448748929,68.62880886426593,4.87912087912088,-11.37641617438293
2765,510020,MT,151,0.3894408860391871,68.21192052980133,5.226000000000001,-11.042955801104974
2766,430450,RS,124,0.38941740749074605,66.12903225806451,5.265333333333333,-7.4635999999999925
2767,314587,MG,52,0.38927338035466474,71.15384615384616,4.753333333333333,-9.918909090909091
2768,312380,MG,29,0.3892071819781989,65.51724137931035,4.906666666666667,-14.814965034965038
2769,312810,MG,48,0.38914443206261945,70.83333333333334,5.128333333333334,-10.96493288590604
2770,420690,SC,82,0.3891425012445409,71.95121951219512,5.636,-10.461475409836062
2771,353850,SP,22,0.3891183667365377,72.72727272727273,5.138,-10.439999999999998
2772,430850,RS,132,0.3889436277201934,73.48484848484848,5.367500000000001,-11.491123476417592
2773,410445,PR,80,0.3888079612798285,68.75,4.958571428571429,-11.375039164490858
2774,210340,MA,192,0.38872400086168063,63.541666666666664,3.9940000000000007,-12.310981856990397
2775,315220,MG,123,0.38868452783722757,71.54471544715447,4.535294117647059,-12.092730696798501
2776,220275,PI,25,0.38832989087460384,76.0,4.5528571428571425,-8.40815384615384
2777,430910,RS,190,0.38826375994124385,67.36842105263158,5.53,-9.04574990410433
2778,261230,PE,52,0.387566344486248,71.15384615384616,4.244285714285714,-11.097564102564103
2779,420768,SC,26,0.3875395871541712,80.76923076923077,5.6,-11.227672413793107
2780,311570,MG,27,0.38745549739910695,48.148148148148145,4.923333333333333,-13.486774193548385
2781,315450,MG,28,0.38739822723272443,89.28571428571429,4.414,-10.983999999999998
2782,354520,SP,258,0.3873841792284263,67.44186046511628,5.499259259259259,-11.740000000000009
2783,314875,MG,23,0.38721342330993086,82.6086956521739,4.733333333333333,-18.229999999999997
2784,421380,SC,40,0.38638457605349086,77.5,5.36,-8.683300492610833
2785,420780,SC,43,0.38623263377554734,72.09302325581395,5.4925,-15.05206008583691
2786,320510,ES,461,0.38614870546854946,68.76355748373102,4.966250000000001,-10.513953908721193
2787,316970,MG,84,0.385895844280798,67.85714285714286,4.7425,-12.67259541984733
2788,250940,PB,52,0.38577269797082364,69.23076923076923,4.218,-11.987500000000004
2789,320530,ES,1104,0.38566633865018224,70.1086956521739,5.070158730158731,-10.546748688257646
2790,312960,MG,30,0.3853980035285209,70.0,4.57,-14.068461538461538
2791,421640,SC,52,0.3853496587362076,71.15384615384616,5.425,
2792,316180,MG,48,0.3853054411783549,64.58333333333334,5.180000000000001,-11.339641255605386
2793,260610,PE,81,0.3852721087397274,62.96296296296296,4.2325,-11.381004566210047
2794,313490,MG,97,0.38511904544105435,57.73195876288659,5.194285714285714,-8.425859213250517
2795,312352,MG,26,0.38505536740375734,88.46153846153845,4.6466666666666665,-15.442576832151298
2796,420270,SC,31,0.3850412567866985,64.51612903225806,5.3566666666666665,-9.213539094650208
2797,313290,MG,51,0.3850009545749188,66.66666666666666,5.221666666666667,-10.746872427983538
2798,520017,GO,29,0.38493132311601036,51.724137931034484,5.0675,-7.9939156626506005
2799,313240,MG,252,0.38487709701017175,69.84126984126983,5.202413793103448,-10.45948571428572
2800,432040,RS,71,0.38474289550505425,87.32394366197182,5.5528571428571425,-7.7913880126182935
2801,411300,PR,47,0.3846431265900902,68.08510638297872,5.35,-10.53982456140351
2802,210100,MA,129,0.3846189406214271,69.76744186046511,4.124799999999999,-10.203748148148149
2803,251240,PB,75,0.38440123409859484,74.66666666666667,4.522857142857143,-11.659156010230184
2804,421917,SC,26,0.38408422072851967,73.07692307692307,5.37,-9.807840375586858
2805,411770,PR,153,0.38394982143233347,70.58823529411765,5.32090909090909,-11.150601503759395
2806,315415,MG,32,0.38376899761519184,78.125,4.893333333333333,-10.641204301075266
2807,351240,SP,63,0.38374658001075124,68.25396825396825,5.317777777777778,-10.400000000000006
2808,330470,RJ,135,0.3837096057429086,74.07407407407408,4.9719999999999995,-9.830385208012327
2809,320380,ES,56,0.38332005796726426,71.42857142857143,4.786666666666666,-10.33
2810,270820,AL,30,0.38331870319016237,63.33333333333333,4.127142857142857,-10.678246753246755
2811,521730,GO,119,0.3832170104494099,66.38655462184873,5.059166666666667,-11.144502369668247
2812,320480,ES,51,0.38295848128794924,76.47058823529412,4.8775,-10.66637130801688
2813,420450,SC,80,0.3828751077572373,71.25,5.7,-9.991363636363637
2814,520840,GO,62,0.38268567302651885,79.03225806451613,5.090000000000001,-9.001385542168673
2815,316890,MG,28,0.3826807090996042,64.28571428571429,5.336666666666667,-10.091145038167937
2816,311420,MG,82,0.3826172065654999,65.85365853658537,5.106666666666667,-10.31271662763466
2817,431330,RS,94,0.3825191490427109,76.59574468085107,5.666,-10.011063698206552
2818,520055,GO,42,0.38251529130061246,71.42857142857143,5.154999999999999,-10.445
2819,351750,SP,44,0.382507309339363,68.18181818181817,5.388,-9.459999999999994
2820,520145,GO,20,0.3824582062877077,75.0,5.045,-7.169259259259256
2821,317050,MG,39,0.3824244553988846,74.35897435897436,4.9375,-17.925054945054946
2822,130430,AM,95,0.38237057524741447,69.47368421052632,4.113333333333333,-6.415312500000001
2823,313990,MG,45,0.38230936730314424,82.22222222222221,4.881666666666667,-9.208791666666668
2824,311290,MG,31,0.38224406446579584,90.32258064516128,4.762,-10.362857142857145
2825,410470,PR,59,0.38220523727616373,76.27118644067797,5.235,-9.83349397590361
2826,310230,MG,37,0.38216936028869514,75.67567567567568,4.865,-14.459644012944985
2827,311650,MG,27,0.38215443264776644,70.37037037037037,4.6125,-10.590000000000003
2828,260890,PE,149,0.38171752682043697,72.48322147651007,4.331363636363636,-10.296288659793811
2829,410850,PR,46,0.3816960470423228,65.21739130434783,5.08,-12.961818181818183
2830,330420,RJ,410,0.38165845676946575,66.82926829268293,5.152424242424243,-9.519097596861203
2831,521010,GO,100,0.38159905240681286,76.0,5.082307692307693,-10.894409005628523
2832,110028,RO,263,0.38134500158813733,70.34220532319392,5.035999999999998,-10.022698295033354
2833,410080,PR,39,0.3811676820341094,74.35897435897436,5.15,-9.019999999999998
2834,110100,RO,67,0.3810384489890972,73.13432835820896,4.768,-12.087599999999998
2835,520455,GO,24,0.3809685498258393,66.66666666666666,4.93,-12.559464285714288
2836,313760,MG,229,0.3807355720273789,66.8122270742358,5.32578947368421,-4.895331010452969
2837,421900,SC,86,0.38063887323200435,59.30232558139535,5.7155555555555555,-10.859800000000002
2838,421820,SC,216,0.3806355372767272,71.29629629629629,5.742307692307692,-10.893445896877274
2839,410980,PR,255,0.38017496439407167,67.84313725490196,5.3500000000000005,-10.981761409127298
2840,411250,PR,37,0.38016239114986683,64.86486486486487,4.989999999999999,-11.141083743842366
2841,210467,MA,110,0.38008544590456383,69.0909090909091,4.233157894736842,-10.56638230647709
2842,352470,SP,105,0.37996970365517246,70.47619047619048,5.508571428571428,-9.780000000000001
2843,411450,PR,52,0.3799333461344856,71.15384615384616,5.315714285714286,-10.31460076045627
2844,421790,SC,28,0.37985361985430305,82.14285714285714,5.435,
2845,320160,ES,173,0.3796988899174962,68.20809248554913,4.834666666666666,-9.46929243353783
2846,521760,GO,589,0.379453481825862,69.60950764006792,4.909999999999998,-9.731631866366847
2847,510622,MT,346,0.37928842715899874,65.89595375722543,5.170909090909091,-10.488047404063204
2848,520510,GO,371,0.37905984162204,72.77628032345014,5.287741935483871,-9.120000000000005
2849,260795,PE,32,0.37882784497927735,59.375,4.278333333333332,-10.980533333333334
2850,317107,MG,26,0.37852999223922357,73.07692307692307,4.672499999999999,-9.667881355932204
2851,316447,MG,32,0.37851294322226037,81.25,4.865,-10.916516129032264
2852,261360,PE,113,0.3784077440689808,71.68141592920354,4.454166666666667,-9.500000000000004
2853,330245,RJ,40,0.37824290476255973,62.5,5.1240000000000006,-8.98367647058824
2854,412788,PR,55,0.3781926807847873,69.0909090909091,4.8950000000000005,-10.146249999999997
2855,312480,MG,34,0.37803154844903697,47.05882352941176,5.294,-7.544306569343067
2856,315213,MG,23,0.3777926432041571,60.86956521739131,4.465,-11.642935779816513
2857,420430,SC,373,0.37732545067735096,70.50938337801608,5.5827027027027025,-12.585690235690231
2858,314710,MG,348,0.377193262893531,67.81609195402298,5.198620689655172,-10.761534391534394
2859,521220,GO,72,0.3771409451069535,69.44444444444444,5.085454545454546,-10.792661290322584
2860,210800,MA,79,0.37711807632410144,65.82278481012658,4.3549999999999995,-11.039888143176732
2861,421220,SC,86,0.37688404992682745,66.27906976744185,5.312857142857142,-9.883434343434338
2862,411330,PR,173,0.37681511936693873,72.83236994219652,5.141666666666667,-9.747284916201117
2863,432190,RS,104,0.3767925851152262,75.96153846153845,5.47,-11.723752380952389
2864,420400,SC,56,0.3767297585149181,78.57142857142857,5.3325,-9.575144927536229
2865,420850,SC,127,0.37663153143985667,73.22834645669292,5.543000000000001,-9.620726429675424
2866,421750,SC,117,0.37643336212577383,64.95726495726495,5.596,-13.173652173913041
2867,421780,SC,54,0.37640733515748787,70.37037037037037,5.63,
2868,110015,RO,148,0.3763281345530219,65.54054054054053,4.979333333333333,-10.516675603217156
2869,431780,RS,68,0.37630427407406664,72.05882352941177,5.31125,-10.239378349410503
2870,430820,RS,132,0.3762617254702682,75.75757575757575,5.707333333333333,-8.829994535519125
2871,420090,SC,23,0.37621861244600674,78.26086956521739,5.5725,
2872,110155,RO,24,0.3760921488359065,75.0,4.87,-10.962809917355372
2873,411440,PR,85,0.3758542110111631,71.76470588235294,5.161666666666667,-10.28226600985222
2874,210197,MA,43,0.3756973504395173,67.44186046511628,4.283333333333333,-10.05027149321267
2875,313535,MG,27,0.375594513378141,70.37037037037037,4.508333333333333,-14.79864705882353
2876,410975,PR,32,0.3753455434687847,75.0,4.8999999999999995,-8.5921568627451
2877,313340,MG,42,0.37491595172141834,73.80952380952381,5.29,-9.114545454545457
2878,261030,PE,56,0.3748634723694213,71.42857142857143,4.37125,-9.594999999999999
2879,412217,PR,21,0.3748306435813117,71.42857142857143,4.876666666666667,-8.375416666666665
2880,352280,SP,26,0.37476332037543564,88.46153846153845,5.003333333333333,-9.900000000000006
2881,354640,SP,72,0.37469283122221425,68.05555555555556,5.301666666666667,-10.200000000000003
2882,210940,MA,32,0.37415412988893587,68.75,3.88875,-7.489689119170981
2883,351110,SP,141,0.3739862030017514,68.08510638297872,5.278076923076924,-9.730000000000004
2884,314610,MG,245,0.3739857877627898,67.75510204081633,5.159666666666669,-9.17464604236343
2885,320080,ES,120,0.3739831158409152,69.16666666666667,5.161764705882354,-8.434248704663212
2886,320332,ES,268,0.37369204691765606,72.38805970149254,4.972777777777777,-8.611708154506434
2887,315445,MG,26,0.3736466957435108,57.692307692307686,4.6225,-8.577243589743588
2888,315217,MG,51,0.37360590656879816,58.82352941176471,4.364000000000001,-9.712857142857148
2889,421030,SC,40,0.3735873130364642,65.0,5.25,-8.446045197740114
2890,410070,PR,47,0.373332279038831,72.3404255319149,5.131428571428571,-10.889419642857142
2891,313300,MG,50,0.3730244822299579,82.0,5.104,-8.371470588235292
2892,520360,GO,22,0.3727597440980276,63.63636363636363,4.835,-6.857065217391309
2893,313865,MG,42,0.37271713543875584,76.19047619047619,4.616666666666667,-9.625728643216085
2894,410940,PR,937,0.37270785848964455,71.39807897545357,5.227142857142856,-9.160018844221106
2895,421600,SC,52,0.3726572800165534,73.07692307692307,5.6,
2896,211170,MA,43,0.3723959824642038,72.09302325581395,4.173125000000001,-11.28837837837838
2897,314655,MG,20,0.37230329679698043,65.0,4.234999999999999,-10.721043478260864
2898,261330,PE,101,0.372289010468084,71.28712871287128,4.125,-9.777413441955195
2899,412740,PR,68,0.37220139509387595,66.17647058823529,5.0922222222222215,-8.019417475728158
2900,430790,RS,326,0.37162329365537256,73.00613496932516,5.6342857142857135,-10.635359342915812
2901,520640,GO,54,0.37161827045484164,70.37037037037037,5.11,-8.04892988929889
2902,421125,SC,21,0.3715750282540013,80.95238095238095,5.57,-10.323809523809526
2903,311890,MG,24,0.3715518566484735,66.66666666666666,4.8525,-9.887394957983192
2904,411705,PR,31,0.3712564137711852,70.96774193548387,5.0,-7.2153947368421045
2905,420390,SC,97,0.37121493238985315,68.04123711340206,5.562,-9.150664206642062
2906,160023,AP,64,0.371112255755652,65.625,4.5025,-13.743580246913577
2907,500315,MS,151,0.37085537464980134,70.19867549668875,4.91,-10.51073282442748
2908,520490,GO,102,0.37084931495171036,68.62745098039215,4.786666666666667,-9.601796008869183
2909,420550,SC,211,0.37068943287244477,72.51184834123224,5.315,-8.840577540106949
2910,315580,MG,57,0.37042322238963965,63.1578947368421,5.026666666666666,-8.361728813559322
2911,210545,MA,26,0.3703195155812652,61.53846153846154,4.20375,-9.309793814432986
2912,432225,RS,31,0.37012073353857766,64.51612903225806,5.68,-11.253230769230766
2913,430890,RS,59,0.3700343734219198,71.1864406779661,5.463750000000001,-10.292848484848484
2914,355160,SP,48,0.3699663408142561,70.83333333333334,5.344285714285714,
2915,260805,PE,39,0.36989514229057285,79.48717948717949,4.684285714285714,-8.568465608465608
2916,315060,MG,20,0.3698595256766078,75.0,4.99,-7.80044247787611
2917,210400,MA,72,0.36969134894115574,77.77777777777779,4.144285714285713,-9.026999999999997
2918,317065,MG,30,0.3696699969969932,90.0,4.906666666666667,-6.5288034188034185
2919,521150,GO,470,0.3696147292555986,70.63829787234043,5.211199999999999,-7.956164263870686
2920,316710,MG,60,0.36960599115045056,66.66666666666666,4.556,
2921,316760,MG,84,0.3693440872837727,65.47619047619048,4.79125,-4.901952259164535
2922,411890,PR,52,0.3692572167210969,53.84615384615385,5.273333333333333,-9.317021276595742
2923,521370,GO,42,0.3692440052024513,73.80952380952381,5.24,-8.9482320441989
2924,330385,RJ,114,0.3692297731894705,69.2982456140351,4.992142857142857,-8.663578947368421
2925,431290,RS,36,0.36916959581723785,66.66666666666666,5.566666666666667,-4.526546906187624
2926,412790,PR,45,0.369107545032819,68.88888888888889,5.163333333333333,-9.879150943396228
2927,421460,SC,25,0.36910339266539943,52.0,5.665,-11.735223577235777
2928,211060,MA,140,0.36899443721516223,66.42857142857143,4.067083333333333,-8.955466237942115
2929,310400,MG,437,0.36885236689037937,74.14187643020595,5.331935483870969,-8.075648312611012
2930,313630,MG,214,0.36860190229331186,73.83177570093457,4.861111111111111,-10.57053532524121
2931,410160,PR,130,0.3685767091789252,71.53846153846153,5.187142857142857,-8.407844827586208
2932,522010,GO,118,0.36836655873796215,75.42372881355932,5.255833333333333,-8.444975845410628
2933,292030,BA,33,0.368331429986082,72.72727272727273,4.1850000000000005,-9.68136645962733
2934,312595,MG,61,0.3680798892225717,67.21311475409836,4.6025,-8.209043478260867
2935,315420,MG,35,0.36798769973250123,71.42857142857143,5.29,-11.367777777777778
2936,316250,MG,283,0.36785695875036883,69.6113074204947,5.183599999999998,-10.592585131894488
2937,352590,SP,727,0.36752327453613437,67.53782668500688,5.537261904761905,-9.510000000000005
2938,261510,PE,29,0.3671458764414506,72.41379310344827,4.08,-8.906666666666665
2939,310970,MG,49,0.36709063193326014,65.3061224489796,5.168333333333333,-8.384222222222224
2940,313115,MG,78,0.36700395711255723,71.7948717948718,4.914285714285714,-9.817061855670106
2941,313770,MG,78,0.36691794911805664,60.256410256410255,4.755714285714286,-9.415714285714287
2942,291940,BA,33,0.3668917715923197,75.75757575757575,4.5275,-9.059289340101522
2943,320503,ES,104,0.366876699293055,76.92307692307693,4.978888888888889,-8.532783725910061
2944,261460,PE,117,0.3665237471689917,73.50427350427351,4.456363636363636,-8.922824675324675
2945,110026,RO,29,0.3663341085814848,65.51724137931035,4.835,-7.906486486486482
2946,110140,RO,66,0.36620281140178845,68.18181818181817,4.898571428571429,-8.806020408163265
2947,521680,GO,22,0.3661477591272657,77.27272727272727,4.97,-6.979224137931036
2948,354060,SP,106,0.36614487346444297,72.64150943396226,5.3675,-9.920000000000002
2949,420740,SC,34,0.36607178332462037,97.05882352941177,5.574999999999999,-8.379337016574588
2950,211220,MA,696,0.3660395697411464,72.12643678160919,4.460714285714287,-8.506048589779395
2951,311930,MG,123,0.36597764732126853,73.17073170731707,5.088181818181819,-12.49043282743114
2952,260560,PE,57,0.3657241107890306,75.43859649122807,4.411,-8.564429967426706
2953,312890,MG,39,0.36547825980077725,79.48717948717949,5.036666666666666,-7.349523809523811
2954,314690,MG,56,0.3650760231324903,67.85714285714286,4.74,-11.66854819976771
2955,312070,MG,29,0.36472268486854115,58.620689655172406,5.140000000000001,-8.392925170068025
2956,410420,PR,643,0.3645848816686183,70.91757387247279,5.402142857142858,-8.67739666872301
2957,412870,PR,42,0.364535041164978,73.80952380952381,5.39,-9.217598253275112
2958,315080,MG,48,0.3644530300546796,68.75,4.659999999999999,-9.639755351681956
2959,316990,MG,349,0.36439299022936616,71.63323782234957,5.073235294117646,-7.1238543482471455
2960,520013,GO,100,0.3640375643010655,68.0,5.01,-10.036978967495216
2961,522140,GO,674,0.36371644732145286,71.66172106824926,5.083846153846154,-8.351788491446346
2962,270750,AL,67,0.3637073111334296,76.11940298507463,4.171666666666666,-10.368527865404836
2963,320350,ES,108,0.36356040910836224,73.14814814814815,4.827142857142857,-8.271379310344832
2964,150690,PA,24,0.3634253361495084,66.66666666666666,4.121666666666667,-13.103981481481485
2965,315960,MG,143,0.36334913913338285,69.23076923076923,5.236250000000001,-5.967823834196892
2966,310285,MG,39,0.3630796242481657,69.23076923076923,4.406666666666666,-8.405675675675676
2967,430680,RS,74,0.3628187995450486,70.27027027027027,5.448888888888889,-8.987711711711718
2968,412065,PR,21,0.3626995448079168,71.42857142857143,5.1125,-7.491538461538465
2969,411780,PR,59,0.36242216293770707,74.57627118644068,4.833333333333333,-8.105931558935364
2970,311660,MG,133,0.3624217854676352,73.68421052631578,5.213636363636364,-9.16189681335357
2971,317075,MG,42,0.3623484726875492,73.80952380952381,5.03,-6.021814159292035
2972,313410,MG,21,0.36231119330258577,61.904761904761905,5.215,-3.2513440860215024
2973,431930,RS,20,0.36222100409045377,75.0,5.119999999999999,-8.48340659340659
2974,221060,PI,164,0.3621474923708214,72.5609756097561,4.34,-9.196052631578944
2975,351430,SP,21,0.3617753599135018,76.19047619047619,5.33,-8.150000000000006
2976,313660,MG,28,0.3616958549966241,75.0,4.944,-10.963020134228184
2977,411790,PR,156,0.36156686574661706,70.51282051282051,5.321111111111111,-8.238877551020408
2978,211023,MA,21,0.36113450587686036,61.904761904761905,3.996666666666667,-9.603658536585368
2979,350170,SP,66,0.3610761522521636,66.66666666666666,5.2225,-8.819999999999993
2980,315690,MG,115,0.36105713476193296,72.17391304347827,5.249166666666666,-7.881414141414146
2981,313460,MG,87,0.3604666971919814,74.71264367816092,5.1,-7.8189976133651555
2982,315900,MG,20,0.3603601387161013,85.0,5.112500000000001,-9.79573770491803
2983,355630,SP,43,0.36020514668116704,65.11627906976744,5.1814285714285715,-9.560000000000002
2984,352480,SP,74,0.36012559349089407,68.91891891891892,5.5078571428571435,-9.469999999999999
2985,311600,MG,23,0.3600045403744952,78.26086956521739,4.7675,-9.222969696969699
2986,110120,RO,33,0.35995668427083916,63.63636363636363,4.97,-9.096842105263157
2987,231060,CE,45,0.35993734943525757,82.22222222222221,4.3740000000000006,-9.374957264957263
2988,210020,MA,53,0.3598578872837485,77.35849056603774,4.126666666666667,-7.6057587548638175
2989,420630,SC,99,0.3596593235312791,76.76767676767676,5.721,-7.899189189189185
2990,411800,PR,55,0.3595481244570433,76.36363636363637,5.213333333333334,-8.710769230769227
2991,520910,GO,146,0.3594608713415483,66.43835616438356,5.313076923076922,-7.374875739644974
2992,500025,MS,38,0.35937660374394326,78.94736842105263,5.27,-8.517368421052629
2993,411530,PR,31,0.35930287421556645,74.19354838709677,5.42,-8.251851851851846
2994,421530,SC,40,0.3592688298708672,62.5,5.703333333333333,-9.196121794871786
2995,521375,GO,54,0.359241748043499,72.22222222222221,5.175000000000001,-7.4957534246575355
2996,421690,SC,120,0.359149248557481,74.16666666666667,5.459999999999999,-8.670399334442598
2997,351620,SP,657,0.3589841059714234,67.73211567732116,5.399080459770117,-7.239999999999995
2998,411560,PR,94,0.358979980028019,75.53191489361703,5.090999999999999,-7.5876659528907915
2999,270460,AL,36,0.35882689078343355,66.66666666666666,4.203333333333333,-8.345714285714289
3000,410730,PR,26,0.3586156725174485,69.23076923076923,5.5,-9.252519083969462
3001,316530,MG,22,0.3585118414819933,77.27272727272727,5.215,-8.736934306569342
3002,320300,ES,147,0.3583815822533705,81.63265306122449,5.0025,-4.556614920224236
3003,260970,PE,69,0.35837218913167457,68.11594202898551,4.2940000000000005,-9.421639344262292
3004,314960,MG,22,0.3583207218098048,81.81818181818183,5.125,-7.071517857142853
3005,421140,SC,25,0.35812619354341557,68.0,5.52,-8.926296296296293
3006,510345,MT,48,0.3581179530153728,75.0,4.973333333333334,-7.216039603960397
3007,312090,MG,326,0.357977640792689,71.47239263803681,4.939333333333333,-2.430641913152926
3008,310910,MG,31,0.35780498294771207,61.29032258064516,5.15,-7.420789473684209
3009,312620,MG,39,0.35778849458132267,56.41025641025641,4.74,-6.346321321321328
3010,220540,PI,71,0.35762345027299086,66.19718309859155,3.8890000000000002,-10.224763313609468
3011,500400,MS,57,0.35743869501852543,75.43859649122807,5.324,-16.410447330447333
3012,220160,PI,48,0.35732236635761366,77.08333333333334,4.1290000000000004,-6.4081027667984225
3013,353880,SP,70,0.3572991300707639,74.28571428571429,5.352666666666665,-8.64
3014,431940,RS,58,0.35721414754561526,75.86206896551724,5.1274999999999995,-7.634351145038169
3015,411007,PR,72,0.35703785606438143,72.22222222222221,4.997777777777778,-8.919171270718229
3016,410465,PR,106,0.35699012934286933,76.41509433962264,5.276666666666666,-8.148984238178631
3017,260730,PE,153,0.3569379376098398,63.39869281045751,4.173846153846154,-8.88
3018,317130,MG,201,0.3568829183007627,68.1592039800995,5.0227272727272725,-9.241773584905665
3019,520110,GO,1529,0.35658460113772117,72.98888162197514,5.232626262626261,-11.728579175704994
3020,421010,SC,225,0.3565696679556812,72.0,5.4505,-8.22759581881534
3021,316690,MG,41,0.35656318258481756,63.41463414634146,4.9399999999999995,-7.818089171974524
3022,315070,MG,35,0.3562603965598793,74.28571428571429,5.075,-8.796470588235296
3023,352940,SP,779,0.35623102291435327,74.58279845956355,5.238,-15.673333333333332
3024,432185,RS,27,0.35621054058930895,70.37037037037037,5.273333333333333,-6.930000000000003
3025,312120,MG,41,0.35615997701952323,78.04878048780488,5.1575,-6.461360946745562
3026,210542,MA,113,0.3557896136810089,75.22123893805309,4.5,-9.33246753246753
3027,313130,MG,816,0.35562159335780963,72.30392156862744,5.231,-7.6020834345888995
3028,430050,RS,23,0.35550557713356884,82.6086956521739,5.286666666666666,-9.460341880341883
3029,250930,PB,64,0.3554895182332688,65.625,4.488,-12.59601173020528
3030,312430,MG,102,0.35543902322181886,83.33333333333334,4.505,-6.593903508771929
3031,432166,RS,42,0.3553952737224646,69.04761904761905,5.4375,-9.220946502057613
3032,310290,MG,36,0.35524616325277614,63.888888888888886,5.188333333333334,-8.610770712909442
3033,110008,RO,67,0.35504800773306294,67.16417910447761,4.753333333333334,-9.40965936739659
3034,352930,SP,140,0.354264892910321,67.85714285714286,5.422083333333333,-9.646666666666661
3035,411430,PR,127,0.3540938748491338,74.80314960629921,5.290000000000001,-7.947136431784108
3036,320060,ES,495,0.3540761587945782,74.14141414141415,5.093030303030304,-7.322531853678585
3037,432145,RS,106,0.35395743978988714,71.69811320754717,5.5825,-6.514719764011797
3038,314050,MG,64,0.35387111132280713,67.1875,5.133333333333334,-9.19242937853108
3039,251660,PB,42,0.3538684651332908,61.904761904761905,4.237500000000001,-8.048232044198897
3040,313590,MG,28,0.35368491025784493,75.0,5.075,-9.13923076923077
3041,316940,MG,220,0.35352737570906123,74.54545454545455,5.12,-12.814784160986694
3042,310060,MG,56,0.35341616558885186,78.57142857142857,4.441666666666666,
3043,110003,RO,30,0.3532835217387195,73.33333333333333,4.9525,-7.532450331125833
3044,313750,MG,87,0.3532285846009484,81.60919540229885,5.30125,-9.018850855745718
3045,110094,RO,116,0.3531263813686665,67.24137931034483,4.775,-7.474508670520235
3046,432195,RS,27,0.3531248833085928,74.07407407407408,5.136666666666667,-11.726756152125285
3047,520530,GO,41,0.3530996759346436,68.29268292682927,4.458333333333333,-8.572358490566039
3048,522100,GO,20,0.3530735738478886,80.0,5.04,-8.098932038834949
3049,420890,SC,747,0.3528030181708356,69.87951807228916,5.613695652173912,-8.152332239241433
3050,312400,MG,53,0.35266485612396203,58.490566037735846,4.835,-10.106889632107025
3051,430220,RS,30,0.35239334860383476,80.0,5.64,-7.513333333333328
3052,311000,MG,153,0.35237169471734864,74.50980392156863,5.277777777777779,-7.752838983050844
3053,510279,MT,58,0.3521952291364092,68.96551724137932,4.9025,-6.046945551128815
3054,211223,MA,99,0.3521876802497106,70.70707070707071,4.385,-6.361673151750972
3055,510060,MT,66,0.35215736926341407,72.72727272727273,5.156666666666667,-8.774210526315791
3056,412760,PR,97,0.35201643023587387,77.31958762886599,5.278888888888889,-6.185009861932933
3057,510680,MT,30,0.35196056238711365,80.0,5.19,-12.229506172839502
3058,210640,MA,81,0.351795415721515,69.1358024691358,4.111538461538462,-7.1091685393258395
3059,314730,MG,73,0.3516886784516891,72.6027397260274,5.223333333333334,-8.366145251396643
3060,311535,MG,20,0.351679734310934,75.0,5.386666666666667,-10.165789473684216
3061,110050,RO,43,0.35133259803224615,62.7906976744186,4.88,-8.395463414634145
3062,250350,PB,64,0.35093226463527216,64.0625,4.3,-8.238327526132409
3063,311410,MG,53,0.3508104180252459,66.0377358490566,5.038,-6.292939814814815
3064,311130,MG,40,0.350589969801514,62.5,5.043333333333334,-8.199361702127653
3065,432070,RS,58,0.35043327109019906,74.13793103448276,5.23125,-7.996666666666669
3066,355300,SP,32,0.3502383629395024,78.125,5.1866666666666665,-8.620000000000005
3067,351820,SP,43,0.3500118821492228,65.11627906976744,5.226666666666667,-8.090000000000003
3068,521520,GO,21,0.34998456808384687,52.38095238095239,4.984999999999999,-7.840921052631575
3069,316430,MG,20,0.34991238715909245,70.0,5.113333333333333,-6.292173913043483
3070,353050,SP,91,0.3498581612593903,68.13186813186813,5.291666666666666,-8.829999999999998
3071,270375,AL,53,0.3497640776448133,79.24528301886792,4.491250000000001,-7.828529411764702
3072,354210,SP,20,0.34962876822358835,80.0,5.364999999999999,-9.200000000000003
3073,411020,PR,44,0.34958438674809783,77.27272727272727,4.9314285714285715,-8.441910112359547
3074,311550,MG,79,0.349382433869163,72.15189873417721,5.034285714285715,-8.628958958958961
3075,520753,GO,28,0.34936722671352094,64.28571428571429,4.902,-7.92096774193548
3076,354130,SP,82,0.3493168214533141,75.60975609756098,5.216923076923077,-8.173333333333332
3077,431402,RS,20,0.34921549737014096,70.0,5.5525,-3.664422442244227
3078,430240,RS,48,0.34921296477792857,79.16666666666666,5.585714285714285,-4.869267676767684
3079,521720,GO,48,0.3491779184390234,75.0,5.064,-6.747198275862069
3080,411880,PR,61,0.34914568860130385,68.85245901639344,5.195714285714286,-8.256097560975611
3081,320250,ES,54,0.34892832635307064,75.92592592592592,4.9959999999999996,-6.242713178294578
3082,412840,PR,37,0.3486870432119181,81.08108108108108,5.296666666666667,-7.480769230769235
3083,420570,SC,123,0.34836728825019375,73.98373983739837,5.519285714285714,-6.791721068249257
3084,313970,MG,25,0.34820167964704063,64.0,4.78,-6.505241730279892
3085,320310,ES,56,0.34813261957890795,69.64285714285714,4.7700000000000005,-6.4410062893081745
3086,411480,PR,193,0.3479982576093403,78.23834196891191,5.457857142857143,-6.835610997963341
3087,410830,PR,1239,0.3479578599280666,71.34786117836966,5.394050632911394,-7.47843839087741
3088,411940,PR,122,0.3475470665658873,77.04918032786885,5.222307692307692,-6.502335766423359
3089,314260,MG,29,0.34751428391004613,75.86206896551724,5.176666666666667,-9.388021978021978
3090,310820,MG,28,0.347444530479201,60.71428571428571,5.033333333333333,-12.107413793103449
3091,431280,RS,30,0.3474362047682504,90.0,5.345000000000001,-7.971782945736432
3092,314015,MG,78,0.3474148632743482,74.35897435897436,5.181428571428571,-7.913987538940812
3093,320225,ES,47,0.34697230791253797,70.2127659574468,5.026,-7.112949852507373
3094,421850,SC,68,0.34686164393482194,75.0,5.68,-6.841056338028169
3095,520355,GO,48,0.34674759314217707,83.33333333333334,4.978,-8.216363636363639
3096,316045,MG,25,0.34657692319859684,76.0,4.532,-7.399624060150377
3097,210465,MA,42,0.3465749307325132,64.28571428571429,4.0649999999999995,-6.4221212121212154
3098,211140,MA,60,0.34628190207208104,71.66666666666667,4.244,-7.228303886925795
3099,412240,PR,364,0.34620501630939277,71.97802197802197,5.254444444444445,-7.36538330494037
3100,410970,PR,125,0.34596389214710127,71.2,5.123888888888889,-7.781333333333335
3101,261650,PE,57,0.3459390173938836,66.66666666666666,4.353999999999999,-8.096749226006194
3102,210880,MA,44,0.345373682881791,59.09090909090909,4.236249999999999,-14.567899159663867
3103,431840,RS,69,0.34536758542940127,73.91304347826086,5.095833333333333,-8.610104166666668
3104,350130,SP,45,0.3452143526744769,80.0,5.257499999999999,-7.810000000000002
3105,314345,MG,27,0.34455373202519574,70.37037037037037,4.4175,-8.923955223880593
3106,316470,MG,273,0.34432362411341977,70.6959706959707,5.248095238095238,-7.07711634546752
3107,250570,PB,35,0.34431504662446466,74.28571428571429,4.266,-9.959604519774008
3108,260270,PE,54,0.34429088420912524,70.37037037037037,4.3149999999999995,-7.305277777777775
3109,353500,SP,24,0.34396580143241556,83.33333333333334,5.255,-7.969999999999999
3110,421450,SC,31,0.34384444700844835,80.64516129032258,5.449999999999999,-4.2239627039627
3111,316800,MG,157,0.343764898001416,73.24840764331209,4.747777777777777,-13.704188034188036
3112,355020,SP,60,0.3436589726734931,73.33333333333333,5.064210526315789,-6.219999999999999
3113,411210,PR,75,0.34348394454190695,77.33333333333333,5.36625,-7.162432432432435
3114,355340,SP,38,0.3434759526357611,86.8421052631579,5.30375,-5.930000000000007
3115,311190,MG,24,0.3431701209490779,70.83333333333334,5.1899999999999995,-9.247551020408164
3116,421610,SC,34,0.3429820537796662,79.41176470588235,5.543333333333334,-10.384296724470135
3117,354160,SP,47,0.342262486159338,72.3404255319149,5.259090909090909,-7.466666666666669
3118,310665,MG,21,0.34224233995927633,76.19047619047619,4.460000000000001,-5.258571428571432
3119,314100,MG,63,0.3422148386051005,77.77777777777779,4.661666666666666,-4.4088929889298925
3120,420660,SC,24,0.3421417032805148,70.83333333333334,5.6,-8.833333333333336
3121,314790,MG,425,0.3419865147798649,74.11764705882354,5.251428571428571,-7.943686460807596
3122,521740,GO,98,0.3419137501846824,79.59183673469387,5.130833333333334,-6.048030592734228
3123,220330,PI,50,0.34176246313580605,66.0,4.295,-8.483276595744679
3124,431400,RS,33,0.3417389929282981,75.75757575757575,5.654999999999999,-3.508559670781896
3125,510645,MT,20,0.3417065491275273,65.0,4.9,-5.658861788617891
3126,430140,RS,39,0.34169122551857817,82.05128205128204,5.45,
3127,110037,RO,77,0.34165654033095305,84.4155844155844,4.775,-5.274078212290502
3128,522160,GO,165,0.34160684400126357,78.18181818181819,5.137368421052632,-4.041443736730359
3129,412385,PR,48,0.3415167262046072,77.08333333333334,4.88,-7.209741379310342
3130,231000,CE,47,0.3414536653422487,78.72340425531915,4.458333333333333,-7.244304932735421
3131,316870,MG,260,0.34141784261931557,72.3076923076923,5.213913043478261,-6.480895295902886
3132,320035,ES,46,0.3413862904655725,67.3913043478261,4.796,-6.03623655913978
3133,250950,PB,27,0.34128135472091387,77.77777777777779,4.62,-5.252421875000003
3134,250135,PB,21,0.34118633376695506,85.71428571428571,4.586666666666667,-9.505441176470594
3135,251170,PB,22,0.3410038492756478,86.36363636363636,4.256666666666667,3.024807692307693
3136,351210,SP,29,0.34076861180441437,72.41379310344827,5.254,-7.3700000000000045
3137,313020,MG,42,0.3405433058726244,73.80952380952381,5.154999999999999,-5.231850220264315
3138,520780,GO,36,0.3405084098688347,75.0,5.13,-6.23490909090909
3139,420120,SC,69,0.34049957155592125,76.81159420289855,5.8100000000000005,-8.325651340996172
3140,431320,RS,104,0.34043406412830896,71.15384615384616,5.781,-6.9492708333333315
3141,420190,SC,27,0.34001385660313055,77.77777777777779,5.630000000000001,-6.575585585585584
3142,431590,RS,23,0.3399562926652006,65.21739130434783,5.556666666666667,-9.68844086021505
3143,411370,PR,1994,0.3399193052718313,74.77432296890673,5.442828947368424,-5.952600878537133
3144,260650,PE,76,0.3392699185432235,69.73684210526315,3.99,-5.966815642458096
3145,320240,ES,605,0.33921307506255943,75.37190082644628,5.034878048780489,-6.169240913477004
3146,316460,MG,44,0.33919135188168936,75.0,4.816666666666666,-5.920800000000003
3147,251420,PB,41,0.33908787035786375,73.17073170731707,4.2666666666666675,-6.101290322580645
3148,411960,PR,113,0.33895384044816995,73.45132743362832,5.029166666666666,-6.813524804177548
3149,316090,MG,21,0.3388122063953537,61.904761904761905,5.455,-6.57163636363636
3150,314180,MG,109,0.33865041402490753,77.06422018348624,4.43,-5.993065420560748
3151,412820,PR,233,0.33857815622616927,69.95708154506438,5.381944444444445,-5.903005272407733
3152,352340,SP,190,0.33828678351308505,71.57894736842105,5.479677419354838,-6.530000000000001
3153,330515,RJ,85,0.33805536721399776,75.29411764705883,5.131,-5.822638036809817
3154,410660,PR,98,0.3379172558005232,79.59183673469387,5.17,-6.226673387096773
3155,421290,SC,112,0.3373728288369505,67.85714285714286,5.4475,-6.5078385416666675
3156,520995,GO,80,0.3371420335869701,77.5,5.133333333333333,-5.891726618705033
3157,412265,PR,30,0.33702999157055336,70.0,4.93,-6.12941176470588
3158,320313,ES,62,0.33686842719324117,75.80645161290323,5.117142857142857,-5.650774907749075
3159,412860,PR,30,0.3367608326432442,60.0,5.268,-6.426779661016948
3160,312820,MG,26,0.3365905480697509,61.53846153846154,4.8180000000000005,
3161,410260,PR,56,0.33624943035337207,69.64285714285714,5.367142857142857,-6.733921568627457
3162,310490,MG,45,0.33586166446473825,75.55555555555556,4.921666666666666,-5.649336492890988
3163,353600,SP,22,0.3357765030218299,72.72727272727273,4.983999999999999,-6.6200000000000045
3164,521850,GO,228,0.3355632149432166,75.0,5.222857142857143,-6.617539823008848
3165,313250,MG,169,0.33521446186110154,79.28994082840237,4.601333333333334,-2.5950427350427328
3166,260240,PE,36,0.33491394255808493,86.11111111111111,4.305,-4.768571428571429
3167,314590,MG,153,0.3348997709840788,71.24183006535948,5.386428571428572,-6.470792602377806
3168,410150,PR,470,0.3345735495704699,73.82978723404256,5.409473684210526,-6.493894867549667
3169,311070,MG,46,0.33452651497017266,78.26086956521739,5.032,-4.5278813559322035
3170,312230,MG,628,0.3344298379315239,72.13375796178345,5.3001851851851844,-6.093408062930191
3171,355370,SP,90,0.33424117495801203,68.88888888888889,5.332105263157893,-7.170000000000002
3172,431215,RS,28,0.3340909935632625,78.57142857142857,5.3566666666666665,-4.548720238095244
3173,411350,PR,101,0.33404046181789154,69.3069306930693,5.253333333333333,-6.99625730994152
3174,311060,MG,110,0.33389489889751334,71.81818181818181,5.2909999999999995,-7.09
3175,130010,AM,109,0.3337738178436766,72.47706422018348,4.167777777777777,-6.363370508054526
3176,354370,SP,29,0.33369369869725596,82.75862068965517,5.205,-5.170000000000002
3177,310200,MG,54,0.33364589620069784,79.62962962962963,5.152,-6.537724137931033
3178,230170,CE,89,0.3336210448563617,73.03370786516854,4.217,-6.700774193548389
3179,500124,MS,70,0.3335938847700906,72.85714285714285,4.918571428571428,-6.297850467289718
3180,314910,MG,27,0.33355963098749447,88.88888888888889,5.0275,-8.081917808219178
3181,421060,SC,113,0.33329962530644597,75.22123893805309,5.775,-4.8343370786516875
3182,312110,MG,31,0.33325733634924726,67.74193548387096,5.0775,-5.191071428571428
3183,350280,SP,291,0.3331709358584726,72.16494845360825,5.314400000000003,-5.780000000000001
3184,210080,MA,53,0.3328277808880413,62.264150943396224,4.095333333333333,-10.303402777777777
3185,410570,PR,90,0.3327490472099636,77.77777777777779,5.177692307692308,-6.039950617283949
3186,311710,MG,37,0.33250965080429695,70.27027027027027,5.1475,-5.737214611872144
3187,316400,MG,28,0.3324399237773837,78.57142857142857,4.6875,-6.82434426229508
3188,500020,MS,159,0.33212511275793244,72.95597484276729,5.0425,-6.148181818181818
3189,313720,MG,206,0.3318747861327708,75.72815533980582,5.152,-5.669833333333331
3190,411850,PR,361,0.33156442384024404,75.90027700831024,5.479444444444442,-5.172653485952133
3191,510610,MT,55,0.3315451956565667,76.36363636363637,4.651111111111112,-7.818222222222224
3192,521570,GO,157,0.33146556405046396,73.24840764331209,5.044444444444444,-5.416590257879654
3193,350520,SP,49,0.3314357103499872,69.38775510204081,5.321111111111111,-7.700000000000003
3194,316260,MG,29,0.33132818768079,72.41379310344827,5.02,-4.257948717948719
3195,313620,MG,283,0.33130600334560495,77.3851590106007,5.2575,-4.571213017751479
3196,314435,MG,32,0.3312918120517191,68.75,5.005,-7.270394736842105
3197,315400,MG,64,0.33114168727391646,70.3125,4.677142857142857,-6.281666666666668
3198,260180,PE,35,0.33096677860318596,65.71428571428571,4.085,-6.217555555555554
3199,314860,MG,59,0.3308447802773388,72.88135593220339,4.444285714285714,-4.609784075573552
3200,432020,RS,46,0.3306870050632614,63.04347826086957,5.18,-5.991854636591485
3201,431910,RS,23,0.33047444448419794,73.91304347826086,5.715,-6.847870370370373
3202,316255,MG,72,0.3304684770441013,69.44444444444444,4.99,-5.791589403973509
3203,314400,MG,100,0.3304641190708417,69.0,4.580000000000001,-4.072085732565575
3204,412330,PR,45,0.3303824556082484,68.88888888888889,5.2275,-7.939951923076919
3205,316550,MG,24,0.33027526850485744,66.66666666666666,4.640000000000001,-11.943396226415093
3206,260850,PE,61,0.33024478442229854,81.9672131147541,4.241111111111111,-4.529178082191778
3207,430370,RS,21,0.33011136405408403,66.66666666666666,5.6433333333333335,-5.31528301886793
3208,230440,CE,7270,0.33008969115703735,74.55295735900962,4.5598398169336365,1.494384007565221
3209,410460,PR,82,0.32991803147288234,80.48780487804879,5.338571428571429,-4.476129032258062
3210,220500,PI,33,0.32982048592718494,69.6969696969697,4.20875,-6.048620689655168
3211,316130,MG,25,0.3295433946626137,84.0,4.99,-5.138842975206613
3212,311230,MG,181,0.32954128908166913,72.37569060773481,4.693076923076923,-4.409856593214412
3213,260515,PE,62,0.3293193804225188,66.12903225806451,4.3549999999999995,-5.391863354037261
3214,311760,MG,22,0.329248849015179,72.72727272727273,5.1066666666666665,
3215,411690,PR,82,0.329202298407524,75.60975609756098,5.274,-5.614444444444444
3216,410490,PR,383,0.3291342769880337,74.1514360313316,5.156000000000001,-5.598721843897325
3217,310510,MG,76,0.32871747528253803,71.05263157894737,5.1450000000000005,-6.852061538461535
3218,315700,MG,161,0.32835830700550483,76.3975155279503,4.516249999999999,-6.857850304612707
3219,230870,CE,239,0.32826543617740866,73.22175732217573,4.389473684210528,-6.023524804177548
3220,310560,MG,354,0.3280043235038447,74.57627118644068,5.24076923076923,-5.610122757318223
3221,351020,SP,86,0.32778038692248507,76.74418604651163,5.215882352941176,-5.3700000000000045
3222,510030,MT,71,0.3277421570525679,76.05633802816901,5.208571428571428,-5.34863636363636
3223,500080,MS,49,0.3273367404497456,73.46938775510205,5.2675,-8.227647058823532
3224,420790,SC,52,0.327262151982328,86.53846153846155,5.356,-4.421294117647062
3225,410240,PR,108,0.32711531542879774,66.66666666666666,5.221333333333334,-5.902826446280993
3226,410405,PR,20,0.3268435735874275,80.0,5.234999999999999,-4.409999999999997
3227,230150,CE,20,0.3266195798321149,85.0,4.3,-5.466060606060606
3228,412120,PR,97,0.326477810812696,72.16494845360825,5.1971428571428575,-6.164715789473684
3229,314990,MG,64,0.32608925969147834,81.25,5.2025,-5.142950819672132
3230,210455,MA,133,0.3260521378767268,76.69172932330827,4.458181818181819,-5.865253164556963
3231,520880,GO,420,0.3257009129808276,73.09523809523809,5.053333333333333,-5.037993262752642
3232,410090,PR,30,0.3256296113256838,73.33333333333333,5.045,-5.164444444444448
3233,410050,PR,87,0.3253888148250371,70.11494252873564,5.154444444444445,-5.095367088607592
3234,431380,RS,38,0.32525912131262297,65.78947368421053,4.983333333333333,-7.005525362318844
3235,314800,MG,520,0.32509350843855017,74.23076923076923,5.234722222222221,-5.355804440981684
3236,510787,MT,145,0.3250927147967236,80.0,5.0649999999999995,-3.126601466992664
3237,315730,MG,26,0.32503988649290494,76.92307692307693,4.875,-9.890322580645158
3238,411920,PR,32,0.3247818585681708,71.875,5.071666666666666,-4.423899371069187
3239,261280,PE,55,0.32432332305359257,65.45454545454545,4.3975,-6.0049999999999955
3240,520030,GO,136,0.3240915257446762,77.20588235294117,5.0600000000000005,-3.9947598870056455
3241,410790,PR,56,0.3239131676802547,71.42857142857143,5.04,-4.875796178343946
3242,313550,MG,62,0.32366117806564737,75.80645161290323,4.551428571428572,-6.4089583333333255
3243,320230,ES,165,0.3234161610107829,73.33333333333333,4.792000000000001,-4.653485064011379
3244,410700,PR,73,0.32322008883140596,78.08219178082192,5.0825,-5.078240469208211
3245,410045,PR,22,0.32320586526567235,81.81818181818183,4.99,-3.153711340206187
3246,421580,SC,345,0.3231511800348392,78.26086956521739,5.584999999999999,-3.620500673984208
3247,410832,PR,45,0.32314220577939423,84.44444444444444,5.326666666666667,-5.295208333333337
3248,311400,MG,42,0.3229446953985017,69.04761904761905,5.03,-6.03645161290323
3249,410710,PR,21,0.3229142872123767,76.19047619047619,5.29,-4.487606837606838
3250,410350,PR,43,0.3227133537435832,62.7906976744186,5.17,-4.8822471910112375
3251,421180,SC,24,0.32256347109486433,70.83333333333334,5.343333333333333,-2.9949999999999974
3252,430100,RS,69,0.3223795710397957,66.66666666666666,5.591111111111111,-6.357142857142859
3253,412402,PR,76,0.3221897415480039,68.42105263157895,5.333333333333333,-4.241470588235293
3254,431407,RS,24,0.32208828618232216,91.66666666666666,5.3225,-6.167901234567896
3255,521550,GO,34,0.32192304336876065,79.41176470588235,5.375,-4.023584905660371
3256,420415,SC,21,0.32177661683852915,76.19047619047619,5.306666666666667,-3.5500000000000016
3257,210095,MA,77,0.32162642965969535,79.22077922077922,4.002,-4.516656050955415
3258,311110,MG,46,0.32156642509902267,80.43478260869566,5.181250000000001,-3.8061354581673275
3259,521230,GO,22,0.32131170760026706,81.81818181818183,4.968,-3.5744303797468366
3260,421810,SC,26,0.32123689190926563,76.92307692307693,5.37,-4.2549999999999955
3261,310830,MG,57,0.3211227320290696,71.9298245614035,5.264285714285714,-3.2545846817691415
3262,313920,MG,70,0.3209383068692929,70.0,4.494,-7.067526041666671
3263,520410,GO,54,0.3209322675587796,70.37037037037037,5.1825,-4.538191126279868
3264,320260,ES,57,0.3208226679052999,73.68421052631578,5.252,-3.9089328063241067
3265,261050,PE,77,0.320333840494901,74.02597402597402,4.243,-4.4514669926650345
3266,261220,PE,312,0.32012512773013135,75.32051282051282,4.492500000000001,-4.455963488843817
3267,310220,MG,21,0.3198584263648562,71.42857142857143,4.640000000000001,-5.471726907630526
3268,431442,RS,22,0.3198465546166827,77.27272727272727,5.783333333333333,-7.575945945945941
3269,412033,PR,27,0.3192951791297748,66.66666666666666,5.17,-4.524330708661419
3270,410230,PR,91,0.3191187665619224,80.21978021978022,5.372727272727273,-4.494999999999997
3271,210780,MA,145,0.3190858258815848,71.72413793103448,4.031363636363635,-6.456035502958578
3272,350360,SP,31,0.31905140316269487,80.64516129032258,5.1975,-4.980000000000004
3273,412570,PR,121,0.319008924310684,77.68595041322314,5.187647058823529,-4.324506627393225
3274,411460,PR,275,0.31900167110784994,76.72727272727272,5.359166666666668,-4.133011320754719
3275,510740,MT,28,0.31899386364355864,78.57142857142857,5.0649999999999995,-5.552827586206893
3276,310120,MG,20,0.31887106906174767,80.0,5.055,-6.38860215053764
3277,352270,SP,67,0.31884499529307786,79.1044776119403,5.29,-4.489999999999995
3278,320405,ES,138,0.318783484726926,78.26086956521739,4.836666666666667,-4.029084867075664
3279,411990,PR,1208,0.31875767186747994,75.91059602649007,5.27015037593985,-4.149647524071521
3280,353390,SP,107,0.3187156768842219,71.02803738317756,5.376,-5.280000000000001
3281,260250,PE,47,0.31851102055644853,68.08510638297872,4.3,-4.803521126760563
3282,410640,PR,154,0.3183803980880688,70.77922077922078,5.404736842105263,-4.966733921815892
3283,261530,PE,171,0.31824507629640897,79.53216374269006,4.294545454545455,-4.372686945500637
3284,316200,MG,97,0.31824209535617887,73.19587628865979,4.974545454545455,-4.2413729508196765
3285,310163,MG,42,0.31817171374945613,83.33333333333334,5.513333333333334,-4.387161290322579
3286,313370,MG,73,0.3180446358359136,72.6027397260274,5.225,-6.467169811320757
3287,110014,RO,87,0.3180048178009668,63.2183908045977,4.917142857142857,-4.768947368421052
3288,412853,PR,58,0.3178301823182721,77.58620689655173,5.119999999999999,-4.309960159362552
3289,313055,MG,25,0.31778426122083103,80.0,4.98,-4.128990825688074
3290,312600,MG,36,0.31756483129880336,72.22222222222221,5.445,-8.740886075949366
3291,231375,CE,88,0.3175577838991322,80.68181818181817,4.12909090909091,-5.710255863539444
3292,312270,MG,23,0.3175180832835153,73.91304347826086,5.16,-2.2966304347826085
3293,354760,SP,39,0.3175020927159306,79.48717948717949,5.285555555555556,-4.680000000000007
3294,312083,MG,20,0.3173948588972534,75.0,4.975,2.291666666666668
3295,421003,SC,27,0.317290582537789,70.37037037037037,5.97,-4.456209150326801
3296,411860,PR,29,0.31651677100556874,89.65517241379311,5.295,-3.7218656716417917
3297,150775,PA,34,0.3161147055365072,70.58823529411765,4.476666666666667,-3.914157303370787
3298,411722,PR,54,0.31572384041742607,70.37037037037037,5.62,-5.114349442379185
3299,500830,MS,679,0.31557847781036474,74.52135493372607,5.206774193548386,-5.841902321374741
3300,310860,MG,120,0.3154644656611915,82.5,4.481428571428571,-4.614573894282628
3301,150590,PA,160,0.3153312009524835,80.625,3.4996551724137928,-3.352000000000004
3302,320070,ES,52,0.3152617554735769,78.84615384615384,4.888333333333333,-4.0693877551020465
3303,431645,RS,42,0.3151814160567517,80.95238095238095,5.4174999999999995,-7.4947591522157975
3304,230750,CE,94,0.31499695846513637,71.27659574468085,4.198181818181818,-5.13257197696737
3305,510615,MT,89,0.3147679777662724,66.29213483146067,4.965,-5.129025
3306,314500,MG,72,0.31467629685783,72.22222222222221,5.185714285714285,-4.8230534351145025
3307,210923,MA,26,0.3146749691974136,69.23076923076923,4.291666666666667,-4.940322580645162
3308,230720,CE,43,0.3144860198432365,76.74418604651163,4.294,-4.246231884057967
3309,432100,RS,48,0.3144858169904442,70.83333333333334,5.238333333333333,-2.9639166666666608
3310,430471,RS,24,0.3144252412053129,62.5,5.34,-1.5814545454545499
3311,522230,GO,25,0.3142512267766158,72.0,4.935,-3.0500000000000043
3312,431540,RS,22,0.31418385640441754,86.36363636363636,4.73,-5.93643410852713
3313,311390,MG,65,0.31415755398280637,69.23076923076923,4.8825,-3.3813688212927766
3314,316370,MG,162,0.3140605297998074,77.1604938271605,5.205833333333334,-5.780184956843403
3315,316257,MG,35,0.31389101775030975,71.42857142857143,4.9975000000000005,-3.9449999999999985
3316,311510,MG,63,0.3138372508077919,80.95238095238095,5.199999999999999,-1.5748205128205126
3317,410895,PR,35,0.3138294845493156,74.28571428571429,5.0075,-4.130927835051547
3318,412730,PR,52,0.3137449724927215,80.76923076923077,5.122857142857143,-4.650877192982461
3319,210390,MA,67,0.31367687715245646,73.13432835820896,3.8641666666666667,-4.023890675241154
3320,520425,GO,39,0.3136572969570542,79.48717948717949,5.19,-4.298078817733988
3321,270200,AL,30,0.31354345098051767,73.33333333333333,4.176666666666667,-3.813480662983429
3322,410890,PR,46,0.3134715986612841,82.6086956521739,5.130000000000001,-3.4827745664739904
3323,410170,PR,64,0.3134609056215221,84.375,5.175,-3.2299720670391046
3324,261390,PE,353,0.31342084571004275,75.63739376770539,4.490571428571428,-3.0439241223103073
3325,311880,MG,88,0.3132399015927517,79.54545454545455,4.424375,-5.29606060606061
3326,230710,CE,156,0.3128575075050644,69.87179487179486,4.345882352941176,-5.518789546079784
3327,420380,SC,253,0.31278279335195786,79.84189723320159,5.350769230769232,-2.995162666666669
3328,520085,GO,29,0.31238715693136676,75.86206896551724,4.803333333333334,-3.633565217391304
3329,312450,MG,39,0.31236452580928786,74.35897435897436,5.255,-6.8469117647058795
3330,353900,SP,20,0.3123632233432611,80.0,5.395,-4.390000000000001
3331,411120,PR,77,0.3123567980710257,71.42857142857143,5.226,-4.577260273972598
3332,312320,MG,44,0.3123328375002107,77.27272727272727,5.0200000000000005,-3.471308411214954
3333,520060,GO,54,0.31233073328076394,66.66666666666666,5.056,-7.341971830985917
3334,314530,MG,103,0.31217381791996784,74.75728155339806,4.274375,-4.64857795172864
3335,520670,GO,21,0.3121437118139455,85.71428571428571,4.88,-2.5758715596330246
3336,320440,ES,53,0.31187726500093504,83.01886792452831,5.036,-2.334745762711864
3337,314350,MG,43,0.311736468170398,76.74418604651163,4.9925,-2.741857923497273
3338,230970,CE,344,0.3116244148789432,76.45348837209302,4.589199999999999,-6.569013452914799
3339,354150,SP,59,0.31134813209156986,76.27118644067797,5.359999999999999,-3.430000000000007
3340,220320,PI,49,0.3111692374343384,71.42857142857143,4.175000000000001,-5.189145907473313
3341,314650,MG,29,0.3108466955031151,82.75862068965517,5.215,-3.402885906040268
3342,312610,MG,216,0.31063409289168087,79.62962962962963,5.265263157894738,-3.4327145299145263
3343,320265,ES,58,0.3105864462863525,63.793103448275865,4.834,-6.2629113924050674
3344,316450,MG,20,0.3103329164292802,75.0,4.462000000000001,
3345,313880,MG,56,0.3102686290855388,78.57142857142857,4.961666666666666,-5.764304635761592
3346,314310,MG,182,0.3100622032084953,71.42857142857143,5.143076923076923,-4.012460136674266
3347,314980,MG,88,0.3100014113521723,75.0,5.123333333333333,-4.46174193548387
3348,351770,SP,40,0.3099798091637483,77.5,5.203333333333333,-3.730000000000004
3349,251330,PB,22,0.3099004660934802,72.72727272727273,4.425,-4.499545454545455
3350,350270,SP,50,0.3098799066232425,76.0,5.042307692307692,-4.163333333333327
3351,412460,PR,31,0.3098162832458306,83.87096774193549,5.27,-3.8108522727272693
3352,210770,MA,102,0.30969009992216356,74.50980392156863,4.356363636363636,-3.3121301775147924
3353,430120,RS,45,0.30958006446208247,86.66666666666667,5.183750000000001,-2.6389438943894348
3354,412560,PR,180,0.3095076187502436,78.88888888888889,5.258636363636363,-3.6505726405090204
3355,110018,RO,167,0.3094795746589753,76.04790419161677,5.042142857142857,-4.406228070175435
3356,315830,MG,26,0.309271103846972,73.07692307692307,5.109999999999999,-2.563676470588235
3357,320150,ES,432,0.309135662515341,80.32407407407408,5.002564102564103,0.9649361207897809
3358,351830,SP,80,0.3090564620375752,76.25,5.372941176470587,-3.030000000000001
3359,522040,GO,100,0.30904285188988634,79.0,5.151666666666666,-2.830769230769227
3360,310800,MG,54,0.30900231517564974,79.62962962962963,4.7139999999999995,-4.934503816793891
3361,110009,RO,173,0.30894493299431414,74.56647398843931,4.833333333333334,-6.407126158806932
3362,412160,PR,30,0.30887471709040926,83.33333333333334,5.29,-2.8886928104575187
3363,310855,MG,94,0.3088193630351962,84.04255319148936,4.9,-3.27404545454546
3364,430950,RS,23,0.3086307760510383,65.21739130434783,5.486666666666667,-1.2855263157894803
3365,412795,PR,28,0.30843839054480465,78.57142857142857,5.43,-4.553450292397662
3366,431043,RS,28,0.30838277312755225,64.28571428571429,5.656666666666666,-7.182005649717517
3367,353350,SP,66,0.3080389626186381,68.18181818181817,5.300833333333334,-4.340000000000003
3368,310730,MG,169,0.3079901442605537,73.96449704142012,4.67625,-6.06641801075269
3369,314300,MG,29,0.30793261601058514,86.20689655172413,5.092,-3.9202994011976102
3370,230040,CE,66,0.3079105155808454,69.6969696969697,4.181111111111111,-4.504615384615385
3371,311100,MG,83,0.3076272712376199,79.51807228915662,5.156666666666666,-3.9458474576271154
3372,230130,CE,107,0.30756240496388626,75.70093457943925,4.202,-3.7268138801261834
3373,210407,MA,45,0.3071802329000586,75.55555555555556,4.331666666666666,-3.7196761133603253
3374,260150,PE,49,0.3071200778624623,77.55102040816327,4.235,-4.151600000000002
3375,316380,MG,28,0.30703648456985755,78.57142857142857,4.802,-3.2834482758620696
3376,421567,SC,44,0.307004899915318,79.54545454545455,5.2219999999999995,-2.559128978224453
3377,410290,PR,90,0.3067124540014844,75.55555555555556,5.190999999999999,-4.964999999999996
3378,330590,RJ,24,0.30642890710201903,83.33333333333334,4.9559999999999995,-1.7650000000000006
3379,411710,PR,65,0.3059994000076589,73.84615384615385,5.368333333333333,-3.9515772870662467
3380,410540,PR,104,0.3058595982710394,73.07692307692307,5.305714285714286,-4.613030303030304
3381,520590,GO,32,0.305782799514955,75.0,5.265,-2.5483510638297906
3382,420470,SC,58,0.3056225609434337,70.6896551724138,5.6033333333333335,-3.7634234234234203
3383,311830,MG,521,0.3056192900538328,79.27063339731286,5.29763157894737,-2.896714304107128
3384,230495,CE,104,0.30557589848660655,79.8076923076923,4.3707692307692305,-3.736748466257672
3385,412170,PR,119,0.30544468116013135,74.78991596638656,4.8972727272727266,-3.098662316476344
3386,500460,MS,123,0.3051536916155782,78.04878048780488,5.14,-3.679411764705887
3387,313380,MG,287,0.30513441705530514,81.53310104529616,5.283703703703703,-2.7041624609468844
3388,430020,RS,20,0.304962189636181,70.0,5.54,-10.556272401433697
3389,410430,PR,378,0.3046157118468234,79.1005291005291,5.317096774193549,-2.830898985016917
3390,520470,GO,67,0.30459878748939645,82.08955223880598,5.074285714285715,-2.8315133531157293
3391,310840,MG,58,0.3045702111823764,77.58620689655173,5.064,-1.8188571428571487
3392,316510,MG,30,0.3044849558570301,83.33333333333334,5.09,-3.6119718309859152
3393,230830,CE,112,0.30443945535827666,83.92857142857143,4.302,-2.7261538461538466
3394,521350,GO,35,0.3043040529690995,82.85714285714286,4.388333333333333,0.601646090534977
3395,314820,MG,20,0.304284778183108,90.0,4.8149999999999995,-3.414999999999999
3396,315340,MG,55,0.3040865361828955,83.63636363636363,4.934,-2.1858441558441557
3397,432026,RS,21,0.3039630105989638,71.42857142857143,5.1425,-4.407017543859647
3398,316935,MG,119,0.30375036850858894,74.78991596638656,5.010000000000001,1.1291366495140107
3399,521460,GO,136,0.3036695209548863,73.52941176470588,5.052142857142856,-3.4529953917050675
3400,313870,MG,24,0.30356713918252015,62.5,5.255000000000001,-1.1527102803738298
3401,312050,MG,30,0.30354186926507337,80.0,4.975,-7.6764676616915395
3402,353640,SP,26,0.3033208771285753,76.92307692307693,5.155,-4.140000000000001
3403,520520,GO,30,0.30325125871687814,70.0,5.0600000000000005,-3.7791666666666623
3404,510628,MT,39,0.3032124268252954,82.05128205128204,5.106,-1.3263507109004742
3405,314600,MG,96,0.3031450757676581,72.91666666666666,5.234545454545454,-0.25239334779464606
3406,313220,MG,61,0.302957788657739,72.1311475409836,5.232,-7.371558441558442
3407,412610,PR,25,0.30261677100875245,68.0,5.223333333333333,-0.19822368421052872
3408,270110,AL,33,0.302413369809744,78.78787878787878,4.284,-1.8052586206896561
3409,315130,MG,56,0.3023514359255068,85.71428571428571,4.9799999999999995,-6.720611979166666
3410,310810,MG,24,0.30222789205640677,83.33333333333334,5.095000000000001,-1.4132432432432438
3411,410930,PR,85,0.3021206987787512,69.41176470588235,4.956666666666667,-4.328548387096773
3412,352000,SP,39,0.30203480697808754,74.35897435897436,5.19,-2.7099999999999937
3413,431303,RS,21,0.3017272132102577,85.71428571428571,5.27,-3.8953741496598653
3414,320305,ES,152,0.3016024990138185,78.28947368421053,4.786875,-3.7405800464037124
3415,316910,MG,35,0.30158709305030457,77.14285714285715,5.175,-3.4122274881516574
3416,410550,PR,355,0.3009928126402928,80.84507042253522,5.393076923076923,-2.638275678552419
3417,211160,MA,107,0.3008584876467575,79.43925233644859,4.366666666666666,-2.279569471624269
3418,330513,RJ,23,0.30054367868607196,56.52173913043478,4.9275,-3.2857142857142825
3419,420150,SC,36,0.30044267158998583,72.22222222222221,5.785,-0.8978055555555546
3420,310370,MG,25,0.29986941944835327,72.0,4.6466666666666665,0.23344537815125932
3421,313040,MG,20,0.2998171310219091,80.0,5.213333333333334,-2.930081300813007
3422,520580,GO,40,0.29970788572649876,85.0,5.038,-3.6225130890052366
3423,410322,PR,21,0.2995985196059692,71.42857142857143,5.615,-3.2811111111111124
3424,520890,GO,61,0.29957142898950895,83.60655737704919,5.083333333333333,-2.6402597402597454
3425,330615,RJ,25,0.2994963431299236,80.0,4.6659999999999995,
3426,410620,PR,118,0.2992650417051246,77.11864406779661,5.270833333333333,-2.1185374771480805
3427,270300,AL,40,0.29923402740156335,65.0,4.108,-4.159257142857147
3428,412750,PR,98,0.29864592027013004,79.59183673469387,5.067777777777779,-2.2248913043478202
3429,351518,SP,54,0.2985437665677666,70.37037037037037,5.413076923076923,-3.5600000000000023
3430,421940,SC,21,0.29837824576453686,66.66666666666666,5.76,-1.2236000000000054
3431,261200,PE,27,0.29820831456386265,88.88888888888889,4.2940000000000005,-5.467272727272728
3432,311870,MG,27,0.2980515391091521,74.07407407407408,5.003333333333333,-3.501383647798744
3433,220340,PI,26,0.2980332314894674,73.07692307692307,4.3950000000000005,-3.227122302158274
3434,520480,GO,37,0.29782627182330645,70.27027027027027,5.025,-1.2791878172588833
3435,315170,MG,45,0.29756723482445613,77.77777777777779,5.239999999999999,-4.14176470588235
3436,411490,PR,41,0.29753072756763627,73.17073170731707,5.204,-1.1421359223301026
3437,313120,MG,79,0.29750437243934474,79.74683544303798,5.055,-1.6664303178484132
3438,520340,GO,31,0.29749338588508667,80.64516129032258,5.0200000000000005,-3.53272727272727
3439,351860,SP,71,0.2973643613580661,83.09859154929578,5.241249999999999,-1.3299999999999983
3440,522155,GO,24,0.2972062518818857,79.16666666666666,5.055,-2.5473381294964064
3441,316630,MG,23,0.2971712264748297,78.26086956521739,4.506666666666667,-3.4838345864661697
3442,315100,MG,37,0.2971543444977973,75.67567567567568,5.18,-2.8200000000000003
3443,313090,MG,53,0.29709843516401824,84.90566037735849,4.9125000000000005,-2.4188602941176445
3444,315660,MG,30,0.2970915319182154,83.33333333333334,4.3225,-2.928082191780824
3445,520740,GO,62,0.2969895830236925,74.19354838709677,5.2925,-3.1519999999999975
3446,311120,MG,168,0.2964682497718185,76.19047619047619,5.211666666666666,-2.9383495145631127
3447,410370,PR,441,0.2964182042922617,81.63265306122449,5.417857142857143,-2.3021516674280527
3448,412470,PR,31,0.29634169236748803,74.19354838709677,5.005000000000001,-3.7349999999999994
3449,412785,PR,54,0.2963063553982852,79.62962962962963,5.185,-2.582123552123549
3450,355430,SP,48,0.2958170775711073,70.83333333333334,5.22875,1.0900000000000034
3451,350650,SP,204,0.29572337864185855,76.47058823529412,5.337931034482757,-1.8700000000000045
3452,510619,MT,39,0.2953563452134536,71.7948717948718,5.165,-3.058431372549024
3453,315820,MG,50,0.295167422094984,74.0,4.604285714285715,-2.0729129129129147
3454,410480,PR,1239,0.29469561948310674,75.46408393866021,5.411515151515152,-2.9176796267496097
3455,314510,MG,78,0.2945220658286778,67.94871794871796,5.258,-2.444560439560444
3456,410840,PR,392,0.29441001420776786,76.78571428571429,5.4772727272727275,-1.940659705742763
3457,231260,CE,53,0.2943143007352521,75.47169811320755,4.083333333333334,-6.473451327433633
3458,410210,PR,100,0.29422813007753523,78.0,,-2.5682375478927266
3459,430500,RS,35,0.294040652453277,68.57142857142857,5.2725,-3.258840579710152
3460,261270,PE,44,0.29378921070220787,77.27272727272727,4.37,-2.4262085308056873
3461,250710,PB,68,0.29369018826369286,70.58823529411765,4.279090909090909,-2.6292429022082047
3462,210110,MA,58,0.29280235732212545,75.86206896551724,4.265833333333333,-3.2638848920863355
3463,351015,SP,21,0.292747128766941,76.19047619047619,5.013333333333333,
3464,320470,ES,139,0.29272526047345276,82.01438848920863,4.931666666666667,-0.8713920454545463
3465,320335,ES,49,0.29211659315615357,67.3469387755102,5.022500000000001,-1.583233082706763
3466,520010,GO,76,0.29202126896844666,75.0,5.035714285714286,-0.8307486631016072
3467,411040,PR,29,0.2918802460023955,86.20689655172413,5.345,-4.0854545454545415
3468,210325,MA,63,0.29185354247297884,79.36507936507937,4.4275,-1.4520863309352556
3469,411240,PR,31,0.29185146839781545,70.96774193548387,5.383333333333333,-2.994438502673794
3470,260900,PE,99,0.29180336950148084,72.72727272727273,4.230769230769232,-2.94831111111111
3471,316100,MG,63,0.2913736920689273,76.19047619047619,4.864285714285715,-4.061610486891388
3472,353510,SP,25,0.2913698466913663,80.0,5.197500000000001,-2.5400000000000063
3473,313310,MG,43,0.2913166513723995,88.37209302325581,5.208,-13.44002976190476
3474,311790,MG,42,0.2911588695894287,83.33333333333334,5.13,-1.754508196721316
3475,410450,PR,102,0.29049735122452996,81.37254901960785,5.388333333333334,-1.062935779816517
3476,411320,PR,240,0.28982870380501535,81.25,5.228387096774193,-1.8024200913242026
3477,411610,PR,53,0.2895915484806017,77.35849056603774,5.031428571428571,-1.2946428571428557
3478,311680,MG,30,0.28949741265293116,86.66666666666667,4.516,-2.0030000000000037
3479,500627,MS,61,0.289396590379524,67.21311475409836,5.155,-2.5276335877862617
3480,313180,MG,42,0.28916926431099077,71.42857142857143,4.875,0.7513612565445023
3481,320140,ES,142,0.2891006599717222,73.23943661971832,5.05625,-2.9959276018099574
3482,412350,PR,142,0.2890013287692703,80.28169014084507,5.488235294117647,-0.7125952045134002
3483,315260,MG,25,0.2886861456396583,96.0,5.196666666666666,-0.9607964601769938
3484,521830,GO,162,0.28857326086071833,79.01234567901234,4.863529411764705,-1.4630527638190958
3485,110092,RO,59,0.2884374460697788,64.40677966101694,4.953333333333334,-3.5344936708860786
3486,314560,MG,110,0.2880311104039859,72.72727272727273,5.119999999999999,-0.361276901004306
3487,412510,PR,73,0.28768950088327844,80.82191780821918,5.043333333333334,-0.899090909090908
3488,251670,PB,57,0.28763279407226183,80.7017543859649,4.291428571428572,-3.153610108303255
3489,410760,PR,87,0.2873819875962939,75.86206896551724,5.029,-2.974922279792744
3490,411840,PR,376,0.2873039321542536,75.2659574468085,5.303,-2.7827340031729246
3491,521308,GO,125,0.28720212993845945,76.0,5.049166666666666,-1.7048585690515838
3492,221070,PI,64,0.2871914663535084,67.1875,4.307,-2.0524309392265163
3493,520350,GO,113,0.2869502733521728,76.99115044247787,5.165,-1.5210489510489484
3494,430570,RS,31,0.28684761316510954,64.51612903225806,5.3425,0.6444161358811051
3495,412545,PR,25,0.2866295097940846,88.0,5.285,-1.3018518518518514
3496,522150,GO,21,0.28609844328113204,85.71428571428571,5.16,-3.0119999999999996
3497,411725,PR,42,0.28608726594415607,78.57142857142857,5.268,-3.1499999999999995
3498,320255,ES,55,0.286010701406497,81.81818181818183,4.87,-0.16110072689511856
3499,220955,PI,33,0.2856770581376153,72.72727272727273,4.2775,-1.8126530612244913
3500,412850,PR,90,0.2855828216441327,83.33333333333334,5.077777777777778,-2.072337078651685
3501,230540,CE,227,0.28521859112136516,79.29515418502203,4.209999999999999,-2.1301982758620714
3502,320435,ES,111,0.28434627744571844,78.37837837837837,5.034285714285715,-1.186103092783502
3503,316270,MG,104,0.28433061645758373,84.61538461538461,4.751818181818181,-1.2553917050691261
3504,250153,PB,25,0.28402379130426075,80.0,4.39,-3.558095238095234
3505,310780,MG,60,0.2837673117754296,83.33333333333334,4.841666666666667,-2.414382139148497
3506,421920,SC,25,0.28361528843029155,84.0,5.590000000000001,-0.8304132231404919
3507,130195,AM,49,0.28340463415791967,77.55102040816327,3.692857142857143,2.091949685534594
3508,420020,SC,55,0.2829139218295521,80.0,5.69,-1.4482608695652148
3509,412575,PR,20,0.28276924229194933,50.0,5.1725,-2.347971014492753
3510,314290,MG,65,0.2824929452416028,75.38461538461539,4.738571428571428,-3.1320606060606035
3511,412215,PR,100,0.2821475653159946,73.0,4.93,-5.764517843583907
3512,110029,RO,35,0.2821167803182183,74.28571428571429,4.865,-0.5635294117647067
3513,355360,SP,22,0.28211155196575954,72.72727272727273,5.204,-0.4899999999999949
3514,411345,PR,31,0.28205985473543593,77.41935483870968,5.051666666666667,-1.0599999999999996
3515,522068,GO,26,0.2817847291317176,92.3076923076923,4.8075,2.0500000000000043
3516,411535,PR,40,0.28158330044164537,75.0,5.6325,-1.2738834951456326
3517,522015,GO,24,0.2815594597844578,75.0,4.865,-0.017777777777776116
3518,260770,PE,62,0.28121299691594076,74.19354838709677,4.3740000000000006,-2.117356828193829
3519,420440,SC,48,0.2810729107091878,75.0,5.503333333333333,0.44951456310679383
3520,353820,SP,27,0.2809093907870269,74.07407407407408,5.408,-1.2099999999999937
3521,211400,MA,164,0.2807536384761715,79.26829268292683,4.260000000000001,-2.748873720136517
3522,310900,MG,168,0.28064585387221747,82.14285714285714,5.434375,-1.13660424469413
3523,521280,GO,44,0.2800129947912553,77.27272727272727,4.951428571428572,-0.7579757085020269
3524,411580,PR,263,0.2796690675156143,77.18631178707224,5.265000000000001,-0.8397305389221591
3525,354770,SP,23,0.27962627098320764,82.6086956521739,5.056,-0.9899999999999949
3526,317190,MG,20,0.2795491264842971,95.0,4.516666666666667,0.5385333333333335
3527,320016,ES,56,0.27931848283425964,78.57142857142857,4.466666666666666,-0.4189491525423721
3528,410650,PR,102,0.27860172756689605,75.49019607843137,5.36125,-2.5629065743944683
3529,220105,PI,44,0.2785153423437142,63.63636363636363,4.341666666666667,-1.7663917525773192
3530,411010,PR,179,0.2784042373064681,83.79888268156425,5.185,-0.8675870069605502
3531,260860,PE,41,0.27834115190504083,87.8048780487805,3.84,-0.6065027322404388
3532,411670,PR,56,0.2781407071591412,73.21428571428571,5.385,-1.6180327868852489
3533,312020,MG,44,0.2779089106163158,81.81818181818183,5.047499999999999,-3.0113559322033954
3534,230840,CE,157,0.2778603205549532,83.43949044585987,4.376842105263158,-1.4921917808219156
3535,312290,MG,22,0.27784081911238023,81.81818181818183,5.032500000000001,-7.291526717557257
3536,312780,MG,51,0.27767636226653886,80.3921568627451,4.5424999999999995,-0.6246058091286306
3537,412175,PR,47,0.2775783960363158,74.46808510638297,5.2325,0.06504587155962938
3538,313740,MG,43,0.2772914038734476,76.74418604651163,5.023333333333333,-2.991106382978721
3539,311430,MG,136,0.27725837665000375,79.41176470588235,5.194444444444445,0.09560354374308488
3540,210680,MA,46,0.27713843912910363,73.91304347826086,4.153,-1.1921686746987898
3541,421670,SC,44,0.2770832534075859,81.81818181818183,5.365,-0.5922466039707373
3542,313900,MG,129,0.27654128194478955,72.09302325581395,5.170769230769231,1.1893103448275895
3543,521170,GO,22,0.27609838056806746,81.81818181818183,5.116666666666666,-1.2800000000000011
3544,315140,MG,94,0.27591524821060837,77.6595744680851,5.059,-0.5187448559670783
3545,310300,MG,26,0.2758185130139837,61.53846153846154,4.908,
3546,310590,MG,78,0.2757691829054716,69.23076923076923,5.24,-1.8344680851063835
3547,260690,PE,40,0.2755322190930997,75.0,4.3516666666666675,-2.6521176470588212
3548,411500,PR,35,0.2753124420801033,77.14285714285715,5.13,0.3192592592592556
3549,320450,ES,46,0.2752279362332585,76.08695652173914,4.949999999999999,-0.5447393364928894
3550,220270,PI,121,0.27518914031317204,80.16528925619835,4.048636363636364,-1.3071082390953137
3551,431600,RS,78,0.27514681646744327,83.33333333333334,5.2837499999999995,-1.270634057971014
3552,311450,MG,70,0.27483062090225613,78.57142857142857,5.035714285714286,-1.001056701030921
3553,430955,RS,35,0.2748113634780076,71.42857142857143,5.805,-3.2097222222222257
3554,320020,ES,112,0.2747494373587592,76.78571428571429,4.74,0.3620602706027132
3555,412180,PR,59,0.2747103270889369,77.96610169491525,5.308571428571429,0.0914583333333363
3556,310950,MG,30,0.27468927172385654,80.0,5.112,-1.2156372549019645
3557,231190,CE,56,0.27427815226518815,76.78571428571429,4.277,-1.8405431309904188
3558,315570,MG,41,0.2740782303004771,85.36585365853658,5.173749999999999,2.2402985074626875
3559,410845,PR,31,0.27390206700238723,90.32258064516128,5.16,0.4620261437908457
3560,412540,PR,30,0.27376607743124637,83.33333333333334,5.196666666666666,-1.5921052631578907
3561,260545,PE,22,0.2736399429358811,77.27272727272727,5.0,
3562,412390,PR,44,0.27336958521865506,72.72727272727273,5.041666666666666,-1.2838860103626892
3563,412250,PR,49,0.27315477358316764,73.46938775510205,5.028333333333333,-0.38342519685039544
3564,521130,GO,25,0.2731217155626182,76.0,5.1433333333333335,-0.07673469387754928
3565,220300,PI,38,0.2726254746248681,73.68421052631578,4.2375,-0.2469312169312146
3566,412620,PR,26,0.2726116291158045,76.92307692307693,5.047499999999999,-1.3891411042944792
3567,314130,MG,23,0.27228768890884586,86.95652173913044,5.233333333333333,0.26384615384614785
3568,314770,MG,35,0.2721668232632771,74.28571428571429,5.319999999999999,-0.6807947019867542
3569,210620,MA,44,0.27210104615620706,88.63636363636364,4.266,1.0409502262443464
3570,520830,GO,23,0.27193054580052584,95.65217391304348,4.465,0.19419847328244222
3571,220260,PI,68,0.2718652632478355,76.47058823529412,4.2907692307692304,-1.4219667590027703
3572,421540,SC,23,0.27045939250551465,86.95652173913044,5.66,-0.2380000000000022
3573,311480,MG,20,0.27041042027880025,70.0,5.0649999999999995,-3.1247945205479417
3574,210710,MA,104,0.27037693223303677,81.73076923076923,3.8275,-0.5777546296296272
3575,320100,ES,77,0.2702477658868995,85.71428571428571,4.807500000000001,0.7663636363636339
3576,411200,PR,150,0.2700912224527519,80.66666666666666,5.201176470588234,0.03602708803611854
3577,320270,ES,47,0.26997162426289534,78.72340425531915,5.123333333333333,1.0799092088197062
3578,521020,GO,144,0.26997103333710554,83.33333333333334,5.259230769230769,0.7797727272727304
3579,521770,GO,70,0.26987366777803,80.0,5.249999999999999,-0.3716666666666679
3580,270210,AL,81,0.26927595163309165,83.9506172839506,4.142857142857143,-0.9836559139784962
3581,314090,MG,96,0.2691808978569612,79.16666666666666,4.65,-4.151220850480111
3582,412865,PR,35,0.2690824497173799,74.28571428571429,5.195,-0.004656488549616755
3583,320030,ES,44,0.268933493167645,88.63636363636364,5.318333333333333,0.4744843049327372
3584,313480,MG,29,0.26874161146959524,79.3103448275862,5.24,-2.176046511627912
3585,521940,GO,26,0.2686241745387013,92.3076923076923,5.257499999999999,1.3017142857142847
3586,230220,CE,243,0.26857303782134057,81.06995884773663,4.405161290322582,-0.2273925299506725
3587,130063,AM,88,0.2683749431049549,84.0909090909091,3.718666666666666,
3588,411520,PR,1406,0.26804353580496854,80.29871977240398,5.5557317073170704,1.9938919546906813
3589,412370,PR,27,0.2678653919802248,66.66666666666666,5.21,-0.5245365853658566
3590,310390,MG,33,0.267526985266902,81.81818181818183,5.21,1.1349206349206344
3591,312540,MG,24,0.267235921414876,87.5,4.58,0.5694573643410847
3592,315560,MG,109,0.2670558379510822,76.14678899082568,4.497857142857142,1.3486529680365225
3593,320115,ES,87,0.26701831017935407,82.75862068965517,4.821111111111111,2.577951388888886
3594,420840,SC,103,0.26669227770001874,78.64077669902912,5.500909090909091,4.012583333333326
3595,314380,MG,30,0.2666322436693123,80.0,5.123333333333334,0.20757062146892968
3596,411170,PR,24,0.26662653405722825,83.33333333333334,5.0649999999999995,-2.6421582733812947
3597,410390,PR,73,0.26650083625576,84.93150684931507,4.999999999999999,-1.095486725663713
3598,430170,RS,25,0.2664296708002619,88.0,5.515000000000001,0.43564625850339755
3599,521530,GO,46,0.2661898680325916,84.78260869565217,5.06625,1.5826829268292695
3600,311320,MG,81,0.26576427083365567,76.5432098765432,5.09375,2.007934959349585
3601,520725,GO,29,0.2657041119898464,86.20689655172413,5.223333333333333,0.5626114649681511
3602,230360,CE,30,0.2655508373507611,83.33333333333334,4.359999999999999,0.11510204081632358
3603,520993,GO,30,0.2654711449008015,80.0,5.029999999999999,1.605000000000004
3604,410900,PR,24,0.2653604435033355,79.16666666666666,5.029999999999999,2.0849342105263204
3605,261590,PE,51,0.26507449931911137,70.58823529411765,4.595714285714285,-0.5848695652173936
3606,230185,CE,90,0.2650197999294311,83.33333333333334,4.298461538461539,-1.673691683569979
3607,500525,MS,69,0.26500716435988675,88.40579710144928,4.487500000000001,0.3928275862068986
3608,412405,PR,90,0.26484907179720785,78.88888888888889,5.32,0.44807610993657054
3609,310430,MG,57,0.2646221673565258,77.19298245614034,5.1,-0.7184984025559089
3610,316570,MG,38,0.26460696127696903,84.21052631578947,5.06,-1.9032065217391256
3611,410630,PR,80,0.2644603624055007,83.75,5.331,0.17025056947608697
3612,410140,PR,489,0.26418302801517324,81.59509202453987,5.286862745098039,0.5392960000000009
3613,260870,PE,37,0.2638231987652077,72.97297297297297,4.38,-0.8360103626943047
3614,260775,PE,128,0.2637062658558815,78.90625,4.466666666666667,0.014580645161290207
3615,320210,ES,84,0.2635603637297927,84.52380952380952,4.7345454545454535,-2.09
3616,521300,GO,54,0.26349176874032326,79.62962962962963,4.93,0.7808118081180804
3617,312087,MG,37,0.26281952966944616,78.37837837837837,4.6825,-0.2108571428571432
3618,520440,GO,62,0.26201694125889813,75.80645161290323,5.23625,1.20003759398496
3619,521040,GO,206,0.26189253230366294,76.69902912621359,4.99,0.08676217765042615
3620,230090,CE,64,0.2616993964607625,75.0,4.204999999999999,-2.2102076124567476
3621,320170,ES,59,0.2616412556093127,79.66101694915254,5.12,0.7705501618122934
3622,520320,GO,68,0.2613924649228993,73.52941176470588,5.170000000000001,-0.7029126213592269
3623,314053,MG,38,0.2613079027847861,71.05263157894737,4.7175,0.17852459016393185
3624,510792,MT,675,0.26121790288516517,79.7037037037037,5.191428571428571,0.0598459302325558
3625,412770,PR,667,0.2608713735195803,80.20989505247377,5.4961403508771935,0.6416772151898715
3626,430490,RS,34,0.26076118709192003,76.47058823529412,5.632499999999999,-0.7261341222879678
3627,411721,PR,23,0.2607373378634948,73.91304347826086,5.096666666666667,1.6658947368421084
3628,251590,PB,20,0.26066142159107625,80.0,4.0633333333333335,-1.4761458333333364
3629,260490,PE,25,0.2605358635237819,92.0,4.175,5.8614375000000045
3630,410590,PR,94,0.2602838828332476,84.04255319148936,,1.3968141592920378
3631,412300,PR,66,0.2599827309116139,81.81818181818183,5.31,1.115172413793097
3632,311640,MG,23,0.25989418015907345,86.95652173913044,5.333333333333333,0.09899224806201712
3633,522205,GO,36,0.25977406967074845,80.55555555555556,5.136666666666667,0.760666666666661
3634,521500,GO,38,0.2597199735827365,89.47368421052632,5.026666666666667,1.0273991031390164
3635,220830,PI,147,0.25951022410774727,78.2312925170068,4.105833333333334,-0.9181609195402278
3636,230015,CE,64,0.2594651102617877,75.0,4.365555555555556,-0.47726541554960034
3637,210535,MA,72,0.2591572384689276,79.16666666666666,4.3100000000000005,-0.24844311377245543
3638,352044,SP,48,0.25895206179991875,83.33333333333334,5.52625,0.7600000000000051
3639,313690,MG,69,0.25866025692893174,76.81159420289855,5.1125,0.3793382352941166
3640,411970,PR,20,0.2579408266663924,55.00000000000001,5.145,0.03230769230769681
3641,431650,RS,26,0.2578867931072027,88.46153846153845,5.7299999999999995,-0.1312977099236594
3642,310210,MG,29,0.2578778829543218,75.86206896551724,4.655,
3643,315765,MG,20,0.2577262234933061,75.0,4.585,1.2023809523809508
3644,412270,PR,40,0.2576449087539878,80.0,5.385,0.12475285171103101
3645,313375,MG,44,0.25759242216651795,88.63636363636364,5.3180000000000005,1.864618473895578
3646,411220,PR,20,0.25757771303260873,75.0,5.220000000000001,-0.1577777777777798
3647,411545,PR,23,0.2575668502672584,73.91304347826086,5.056666666666667,-0.9858823529411742
3648,316294,MG,43,0.257521374942771,79.06976744186046,5.3340000000000005,0.6074074074074067
3649,312840,MG,38,0.25734995999614396,78.94736842105263,4.865,-0.8219178082191743
3650,411400,PR,45,0.257102798899947,71.11111111111111,5.1014285714285705,2.997393162393168
3651,411700,PR,38,0.25692416016103214,73.68421052631578,5.27,0.7271428571428634
3652,350530,SP,36,0.25691109701184467,77.77777777777779,5.508,0.010000000000005116
3653,421050,SC,146,0.25685700939807854,80.82191780821918,5.577142857142857,0.9252103559870619
3654,311670,MG,34,0.25674291108139335,61.76470588235294,5.119999999999999,0.14713375796178418
3655,312220,MG,25,0.25648972349610305,80.0,4.8774999999999995,-0.7280000000000033
3656,230770,CE,511,0.25638528462345145,80.43052837573386,4.471860465116279,0.6838918439716322
3657,310920,MG,26,0.25638159108272246,76.92307692307693,4.695,-0.6697687861271664
3658,351370,SP,51,0.25630840302718605,82.35294117647058,5.481818181818182,0.6200000000000045
3659,312040,MG,27,0.2559988948761447,85.18518518518519,5.316666666666666,2.645599999999998
3660,521890,GO,73,0.25555761919690706,82.1917808219178,5.178,2.2975626423690194
3661,220400,PI,21,0.2554068091670669,66.66666666666666,4.2,0.38959183673469067
3662,311280,MG,44,0.25508487157329673,88.63636363636364,5.336666666666667,2.424999999999997
3663,521440,GO,41,0.254773747401807,80.48780487804879,5.15,1.3102487562189045
3664,522220,GO,27,0.2546960811965309,81.48148148148148,4.656666666666667,1.3991603053435133
3665,412440,PR,80,0.2546178252866838,78.75,5.218,0.4719712525667411
3666,210450,MA,39,0.25459477471288094,82.05128205128204,4.198571428571428,3.1226315789473666
3667,313753,MG,48,0.2545637105125987,75.0,5.016666666666667,-0.6057142857142841
3668,510724,MT,31,0.2542829044447,83.87096774193549,5.045,2.306852791878171
3669,320290,ES,30,0.2542628197387964,80.0,5.13,2.7943137254902037
3670,520860,GO,370,0.2539515959528565,81.35135135135135,5.136666666666667,1.012263420033208
3671,420060,SC,37,0.25362874151856246,67.56756756756756,5.657500000000001,0.3182857142857135
3672,521805,GO,36,0.25247981770698164,80.55555555555556,5.05,-0.34108843537415456
3673,410773,PR,30,0.25245720561724627,76.66666666666667,5.111666666666666,0.3949101796407205
3674,410330,PR,33,0.25229251907713723,72.72727272727273,5.262499999999999,1.0900000000000034
3675,312590,MG,27,0.2521108343794072,85.18518518518519,4.68,-1.5276666666666667
3676,500345,MS,80,0.25198454733681797,83.75,5.17375,1.0663717605004557
3677,421200,SC,34,0.2519844110734916,79.41176470588235,5.426666666666667,0.004255319148936079
3678,412150,PR,78,0.25169150039980903,84.61538461538461,5.1209999999999996,1.9909879518072282
3679,320410,ES,119,0.2515600134483506,78.15126050420169,4.800000000000001,3.418370625358576
3680,412125,PR,28,0.251294379979699,75.0,4.99,2.530247933884297
3681,211285,MA,78,0.2512096159648734,83.33333333333334,4.371666666666666,0.5889743589743537
3682,270100,AL,102,0.2511608401297517,77.45098039215686,4.23,0.4624901185770707
3683,315000,MG,24,0.2504629799851788,100.0,4.859999999999999,2.1064705882352976
3684,412130,PR,29,0.25027547034480635,86.20689655172413,4.955,2.329156626506024
3685,412800,PR,104,0.2501175797585569,80.76923076923077,5.276923076923077,1.6493009708737851
3686,352710,SP,129,0.24970172270421098,82.17054263565892,5.386363636363637,3.3700000000000045
3687,411155,PR,35,0.24965851031069414,80.0,5.074999999999999,0.9138372093023248
3688,312140,MG,25,0.24949690255625412,92.0,5.095,0.4200000000000017
3689,410410,PR,42,0.24943279664529547,83.33333333333334,5.2175,0.660882352941178
3690,320090,ES,202,0.24903589708616355,81.68316831683168,4.680000000000001,0.9433024691358001
3691,410775,PR,28,0.24898376874837194,78.57142857142857,5.2700000000000005,-0.05169398907104439
3692,251110,PB,23,0.24896354721224334,78.26086956521739,4.54,-0.3246616541353351
3693,412210,PR,20,0.24877033475397442,75.0,5.17,0.242857142857142
3694,230535,CE,135,0.2487194682873882,80.0,4.5962499999999995,-0.7400682593856653
3695,230210,CE,135,0.2483877520526343,82.96296296296296,4.242727272727272,2.0124137931034483
3696,410345,PR,103,0.2479416847660925,86.40776699029125,5.295,2.2938121546961314
3697,510360,MT,33,0.24793478955092088,78.78787878787878,4.8225,0.4387500000000024
3698,220980,PI,26,0.24721223368853484,88.46153846153845,4.49,-1.3289320388349442
3699,521056,GO,25,0.2469985679760153,84.0,5.096666666666667,0.9924999999999988
3700,411540,PR,71,0.24688059175440233,80.28169014084507,5.3187500000000005,1.4442162162162115
3701,352600,SP,35,0.24678266140135804,88.57142857142857,5.478,0.4399999999999977
3702,316440,MG,26,0.2465442785783319,73.07692307692307,5.2575,-1.5155769230769227
3703,313350,MG,56,0.2465250558215069,73.21428571428571,5.0166666666666675,0.8093939393939387
3704,412000,PR,42,0.24587867007762268,76.19047619047619,5.25,0.7581142857142877
3705,150172,PA,75,0.2458259662232605,76.0,4.39625,0.7702284263959323
3706,412030,PR,20,0.24555718591987744,100.0,5.333333333333333,0.3444444444444468
3707,510710,MT,77,0.24542150636501472,76.62337662337663,5.038571428571427,0.6922705314009647
3708,314840,MG,21,0.24539031033775954,76.19047619047619,4.6,-0.9554081632653038
3709,521090,GO,84,0.24538588473200096,85.71428571428571,4.9925,1.9402479338843
3710,315650,MG,23,0.2453619939600753,95.65217391304348,4.220000000000001,9.794166666666666
3711,320334,ES,83,0.2450894227509932,84.33734939759037,5.148888888888888,2.0047465437787952
3712,310140,MG,20,0.24501692325830896,80.0,5.205,1.8433766233766224
3713,410200,PR,146,0.24480208770805958,82.1917808219178,5.352500000000001,0.2609727626459125
3714,315270,MG,37,0.24477742973849526,83.78378378378379,5.1225000000000005,1.49985714285714
3715,130210,AM,61,0.24458389884107118,83.60655737704919,3.82625,2.372645914396893
3716,310010,MG,22,0.24427315419794615,81.81818181818183,5.08,-1.425047619047625
3717,210970,MA,26,0.24368992950034965,84.61538461538461,4.2475,1.7429687499999993
3718,314760,MG,48,0.24319808841319865,85.41666666666666,5.135,2.952680901542109
3719,410030,PR,69,0.24318049240690182,81.15942028985508,5.16,1.4161092150170695
3720,310030,MG,46,0.24279241312771002,86.95652173913044,4.966666666666667,1.895428571428576
3721,260415,PE,42,0.24204005092632394,76.19047619047619,4.345714285714286,1.903913043478255
3722,260340,PE,30,0.24176211175841394,83.33333333333334,4.3075,0.672727272727272
3723,311995,MG,21,0.24163518719537885,80.95238095238095,5.253333333333334,1.0419999999999963
3724,354425,SP,31,0.241597626467357,80.64516129032258,5.242,5.193333333333328
3725,411420,PR,182,0.24102672485121587,89.01098901098901,5.301111111111111,3.3370238095238114
3726,230290,CE,69,0.2408316456080456,85.5072463768116,4.15125,2.169597855227879
3727,312760,MG,50,0.24078621007346104,84.0,4.781428571428571,3.318634538152608
3728,412140,PR,91,0.24069339124766712,81.31868131868131,5.449166666666667,4.079999999999998
3729,412630,PR,92,0.24047169252258785,83.69565217391305,4.901818181818181,1.3202247191011187
3730,314220,MG,38,0.24015582759055315,86.8421052631579,4.925000000000001,3.538986354775828
3731,220060,PI,32,0.2397253071054889,81.25,4.292,-0.2767213114754128
3732,314640,MG,23,0.23956907888942255,78.26086956521739,5.119999999999999,0.8696385542168708
3733,310460,MG,53,0.23910574185886233,88.67924528301887,5.031666666666666,1.53092741935484
3734,261247,PE,44,0.23910121028763198,81.81818181818183,4.444,1.9207207207207198
3735,320495,ES,36,0.23902953503266045,72.22222222222221,5.016666666666667,5.1801587301587375
3736,412060,PR,215,0.2384850290561089,85.11627906976744,5.015185185185184,2.7988953488372093
3737,320425,ES,37,0.23847366153711042,72.97297297297297,4.776666666666666,0.8997041420118355
3738,316780,MG,23,0.23813023143156584,91.30434782608695,5.1899999999999995,1.2512711864406771
3739,316553,MG,187,0.23767507876981783,80.21390374331551,5.354,1.2152713987473918
3740,310500,MG,21,0.23743559209966048,80.95238095238095,4.832,2.0700000000000003
3741,411810,PR,50,0.23736116056768666,80.0,5.0600000000000005,1.6248837209302311
3742,520400,GO,38,0.2372716761472459,84.21052631578947,5.033333333333333,1.7988888888888894
3743,316280,MG,54,0.23723024033097262,75.92592592592592,4.7425,0.2850729927007265
3744,411575,PR,68,0.23675094751943185,80.88235294117648,5.15,0.8155519480519476
3745,320245,ES,137,0.23661708592271416,79.56204379562044,4.984285714285714,1.4386569343065672
3746,320517,ES,74,0.236484413591067,82.43243243243244,4.912222222222222,4.506267942583722
3747,314970,MG,59,0.23632239466967042,81.35593220338984,5.1066666666666665,0.3646874999999983
3748,521310,GO,371,0.23589368062566188,85.44474393530997,5.126470588235295,2.0843779777660187
3749,410250,PR,42,0.23561100930606957,88.09523809523809,4.989999999999999,3.864655172413797
3750,411980,PR,52,0.2351084931100738,84.61538461538461,5.395833333333334,3.4699613899613935
3751,312080,MG,58,0.23508868119028353,86.20689655172413,5.146,1.7019670200235568
3752,412700,PR,51,0.23495641146811622,92.15686274509804,5.25125,2.715255474452557
3753,314240,MG,29,0.23480013699646232,86.20689655172413,5.3175,1.6971428571428548
3754,320190,ES,170,0.2346426160194685,84.11764705882354,5.139545454545453,2.3805096073517085
3755,412380,PR,64,0.23458046328209742,81.25,5.13,2.520661157024792
3756,411080,PR,51,0.2345664060346176,90.19607843137256,5.098333333333334,3.375494505494503
3757,410720,PR,236,0.23454255962857962,83.47457627118644,5.437391304347826,3.158348968105067
3758,210592,MA,38,0.2344551966691088,81.57894736842105,4.380000000000001,2.695824175824171
3759,250120,PB,40,0.23419124229866856,85.0,4.354,2.6163761467889906
3760,520430,GO,46,0.23410891940898218,82.6086956521739,5.18,1.9008502024291491
3761,221080,PI,42,0.23397471400561104,76.19047619047619,4.173333333333334,-0.6350549450549465
3762,260500,PE,114,0.23360580626575156,83.33333333333334,4.4110000000000005,3.1459354838709643
3763,314795,MG,23,0.23360475580321766,86.95652173913044,4.31,2.6091823899371045
3764,353740,SP,36,0.23349823359646932,86.11111111111111,5.316666666666666,3.469999999999999
3765,411140,PR,72,0.23291173533130496,84.72222222222221,5.027777777777779,3.5989614243323444
3766,410780,PR,25,0.2323735450669447,76.0,5.4799999999999995,1.4211538461538495
3767,313540,MG,28,0.23204565327212304,92.85714285714286,5.0,-0.9858139534883783
3768,352190,SP,29,0.23187364329800997,89.65517241379311,5.22,2.739999999999995
3769,310420,MG,153,0.23184080924225683,84.31372549019608,5.304999999999999,3.783758480325643
3770,261570,PE,59,0.23180224175514752,81.35593220338984,4.565555555555555,1.6374436090225595
3771,110110,RO,60,0.23131933428795823,86.66666666666667,4.583333333333333,3.9636842105263224
3772,320400,ES,60,0.23083809455848658,81.66666666666667,4.79,2.3490190190190177
3773,421310,SC,28,0.23049288436490836,78.57142857142857,5.52,2.8593333333333337
3774,210565,MA,38,0.22972323277936976,81.57894736842105,4.0685714285714285,0.4992682926829257
3775,210040,MA,29,0.22962721624541202,75.86206896551724,4.234,3.0609836065573734
3776,317057,MG,21,0.22861703425134094,90.47619047619048,4.734999999999999,3.0842622950819636
3777,520551,GO,108,0.2283912273657582,87.03703703703704,4.9783333333333335,3.843220910623944
3778,316040,MG,89,0.2283449563282486,88.76404494382022,5.30375,1.8295522388059693
3779,320370,ES,98,0.228182672635698,87.75510204081633,4.623,3.0040417598806863
3780,315990,MG,67,0.22816824674400635,79.1044776119403,4.9799999999999995,2.153879310344826
3781,230140,CE,62,0.22785137418243603,82.25806451612904,4.418888888888889,-3.8800000000000026
3782,210890,MA,30,0.22750848006691768,80.0,4.033636363636363,3.811428571428566
3783,316150,MG,33,0.2274578201836327,87.87878787878788,4.84,3.2030303030303044
3784,310650,MG,23,0.2274310781248686,78.26086956521739,4.81,
3785,510454,MT,56,0.22721237873346248,80.35714285714286,5.216666666666667,3.9668571428571404
3786,211172,MA,22,0.2268128125764408,86.36363636363636,3.901666666666667,8.552142857142853
3787,420640,SC,36,0.22670536334377717,80.55555555555556,5.395,3.449174757281553
3788,210810,MA,103,0.22644532368713485,81.55339805825243,4.15923076923077,2.7814038876889846
3789,520500,GO,24,0.22626242823045092,95.83333333333334,5.042,2.7855555555555536
3790,421730,SC,53,0.22606447943815464,83.01886792452831,5.486666666666666,2.5878776529338308
3791,210725,MA,39,0.2254864105471868,76.92307692307693,4.328,1.7818181818181853
3792,520250,GO,38,0.22541264562029567,92.10526315789474,5.0425,4.5233701657458525
3793,521925,GO,40,0.22517913851659457,87.5,4.913333333333334,4.334965034965036
3794,314830,MG,28,0.22490394038856623,89.28571428571429,4.8100000000000005,0.9753884711779541
3795,521860,GO,54,0.2247902938260694,79.62962962962963,5.06,3.534920634920633
3796,412035,PR,20,0.22474552259958425,80.0,5.3100000000000005,2.3033333333333297
3797,521120,GO,97,0.22426321802028992,87.62886597938144,5.194000000000001,3.567434782608692
3798,351540,SP,29,0.22386856320835777,82.75862068965517,5.28,2.780000000000001
3799,410190,PR,64,0.22352072694990366,87.5,5.29875,4.558036809815948
3800,310530,MG,39,0.22321275818233025,82.05128205128204,5.295,3.0251898734177214
3801,410530,PR,53,0.22206601449808136,84.90566037735849,5.425714285714286,3.063117870722432
3802,410750,PR,53,0.22195911437477264,86.79245283018868,5.161428571428572,4.673041666666667
3803,220460,PI,25,0.22179771621398495,88.0,4.353333333333333,1.9547524752475276
3804,230765,CE,1254,0.22168959875662492,83.81180223285486,4.645555555555554,2.808647497337593
3805,230075,CE,260,0.2215447263438756,82.3076923076923,4.048157894736843,2.642670623145401
3806,410680,PR,84,0.2212621137140924,80.95238095238095,5.027142857142858,2.539061662198387
3807,316600,MG,24,0.22113991944309994,87.5,4.93,2.626055045871564
3808,314850,MG,38,0.22107174036869034,86.8421052631579,4.470000000000001,4.271060606060606
3809,412660,PR,116,0.2209947694621779,87.93103448275862,5.293333333333333,4.372353982300885
3810,521180,GO,207,0.2208300377693211,85.02415458937197,4.929411764705882,3.4116474291710386
3811,350740,SP,23,0.21963774272907144,78.26086956521739,5.343333333333333,3.4399999999999977
3812,320200,ES,48,0.2194985044393589,83.33333333333334,4.934,2.7378350515463903
3813,230390,CE,58,0.2194841678578632,84.48275862068965,4.128888888888889,2.743243243243242
3814,320390,ES,201,0.21943983237073947,84.5771144278607,4.947272727272727,3.8372641509434064
3815,412796,PR,85,0.21919503257786313,83.52941176470588,5.079999999999999,3.6460612691466068
3816,210200,MA,173,0.21844434763965678,80.92485549132948,4.1671428571428555,-2.9144391025640974
3817,320455,ES,205,0.2183711357189824,85.36585365853658,5.26,5.288066184074452
3818,320460,ES,92,0.21797512083752665,88.04347826086956,5.178888888888888,6.435555555555549
3819,251650,PB,60,0.21788163816936126,86.66666666666667,4.298333333333333,3.132484076433122
3820,412580,PR,29,0.21755056968543396,86.20689655172413,5.091666666666667,4.521111111111109
3821,320360,ES,33,0.21719845912344127,75.75757575757575,4.783333333333333,3.890827586206895
3822,315050,MG,33,0.21686315242216345,81.81818181818183,5.12,4.159481481481482
3823,412450,PR,31,0.21683517772876287,83.87096774193549,,5.591734104046238
3824,420213,SC,21,0.2168099041273638,76.19047619047619,5.09,4.107196969696973
3825,230510,CE,28,0.21658524902589157,78.57142857142857,4.37,13.794097222222224
3826,311770,MG,60,0.21594101130795798,83.33333333333334,5.046,4.574876325088338
3827,520547,GO,81,0.21577853697891503,87.65432098765432,5.18,3.8674504950495106
3828,316220,MG,33,0.2149310915908318,90.9090909090909,5.345000000000001,3.411951219512201
3829,221063,PI,27,0.2137599157432461,85.18518518518519,4.586,5.909824561403509
3830,412190,PR,60,0.21345007534646715,83.33333333333334,4.82875,5.557920792079211
3831,410740,PR,23,0.21310874873132235,82.6086956521739,5.3825,4.327199999999998
3832,250500,PB,39,0.2130902998092052,76.92307692307693,4.5825,4.080222222222222
3833,520735,GO,24,0.21297010131261473,79.16666666666666,5.03,3.544945054945056
3834,411280,PR,61,0.21283118214873897,85.24590163934425,5.2057142857142855,5.32805970149254
3835,310410,MG,27,0.21271299619980924,85.18518518518519,5.053333333333334,5.12574468085106
3836,313867,MG,23,0.21255377376513648,95.65217391304348,4.956666666666667,5.069645390070926
3837,410380,PR,50,0.21208803262106243,82.0,5.220000000000001,5.16065502183406
3838,411910,PR,81,0.21204080528131505,82.71604938271605,5.2575,4.613155080213908
3839,411095,PR,64,0.2114848087900016,85.9375,5.198333333333332,5.719969696969695
3840,312390,MG,56,0.21143127914702473,89.28571428571429,5.175000000000001,5.306666666666672
3841,261618,PE,27,0.2114273277595174,81.48148148148148,4.3740000000000006,3.320187499999996
3842,311360,MG,26,0.21114208711884738,92.3076923076923,5.29,6.501879194630877
3843,231135,CE,72,0.21092749109037498,77.77777777777779,4.264,3.4489411764705835
3844,320040,ES,156,0.21076674226484562,82.6923076923077,5.142666666666667,4.999385964912276
3845,315190,MG,24,0.21029862045479042,79.16666666666666,4.84,
3846,220005,PI,22,0.21006966165744884,63.63636363636363,4.2700000000000005,1.8007438016528898
3847,231380,CE,74,0.20977005279718244,72.97297297297297,4.130624999999999,1.7183999999999982
3848,260510,PE,130,0.20969374137793498,82.3076923076923,4.19235294117647,3.343576437587653
3849,521486,GO,30,0.20950343497487767,86.66666666666667,5.006666666666667,4.024427480916035
3850,410395,PR,31,0.20937990991185434,80.64516129032258,4.92,4.741428571428574
3851,230270,CE,85,0.20932572642511407,83.52941176470588,4.24764705882353,3.577961783439497
3852,411275,PR,24,0.2092702691429883,91.66666666666666,5.1850000000000005,7.992184873949581
3853,352170,SP,30,0.2087359289649317,86.66666666666667,5.154545454545455,
3854,410785,PR,31,0.20858048132532198,87.09677419354838,5.1225,5.641925925925924
3855,411680,PR,28,0.2078855509575779,78.57142857142857,4.761666666666667,4.064702702702703
3856,355610,SP,28,0.20760940560415517,85.71428571428571,5.220000000000001,5.950000000000003
3857,410440,PR,64,0.20732763571907104,78.125,4.927142857142857,4.5087500000000045
3858,210570,MA,185,0.20708275294965708,88.10810810810811,4.370500000000002,6.067614678899089
3859,411050,PR,74,0.20692609354924468,86.48648648648648,5.17090909090909,4.949803921568629
3860,261153,PE,54,0.20656991877954134,75.92592592592592,4.652,3.4069433962264206
3861,231335,CE,84,0.20647533660098422,78.57142857142857,4.182727272727273,2.896344537815127
3862,316120,MG,25,0.20612220119203284,96.0,4.976666666666667,4.945121951219516
3863,231240,CE,409,0.2051767778110599,85.33007334963325,4.564347826086957,3.8746241911398687
3864,260130,PE,51,0.20513273813433244,80.3921568627451,4.183333333333333,3.1954838709677453
3865,221140,PI,22,0.20474535422931306,77.27272727272727,4.503333333333333,4.711951219512192
3866,412520,PR,41,0.2045022183404638,85.36585365853658,5.234,6.480443349753697
3867,510895,MT,68,0.20402959038788127,89.70588235294117,5.043333333333333,4.5445652173913045
3868,521000,GO,190,0.20298813359095627,82.63157894736842,5.124444444444444,4.4375049701789235
3869,315920,MG,30,0.20264855212583405,80.0,5.3125,4.737716535433071
3870,260540,PE,74,0.2025413497692027,79.72972972972973,4.368181818181817,4.442767441860461
3871,411605,PR,57,0.20234581237514093,89.47368421052632,5.285454545454545,5.984871794871797
3872,251520,PB,20,0.20209367503950385,90.0,4.546666666666667,3.5291891891891893
3873,315890,MG,35,0.2017143848960621,85.71428571428571,4.604285714285714,5.125087719298246
3874,411070,PR,255,0.20156549720310485,84.70588235294117,5.281891891891892,5.450920201294032
3875,315230,MG,26,0.20121770607105297,88.46153846153845,4.89,
3876,320506,ES,110,0.20109967233983583,86.36363636363636,5.178333333333334,5.942643034825865
3877,411373,PR,23,0.20082733402136962,86.95652173913044,5.09,6.035714285714284
3878,261440,PE,27,0.20057650060929183,88.88888888888889,4.346,3.261847133757957
3879,261020,PE,95,0.19998305239063974,87.36842105263159,4.225,4.938510638297869
3880,412480,PR,50,0.1993981873604869,90.0,5.4725,7.092661870503596
3881,314450,MG,33,0.19930629830657065,87.87878787878788,4.984999999999999,6.169793103448276
3882,320465,ES,40,0.19910389792292527,90.0,4.875,6.479552238805964
3883,230350,CE,418,0.19844803319208804,85.4066985645933,4.426571428571428,5.010741138560686
3884,355560,SP,25,0.1983665155494651,88.0,5.366666666666666,7.560000000000002
3885,521878,GO,20,0.1983632530450506,90.0,5.1899999999999995,6.408500000000002
3886,410820,PR,23,0.19776796093128493,95.65217391304348,5.51,6.686838235294124
3887,411390,PR,67,0.19767286950630594,92.53731343283582,5.234285714285714,5.317375000000002
3888,520485,GO,47,0.19736560657519767,80.85106382978722,5.04,5.658262711864408
3889,220272,PI,24,0.19716991651153815,91.66666666666666,3.9266666666666667,4.016375000000005
3890,210409,MA,75,0.19701284439167524,88.0,4.182142857142856,4.9642647058823535
3891,311580,MG,31,0.1968920896297066,96.7741935483871,5.0675,9.783333333333337
3892,231030,CE,107,0.19627004317125799,87.85046728971963,4.3657142857142865,5.59256880733945
3893,220273,PI,27,0.19593610717875024,74.07407407407408,4.062,6.087266666666666
3894,354250,SP,21,0.1955603994811263,85.71428571428571,5.21,4.530000000000001
3895,522000,GO,71,0.19534574545542885,83.09859154929578,4.95,5.718806818181816
3896,210010,MA,20,0.19413386754606238,80.0,3.864285714285714,1.7068503937007833
3897,411720,PR,25,0.19395065265057965,88.0,5.045,6.050310077519376
3898,412780,PR,27,0.1938736623497969,85.18518518518519,5.220000000000001,7.455905511811028
3899,412627,PR,37,0.19387255872500697,94.5945945945946,5.359999999999999,9.045555555555554
3900,521973,GO,29,0.19309500853337275,86.20689655172413,5.165,7.559661835748788
3901,411110,PR,24,0.1930491891159559,95.83333333333334,5.346666666666667,8.119459459459462
3902,411900,PR,27,0.19297418319972004,100.0,5.335,8.813504273504272
3903,521900,GO,36,0.19160973660774872,86.11111111111111,5.3425,5.155730994152044
3904,316620,MG,25,0.19104198116738144,92.0,4.922000000000001,9.045960264900659
3905,231340,CE,456,0.19047533206091755,88.37719298245614,4.355405405405405,5.240064784821838
3906,230810,CE,206,0.1904358136368334,81.55339805825243,4.134999999999999,4.641333333333334
3907,211010,MA,80,0.19014779384560151,76.25,4.0676,4.802692307692307
3908,312060,MG,20,0.19008221919851773,80.0,5.22,5.732336448598135
3909,354420,SP,20,0.18978043205821465,95.0,4.873333333333333,4.719999999999999
3910,412230,PR,156,0.18937787284912513,84.61538461538461,5.329473684210527,6.770114503816796
3911,211050,MA,106,0.1889508796341619,82.0754716981132,4.119999999999998,5.853333333333336
3912,250440,PB,56,0.1889065670860061,85.71428571428571,4.38,6.920392156862752
3913,312330,MG,24,0.18800444635273206,83.33333333333334,4.925000000000001,6.852631578947367
3914,230625,CE,318,0.18779136786642808,83.33333333333334,4.645714285714287,5.470440613026816
3915,210430,MA,58,0.1875983286192375,82.75862068965517,4.4479999999999995,5.6594670846395
3916,411870,PR,30,0.186029360776664,83.33333333333334,5.449999999999999,7.646904761904761
3917,410315,PR,22,0.18595354090450475,86.36363636363636,4.976666666666667,9.756168224299063
3918,230100,CE,440,0.18583897324028892,83.63636363636363,4.559333333333332,6.076887417218541
3919,411727,PR,26,0.18565859259388412,96.15384615384616,5.098333333333334,7.34927083333333
3920,510420,MT,50,0.1855446550318117,78.0,5.103333333333333,5.438820960698691
3921,230340,CE,94,0.1851636400768034,84.04255319148936,4.276,5.534139344262295
3922,412720,PR,77,0.18422722595018645,92.20779220779221,5.37875,7.580567375886524
3923,410130,PR,34,0.18419851633901482,97.05882352941177,5.079999999999999,9.764213483146069
3924,320316,ES,32,0.1841667633570634,87.5,5.0520000000000005,8.156142857142859
3925,312100,MG,36,0.18350642414204688,94.44444444444444,4.7875,4.608888888888889
3926,231310,CE,118,0.18315973386795212,88.98305084745762,4.537857142857142,6.891403197158075
3927,230837,CE,52,0.18294749214883257,88.46153846153845,4.182222222222222,6.180778443113768
3928,230240,CE,169,0.18284599412535057,83.4319526627219,4.3212,4.78097447795824
3929,410655,PR,21,0.18257446355721285,90.47619047619048,4.98,7.690101010101013
3930,230640,CE,604,0.18237663924387418,88.74172185430463,4.176712328767122,-2.809429429429432
3931,270830,AL,65,0.18213817522752346,90.76923076923077,4.339,6.778763736263737
3932,220890,PI,33,0.1809330783373045,84.84848484848484,4.586666666666667,6.854352941176474
3933,420765,SC,43,0.18045490593205551,88.37209302325581,5.672499999999999,8.685524344569291
3934,230960,CE,310,0.17960014590174503,86.45161290322581,4.612222222222223,6.725083449235049
3935,521880,GO,1014,0.1795736325800879,87.27810650887574,5.244500000000001,7.9172949863972
3936,230320,CE,128,0.17881478948823276,87.5,4.388333333333333,6.378875912408757
3937,230700,CE,144,0.1788023764612924,86.80555555555556,4.27235294117647,6.279790732436473
3938,412600,PR,31,0.17876856107864073,83.87096774193549,5.08,5.1254482758620705
3939,230190,CE,298,0.17817968929700065,85.57046979865773,4.429285714285713,6.626137787056366
3940,210490,MA,48,0.17813650792830407,87.5,4.264444444444443,8.072814814814812
3941,316190,MG,49,0.17810662836745303,83.6734693877551,5.215714285714285,6.348846153846152
3942,250855,PB,26,0.17523000043147957,88.46153846153845,4.3125,6.888068181818179
3943,312940,MG,27,0.17424514402729507,96.29629629629629,4.975,8.680000000000005
3944,310205,MG,37,0.17313804853014075,89.1891891891892,5.013333333333334,10.331340782122906
3945,412200,PR,71,0.17300202406543516,94.36619718309859,5.176666666666667,9.39751479289941
3946,500085,MS,91,0.1724992122960479,90.10989010989012,5.144,7.321949999999995
3947,520380,GO,33,0.1720599691946881,90.9090909090909,5.12,7.462666666666666
3948,220554,PI,21,0.17201407509080321,76.19047619047619,4.346666666666667,4.812463768115946
3949,210637,MA,43,0.1719717541656697,90.69767441860465,4.233,6.40081081081081
3950,522060,GO,80,0.1711599562953799,88.75,5.161249999999999,8.830652173913048
3951,220590,PI,24,0.17050434716173424,91.66666666666666,4.606,11.254306569343063
3952,220342,PI,21,0.16960784044496385,85.71428571428571,4.01,6.973548387096777
3953,411745,PR,33,0.16849405705875695,90.9090909090909,5.265000000000001,8.194099378881988
3954,220030,PI,32,0.16845209146729834,90.625,4.185,6.948666666666666
3955,353020,SP,27,0.16827804230429763,92.5925925925926,5.117500000000001,7.203333333333333
3956,230690,CE,132,0.16800033589163663,90.9090909090909,4.365882352941177,7.498233657858136
3957,521970,GO,30,0.16752176446256523,90.0,4.886666666666667,10.155816993464052
3958,521525,GO,23,0.16723770882191263,78.26086956521739,4.705,9.5540350877193
3959,230945,CE,117,0.16721552090641514,83.76068376068376,4.422000000000001,7.03086956521739
3960,320010,ES,134,0.16693182231601078,90.29850746268657,4.928888888888889,8.69754273504274
3961,230910,CE,44,0.1666549214665135,86.36363636363636,4.3966666666666665,7.275374449339209
3962,250110,PB,76,0.16643019298014344,90.78947368421053,4.222142857142856,7.785854800936768
3963,311200,MG,42,0.1648312868948404,88.09523809523809,5.12,9.621016042780749
3964,410115,PR,22,0.16441601496877337,86.36363636363636,,8.429019607843141
3965,522200,GO,70,0.16420132250254144,91.42857142857143,4.998888888888889,9.255229357798168
3966,522170,GO,54,0.16411299421857437,85.18518518518519,5.06375,7.228605577689244
3967,353475,SP,21,0.1627108002505426,85.71428571428571,5.303333333333334,9.209999999999994
3968,411695,PR,34,0.16227270190179036,97.05882352941177,5.4383333333333335,12.585454545454546
3969,522020,GO,110,0.16169251357673906,88.18181818181819,4.9158333333333335,8.934869109947645
3970,315530,MG,24,0.16137822573557778,87.5,5.199999999999999,6.33988505747126
3971,231370,CE,24,0.16123432266702908,91.66666666666666,4.348,7.9875
3972,316520,MG,31,0.16114384926549905,90.32258064516128,4.785,11.085153846153858
3973,412085,PR,24,0.16064344332009045,95.83333333333334,5.76,10.598139534883718
3974,230760,CE,220,0.15966367473394008,89.0909090909091,4.613,8.68230905861457
3975,412070,PR,35,0.15766347941708397,85.71428571428571,5.335,10.912903225806453
3976,412640,PR,26,0.15663248091796983,92.3076923076923,5.238333333333333,11.402037037037042
3977,230120,CE,130,0.1566102968493926,93.84615384615384,4.275333333333334,9.037445482866046
3978,211003,MA,118,0.15629100061717338,93.22033898305084,4.335714285714285,9.758170731707319
3979,231150,CE,92,0.1556873846804338,90.21739130434783,4.5325,9.142203389830502
3980,231085,CE,119,0.15487059589795593,93.27731092436974,4.400769230769231,9.494483362521898
3981,410865,PR,36,0.15382714863658295,91.66666666666666,4.816666666666666,11.663124999999997
3982,251250,PB,245,0.1535582148936982,89.38775510204081,4.564545454545454,8.612560669456073
3983,521971,GO,26,0.15265873611978614,88.46153846153845,5.0649999999999995,8.848380952380953
3984,230570,CE,41,0.15256414546028382,80.48780487804879,4.186,8.353999999999997
3985,210600,MA,36,0.15250326916923904,91.66666666666666,4.245,9.013628691983122
3986,421090,SC,23,0.15118989243699865,91.30434782608695,5.63,8.204999999999998
3987,231410,CE,326,0.15067127105799527,91.71779141104295,4.0566666666666675,9.33355992844365
3988,231160,CE,140,0.14979999461957041,86.42857142857143,4.305,8.326540084388185
3989,521910,GO,35,0.1476129354120649,94.28571428571428,5.06,9.206625766871166
3990,230740,CE,119,0.14745609438060348,89.07563025210085,4.197142857142857,8.524595588235293
3991,411845,PR,33,0.1466607927648126,96.96969696969697,5.555,10.440573248407642
3992,314160,MG,28,0.14589053924623038,85.71428571428571,4.8975,11.34352112676056
3993,220870,PI,29,0.14563815139488073,96.55172413793103,4.226666666666667,10.580118343195265
3994,231100,CE,57,0.1454943689016817,92.98245614035088,4.198571428571429,11.304349726775952
3995,412280,PR,23,0.14538230299671048,86.95652173913044,5.215,11.265
3996,230010,CE,46,0.1437448730127278,95.65217391304348,4.3149999999999995,9.807711442786065
3997,410300,PR,25,0.14347772951045074,96.0,5.404999999999999,13.326470588235296
3998,410753,PR,25,0.14347277485540239,88.0,5.455,11.64060606060606
3999,231330,CE,233,0.14290550251864964,89.69957081545064,4.438529411764706,9.489809437386576
4000,316500,MG,35,0.14258912278322464,97.14285714285714,5.1475,12.389065420560744
4001,220194,PI,31,0.14209853149218618,90.32258064516128,4.087142857142857,8.285771812080537
4002,230600,CE,56,0.14207009342058702,96.42857142857143,4.345714285714286,10.751200000000004
4003,520540,GO,70,0.14156678756561372,94.28571428571428,5.2,11.524234527687296
4004,270090,AL,35,0.14153130994234214,85.71428571428571,3.85125,10.319186602870811
4005,320013,ES,60,0.14015556896724454,98.33333333333333,4.9071428571428575,13.446574394463664
4006,230195,CE,121,0.1399831193397777,90.08264462809917,4.457272727272728,9.906147798742143
4007,230630,CE,195,0.13936501660130832,88.71794871794872,4.138333333333334,10.144966248794603
4008,230110,CE,353,0.13866727112892732,91.21813031161473,4.479375,10.128111888111889
4009,521390,GO,20,0.13845560985307065,90.0,5.19,11.664941176470585
4010,521950,GO,22,0.1364914430319891,81.81818181818183,5.109999999999999,9.602820512820513
4011,221030,PI,25,0.13648608279072358,88.0,4.276,11.380000000000003
4012,521630,GO,46,0.13642717274343408,95.65217391304348,5.306666666666667,11.472999999999999
4013,210594,MA,34,0.13628188642974168,85.29411764705883,4.078888888888889,10.377793103448274
4014,210596,MA,57,0.135854740396509,87.71929824561403,4.135,8.49933333333334
4015,210312,MA,24,0.13360491911136466,95.83333333333334,4.157777777777777,11.431000000000001
4016,251350,PB,22,0.1325270619595795,81.81818181818183,4.188,10.906582278481013
4017,412490,PR,26,0.1323046086568296,92.3076923076923,5.02,13.223469387755102
4018,231350,CE,306,0.1308863418362824,94.77124183006535,4.2958823529411765,10.789922985781994
4019,230980,CE,56,0.1307548877890812,91.07142857142857,4.272500000000001,10.07870229007634
4020,230950,CE,106,0.12817905952858066,94.33962264150944,4.342,10.825498891352552
4021,260910,PE,46,0.12796151639062842,93.47826086956522,4.365714285714286,11.697499999999998
4022,210315,MA,78,0.12785650565824566,91.02564102564102,4.05875,10.87147368421053
4023,231130,CE,331,0.12771105785054337,90.93655589123867,4.294848484848484,10.380162846803374
4024,251230,PB,73,0.12710268172961678,90.41095890410958,4.475714285714285,11.686985815602828
4025,355395,SP,36,0.126472925039195,97.22222222222221,5.368571428571429,11.719999999999999
4026,220480,PI,40,0.12564256746464503,85.0,4.319999999999999,9.434278074866313
4027,521405,GO,30,0.12523779689647158,100.0,4.9625,14.965730337078657
4028,230680,CE,42,0.12442178865475786,97.61904761904762,4.384285714285714,11.365624999999996
4029,230580,CE,196,0.12259332052520781,92.3469387755102,4.03695652173913,10.614373650107986
4030,411729,PR,27,0.12245110524471399,92.5925925925926,5.45,12.36
4031,260390,PE,101,0.12237276596864195,91.0891089108911,4.430769230769231,12.136228893058163
4032,220213,PI,30,0.12206354736507953,90.0,4.282,10.024096385542165
4033,521487,GO,21,0.12204656797059814,100.0,5.0649999999999995,13.814883720930238
4034,311990,MG,21,0.12130199621046785,100.0,5.495,8.98409090909091
4035,220020,PI,67,0.12026159756598732,89.55223880597015,4.415555555555555,11.255675675675677
4036,231120,CE,36,0.11922665361689415,83.33333333333334,3.9240000000000004,10.9219209039548
4037,313030,MG,28,0.11750618494019581,100.0,5.126666666666667,16.209302325581394
4038,320330,ES,72,0.11734674328791146,93.05555555555556,4.79625,13.447689873417724
4039,270930,AL,295,0.11731534145768455,90.84745762711864,4.292000000000001,11.781152204836413
4040,231250,CE,24,0.11688988991033498,100.0,4.523333333333333,8.449126213592232
4041,310080,MG,24,0.1167701607876253,87.5,5.183333333333334,14.14921348314607
4042,270230,AL,332,0.11658452343058726,95.18072289156626,4.504210526315789,13.095122103944895
4043,411585,PR,40,0.11637903486462635,87.5,5.574999999999999,12.268743169398908
4044,353540,SP,33,0.11460779599386484,87.87878787878788,5.1883333333333335,12.540000000000006
4045,421625,SC,30,0.11434418876809341,90.0,5.7425,14.324347826086955
4046,316095,MG,40,0.11431474150893746,87.5,4.956666666666667,12.324142011834324
4047,220202,PI,30,0.11426698293200657,90.0,4.0249999999999995,10.423426573426575
4048,260392,PE,30,0.11384227082734436,96.66666666666667,4.245,11.417435897435897
4049,210520,MA,42,0.11232960849585652,92.85714285714286,4.026666666666667,13.862930232558137
4050,220323,PI,23,0.11137495299951392,95.65217391304348,4.555,12.902599999999998
4051,210087,MA,58,0.1107721740758376,96.55172413793103,4.1125,14.650925925925922
4052,510100,MT,20,0.10982280092608718,100.0,5.105,16.397816091954024
4053,261190,PE,90,0.10899378514014124,86.66666666666667,4.367142857142857,12.175158371040723
4054,231210,CE,84,0.10757522822601258,94.04761904761905,4.039090909090909,12.314137115839246
4055,521140,GO,35,0.10507766017531571,97.14285714285714,5.19,15.495695364238415
4056,210462,MA,44,0.10497712597781295,93.18181818181817,4.406666666666666,15.175172413793101
4057,221020,PI,21,0.10492191937614956,95.23809523809523,4.388000000000001,14.9282
4058,521540,GO,26,0.10485011731004647,92.3076923076923,5.225,16.278037383177573
4059,520130,GO,64,0.10372123195702705,96.875,5.1362499999999995,15.129876160990717
4060,220595,PI,81,0.10284583396162317,98.76543209876543,4.266,14.818765822784812
4061,230655,CE,185,0.10256647907736377,90.81081081081082,4.206666666666665,12.52712667353244
4062,310640,MG,26,0.09970854114696716,92.3076923076923,4.923333333333334,15.241184210526312
4063,230428,CE,403,0.09664700798962472,94.04466501240695,4.777307692307692,13.224779233381852
4064,521410,GO,20,0.09487045476687442,90.0,4.9,16.616
4065,231400,CE,168,0.09416220975832176,92.85714285714286,4.276249999999999,13.115704467353956
4066,231110,CE,106,0.09300924746204293,93.39622641509435,4.4025,12.752540983606556
4067,231070,CE,151,0.09245966701774835,88.74172185430463,4.065263157894737,12.240428015564206
4068,351470,SP,20,0.09138274541586959,90.0,5.26,15.069999999999993
4069,231325,CE,40,0.09011003289885884,97.5,4.308,13.207932960893851
4070,230060,CE,38,0.0882305220787612,97.36842105263158,4.223333333333334,14.103454545454543
4071,231180,CE,353,0.08719738493368381,92.3512747875354,4.400312499999999,13.689796040791848
4072,220100,PI,20,0.08477459777823974,90.0,4.13,11.707142857142859
4073,211174,MA,56,0.08439290670317769,94.64285714285714,4.2811111111111115,15.852927927927928
4074,230250,CE,228,0.08431430283352583,92.54385964912281,4.340416666666667,14.149560246262094
4075,221005,PI,26,0.08352399695959753,96.15384615384616,4.22,16.576712328767126
4076,230850,CE,156,0.08168535003086938,92.94871794871796,4.090357142857143,13.515310734463277
4077,353710,SP,87,0.08168263786071046,91.95402298850574,5.418333333333333,14.25
4078,230650,CE,82,0.08144559533669353,96.34146341463415,4.071666666666667,14.501002638522424
4079,230523,CE,401,0.08073785562989223,95.76059850374065,4.619285714285715,14.743667377398722
4080,230620,CE,31,0.07915987398058158,93.54838709677419,4.48,13.851167512690349
4081,230160,CE,88,0.07850039158741126,92.04545454545455,4.055,14.217226277372264
4082,210207,MA,45,0.07671656237716859,100.0,4.1854545454545455,17.276923076923076
4083,230670,CE,69,0.07661595206610974,95.65217391304348,4.4159999999999995,14.214173228346459
4084,231080,CE,93,0.07641368938875748,95.6989247311828,4.509,14.635122950819667
4085,355510,SP,22,0.07640095843951733,86.36363636363636,5.5,13.459999999999994
4086,230420,CE,473,0.07603851694777583,94.08033826638477,4.380869565217393,14.42947284345048
4087,230480,CE,22,0.07505898467680071,81.81818181818183,4.3225,13.457445255474457
4088,231355,CE,90,0.07400814515185569,88.88888888888889,4.122857142857143,12.757794486215541
4089,230260,CE,308,0.07310748609174814,93.5064935064935,4.161000000000001,14.29387351778656
4090,231020,CE,208,0.06998192578507904,96.15384615384616,4.386818181818183,14.970096916299559
4091,270810,AL,45,0.06980547078853361,100.0,4.25,18.31812834224599
4092,230880,CE,24,0.06863616142144026,95.83333333333334,3.77,16.0708938547486
4093,230445,CE,83,0.06797580287066571,93.97590361445783,4.51,15.450585683297179
4094,230080,CE,30,0.06637829958655064,100.0,4.1325,15.793333333333337
4095,230780,CE,201,0.06567036818626885,97.51243781094527,4.122499999999999,15.367944025834232
4096,220430,PI,44,0.0636541640101609,100.0,4.07,17.553399014778325
4097,220885,PI,23,0.063564536023863,86.95652173913044,4.043333333333333,15.368923076923076
4098,231040,CE,26,0.06317916507933007,92.3076923076923,4.114285714285714,16.711
4099,250915,PB,23,0.06290679691095169,95.65217391304348,4.4625,19.156666666666666
4100,220560,PI,26,0.06253281848830208,96.15384615384616,4.5525,19.017431192660553
4101,230205,CE,101,0.06216680783165947,97.02970297029702,4.032500000000001,16.03823416506718
4102,210580,MA,33,0.06202567331315824,100.0,4.132857142857143,18.383606557377046
4103,230280,CE,374,0.06115653288008175,95.98930481283422,4.225714285714286,15.470410697230184
4104,231230,CE,257,0.06105046227867026,95.71984435797665,4.163333333333334,13.740913242009128
4105,231025,CE,181,0.060685855626712235,95.58011049723757,4.366250000000001,16.0222392974753
4106,230490,CE,51,0.06007699116338512,86.27450980392157,4.232,18.01831275720165
4107,230330,CE,63,0.059627235627522444,98.4126984126984,4.258571428571429,16.244261838440114
4108,231220,CE,132,0.059622608824151616,98.48484848484848,4.216086956521737,16.649054404145073
4109,231360,CE,180,0.059271041795600214,96.66666666666667,4.3068181818181825,16.070130861504907
4110,231010,CE,45,0.05867758241364055,91.11111111111111,4.079999999999999,16.547023809523814
4111,230020,CE,360,0.05829042830405115,98.61111111111111,4.216388888888889,16.729177288528387
4112,230530,CE,132,0.05660591116251517,98.48484848484848,4.324375,16.171162420382164
4113,230860,CE,95,0.05656995253836807,97.89473684210527,4.16076923076923,16.38875912408758
4114,230070,CE,73,0.05617196076533675,95.8904109589041,4.46111111111111,16.747219101123594
4115,230533,CE,56,0.05486462486406147,96.42857142857143,4.363,16.3199604743083
4116,220553,PI,26,0.054713049507835655,100.0,4.045,17.426666666666666
4117,230393,CE,63,0.05457641859678868,96.82539682539682,4.1657142857142855,16.71247734138973
4118,220910,PI,20,0.05449897239581988,95.0,4.201666666666666,16.981600000000004
4119,230470,CE,283,0.054113019834496706,96.46643109540636,3.802432432432432,15.40105263157895
4120,230410,CE,313,0.053420512069622304,97.44408945686901,4.230263157894736,15.990951757258237
4121,220650,PI,37,0.05329268558773863,100.0,4.325714285714286,18.918378378378378
4122,230500,CE,259,0.053240977462538544,99.22779922779922,4.062272727272726,17.089398862713242
4123,210667,MA,30,0.05184829294107059,100.0,3.9320000000000004,19.040555555555557
4124,230230,CE,135,0.05167691867211482,97.77777777777777,4.094782608695652,16.66147540983606
4125,230395,CE,117,0.04938628268611377,98.29059829059828,4.463846153846154,17.80170642201835
4126,230610,CE,131,0.04925052288479958,96.18320610687023,4.0138461538461545,16.647948717948722
4127,230763,CE,90,0.04745936917716613,94.44444444444444,4.206363636363636,16.643674418604654
4128,230430,CE,69,0.0471870295935493,98.55072463768117,4.22,17.19197674418605
4129,230800,CE,175,0.04583087279558865,97.71428571428571,4.033333333333333,17.40527114967462
4130,230427,CE,30,0.04578894286759914,93.33333333333333,4.286666666666666,16.96763358778626
4131,231126,CE,84,0.045611288256054386,97.61904761904762,4.2700000000000005,13.355789889415487
4132,211270,MA,225,0.04554418344181412,97.77777777777777,3.894074074074074,17.84408593091828
4133,230460,CE,31,0.04392375349183263,93.54838709677419,4.12,16.032812500000006
4134,230380,CE,83,0.04302631033295006,100.0,4.233846153846153,17.577213114754095
4135,230520,CE,69,0.040630511173761756,94.20289855072464,4.026,17.62351206434316
4136,231390,CE,84,0.038882525224459154,95.23809523809523,4.133333333333333,17.19269230769231
4137,230050,CE,43,0.03815974304706066,97.67441860465115,4.312999999999999,18.36404255319149
4138,231195,CE,115,0.03685576035878209,97.3913043478261,4.2761538461538455,17.48617021276596
4139,230835,CE,53,0.036807368629069866,98.11320754716981,4.19,19.01148514851485
4140,231320,CE,106,0.03666231971759561,98.11320754716981,4.119999999999999,17.717289527720737
4141,230890,CE,105,0.036525412847199734,99.04761904761905,4.116923076923077,18.345310218978103
4142,230300,CE,53,0.035513256553744744,98.11320754716981,4.254166666666666,17.583260869565223
4143,230426,CE,27,0.034440665792751866,100.0,4.244,18.740880503144652
4144,220190,PI,96,0.03443735402988258,98.95833333333334,4.503333333333333,19.006488095238097
4145,230565,CE,61,0.03424537298700568,98.36065573770492,4.112500000000001,18.20272727272727
4146,230725,CE,171,0.033226747853329845,97.6608187134503,4.603000000000001,18.895955801104975
4147,230365,CE,46,0.03306621431865998,100.0,4.1850000000000005,20.0
4148,230820,CE,84,0.03296366688120872,98.80952380952381,4.310833333333334,18.34560344827586
4149,231095,CE,32,0.03200031346783626,96.875,4.125,19.48198830409357
4150,231200,CE,147,0.03180612367461658,98.63945578231292,3.9500000000000006,18.767437500000007
4151,230450,CE,105,0.031752561206125955,99.04761904761905,4.231428571428571,18.973826638477806
4152,230425,CE,203,0.03089142465666814,99.50738916256158,4.422083333333333,19.238850457782302
4153,231395,CE,83,0.03079946737814433,97.59036144578313,4.252222222222222,18.868072562358275
4154,231140,CE,377,0.030618766230864444,98.40848806366049,4.34048780487805,18.638032171581774
4155,230900,CE,63,0.030415319855816827,98.4126984126984,4.117999999999999,18.350985915492956
4156,230930,CE,118,0.030157205989106914,98.30508474576271,4.168,18.018960396039603
4157,231270,CE,85,0.029548460380850235,100.0,4.180714285714285,19.258805970149254
4158,231170,CE,83,0.029409789666006107,98.79518072289156,4.107692307692308,19.01381546134663
4159,231280,CE,40,0.028904046858456794,97.5,4.082,19.096036866359444
4160,230590,CE,175,0.028517940567289284,98.85714285714286,4.183333333333334,18.707872582480096
4161,230990,CE,37,0.028230335075057355,100.0,4.184,18.829447852760733
4162,230560,CE,63,0.028149927083435174,98.4126984126984,4.24,18.716699029126215
4163,230125,CE,69,0.02801698439234493,100.0,4.1925,19.136321070234118
4164,231123,CE,33,0.027486461378443832,96.96969696969697,4.38,18.36172131147541
4165,231300,CE,90,0.02675977344891729,97.77777777777777,4.324285714285714,18.503716381418087
4166,230423,CE,96,0.02480323125933302,100.0,4.255714285714286,18.799437751004017
4167,230940,CE,163,0.024743634386680598,100.0,4.167777777777777,19.53073483842408
4168,230660,CE,89,0.02446974031754639,100.0,4.243333333333335,19.361000000000004
4169,231290,CE,946,0.02412718521398214,99.15433403805497,4.354366197183098,18.66292336604719
4170,230465,CE,72,0.023472874095985974,100.0,4.1370000000000005,19.137784256559765
4171,230920,CE,104,0.02346375225989966,100.0,4.2371428571428575,19.76718604651163
4172,230790,CE,59,0.023313140100306596,100.0,3.9566666666666666,18.85942528735632
4173,230310,CE,81,0.022864604890852288,98.76543209876543,3.7272727272727275,19.238542199488485
4174,231050,CE,137,0.020738412032282667,100.0,4.0892,19.5660492040521
4175,231090,CE,70,0.02024336973502482,100.0,4.14888888888889,20.0
4176,230435,CE,97,0.018741977954419297,100.0,4.186,20.0
4177,230400,CE,109,0.016274239497759843,100.0,3.850909090909091,20.0
