id_municipio,uf,cluster,perfil,risco_medio,taxa_alfabetizacao_real,inse_municipio
110001,RO,2,Intermediario,0.4047156748751201,57.98319327731093,4.8984615384615395
110002,RO,2,Intermediario,0.44552594100836446,62.94642857142857,4.878965517241379
110003,RO,0,Consolidado,0.3532835217387195,73.33333333333333,4.9525
110004,RO,2,Intermediario,0.4347992099077766,63.83647798742138,4.949677419354839
110005,RO,2,Intermediario,0.4625227768428961,67.9245283018868,5.027499999999999
110006,RO,2,Intermediario,0.4007259299033312,61.016949152542374,5.135
110007,RO,2,Intermediario,0.4104904027664288,62.7906976744186,4.881428571428572
110008,RO,2,Intermediario,0.3550480077330629,67.16417910447761,4.753333333333334
110009,RO,0,Consolidado,0.30894493299431414,74.56647398843931,4.833333333333334
110010,RO,1,Critico,0.6037129672480432,45.68527918781726,4.768888888888888
110011,RO,2,Intermediario,0.43097572991149863,68.33976833976834,4.8986363636363635
110012,RO,2,Intermediario,0.39699835293915997,68.5251798561151,4.967608695652173
110013,RO,2,Intermediario,0.5075180551242713,61.79775280898876,4.696666666666666
110014,RO,0,Consolidado,0.31800481780096673,63.2183908045977,4.917142857142857
110015,RO,2,Intermediario,0.3763281345530219,65.54054054054053,4.979333333333333
110018,RO,2,Intermediario,0.3094795746589753,76.04790419161677,5.042142857142857
110020,RO,2,Intermediario,0.49945033860720217,59.49913644214162,4.912746478873237
110025,RO,2,Intermediario,0.44021780207021344,67.04545454545455,4.9270000000000005
110026,RO,2,Intermediario,0.3663341085814848,65.51724137931035,4.835
110028,RO,2,Intermediario,0.38134500158813733,70.34220532319392,5.035999999999998
110029,RO,0,Consolidado,0.2821167803182183,74.28571428571429,4.865
110030,RO,2,Intermediario,0.3896755804699307,71.72995780590718,5.152666666666666
110032,RO,2,Intermediario,0.4029787212747315,69.64285714285714,4.846363636363637
110033,RO,3,Atencao,0.5449548615193883,55.42857142857143,4.692727272727273
110034,RO,2,Intermediario,0.553191893738959,57.14285714285714,4.948333333333333
110037,RO,0,Consolidado,0.34165654033095305,84.4155844155844,4.775
110040,RO,2,Intermediario,0.4647197426333664,52.63157894736842,4.87125
110045,RO,2,Intermediario,0.47122349803563485,64.0,4.850833333333334
110050,RO,2,Intermediario,0.35133259803224615,62.7906976744186,4.88
110060,RO,2,Intermediario,0.4060173563426425,60.0,4.8625
110070,RO,2,Intermediario,0.43017635662697706,68.85245901639344,4.806666666666667
110080,RO,2,Intermediario,0.5907023153989209,53.64238410596026,4.747999999999999
110092,RO,2,Intermediario,0.2884374460697788,64.40677966101694,4.953333333333334
110094,RO,2,Intermediario,0.35312638136866653,67.24137931034483,4.775
110100,RO,2,Intermediario,0.3810384489890972,73.13432835820896,4.768
110110,RO,0,Consolidado,0.23131933428795828,86.66666666666667,4.583333333333333
110120,RO,2,Intermediario,0.35995668427083904,63.63636363636363,4.97
110130,RO,2,Intermediario,0.43797871516599096,71.42857142857143,4.824
110140,RO,2,Intermediario,0.36620281140178845,68.18181818181817,4.898571428571429
110143,RO,2,Intermediario,0.4044812232580667,81.48148148148148,4.815
110145,RO,2,Intermediario,0.42533982852006674,52.0,4.9350000000000005
110148,RO,2,Intermediario,0.4597055804960758,66.66666666666666,5.0
110149,RO,2,Intermediario,0.4399970962243036,68.0,4.955714285714286
110150,RO,3,Atencao,0.4474005388702081,64.19753086419753,4.856666666666667
110155,RO,2,Intermediario,0.3760921488359065,75.0,4.87
110160,RO,2,Intermediario,0.424642351268056,73.07692307692307,4.744
110170,RO,2,Intermediario,0.4076177121437497,66.66666666666666,4.838333333333333
110175,RO,3,Atencao,0.6294120386457719,58.333333333333336,4.865
110180,RO,3,Atencao,0.5888876922217887,55.00000000000001,4.8075
130002,AM,3,Atencao,0.5616046907120671,55.00000000000001,3.9033333333333338
130006,AM,3,Atencao,0.45580235814611153,63.366336633663366,3.538333333333333
130008,AM,3,Atencao,0.555773756930452,60.60606060606061,4.159166666666667
130010,AM,0,Consolidado,0.3337738178436766,72.47706422018348,4.167777777777777
130014,AM,2,Intermediario,0.476702964332337,58.42696629213483,4.604444444444444
130020,AM,2,Intermediario,0.41111230184082437,64.47368421052632,3.8350000000000004
130040,AM,1,Critico,0.5728200141906683,50.505050505050505,4.03090909090909
130050,AM,1,Critico,0.7856926308118755,30.967741935483872,3.6841379310344826
130068,AM,1,Critico,0.664353494698428,48.61111111111111,4.014
130070,AM,1,Critico,0.5611177235420801,56.73758865248227,4.446315789473685
130080,AM,1,Critico,0.6648699090693851,39.285714285714285,3.9440625000000002
130100,AM,3,Atencao,0.5155736188854583,58.91472868217055,4.073684210526316
130115,AM,1,Critico,0.7053269365371182,39.21568627450981,4.236190476190476
130120,AM,1,Critico,0.6422401544046558,47.354497354497354,4.081666666666667
130130,AM,3,Atencao,0.5886050377884317,53.125,4.243076923076923
130165,AM,3,Atencao,0.5003278623899444,56.14035087719298,4.14875
130170,AM,3,Atencao,0.5461260646844563,59.63636363636363,4.168823529411765
130185,AM,1,Critico,0.6629197765220057,35.68904593639576,4.637000000000001
130190,AM,3,Atencao,0.5560486790643178,55.41125541125541,4.272075471698114
130195,AM,0,Consolidado,0.28340463415791967,77.55102040816327,3.692857142857143
130210,AM,0,Consolidado,0.24458389884107118,83.60655737704919,3.82625
130220,AM,1,Critico,0.6133793916942241,53.84615384615385,3.8957142857142855
130230,AM,1,Critico,0.6854897817248046,32.800000000000004,3.7415789473684216
130240,AM,2,Intermediario,0.4134824618440644,74.25149700598801,4.415384615384616
130250,AM,1,Critico,0.6421371481713782,45.45454545454545,4.329122807017543
130255,AM,1,Critico,0.7015745149718656,30.0,4.164000000000001
130260,AM,2,Intermediario,0.5559245409744149,53.86263795135541,4.853927893738139
130270,AM,3,Atencao,0.4968876086840157,52.0,4.013529411764706
130280,AM,1,Critico,0.6771072227292708,46.03174603174603,3.78
130290,AM,1,Critico,0.5390377760542828,61.990950226244344,3.8873333333333333
130300,AM,3,Atencao,0.4423374726195821,62.745098039215684,4.006923076923077
130310,AM,1,Critico,0.6238930844815885,39.69465648854962,3.8156521739130436
130320,AM,2,Intermediario,0.42366561195153674,73.0,4.513749999999999
130330,AM,2,Intermediario,0.4339145918751603,66.98113207547169,4.009999999999999
130340,AM,3,Atencao,0.4633733851832981,61.206896551724135,4.1326785714285705
130350,AM,1,Critico,0.6544525037555622,56.09756097560976,4.058333333333334
130353,AM,1,Critico,0.7406121804108463,33.33333333333333,4.604347826086956
130356,AM,1,Critico,0.6799836805273637,48.55072463768116,4.475454545454546
130360,AM,1,Critico,0.7152680499317826,29.82456140350877,4.0600000000000005
130370,AM,3,Atencao,0.5655372395682514,56.14035087719298,3.789444444444444
130380,AM,1,Critico,0.6498772750954686,43.85245901639344,3.7777777777777777
130390,AM,1,Critico,0.6880121137413765,41.853035143769965,3.7807407407407405
130395,AM,3,Atencao,0.57881672955022,49.056603773584904,4.0225
130406,AM,1,Critico,0.649965646556748,42.79475982532751,3.91
130410,AM,3,Atencao,0.589223365343639,56.56565656565656,4.04
130423,AM,1,Critico,0.6962303003013802,37.0,3.805833333333334
130426,AM,1,Critico,0.7976621939628294,20.51282051282051,3.778
130430,AM,3,Atencao,0.38237057524741447,69.47368421052632,4.113333333333333
150010,PA,1,Critico,0.7007138267764423,37.21804511278196,4.17186046511628
150013,PA,3,Atencao,0.5362122544489718,69.23076923076923,4.432499999999999
150020,PA,1,Critico,0.6807436736542232,41.84782608695652,4.128000000000003
150030,PA,1,Critico,0.724868243196608,34.95575221238938,3.657173913043478
150034,PA,1,Critico,0.6818809000428199,40.54054054054054,4.5
150040,PA,1,Critico,0.7159550393690876,35.62874251497006,4.13974358974359
150050,PA,1,Critico,0.7383405361953996,32.25806451612903,4.077916666666667
150060,PA,1,Critico,0.63449254489936,47.46059544658494,4.6196
150070,PA,1,Critico,0.7582081228666597,33.33333333333333,3.534285714285714
150080,PA,2,Intermediario,0.5328488463242315,56.077510275983556,4.5197183098591545
150085,PA,1,Critico,0.6120606033751568,47.76119402985074,4.403333333333333
150090,PA,1,Critico,0.6723552298224774,35.56701030927835,3.786944444444444
150095,PA,1,Critico,0.6272855874084701,48.78048780487805,3.9952941176470587
150100,PA,3,Atencao,0.5030618753981714,65.9090909090909,4.127999999999999
150110,PA,3,Atencao,0.5812541067716459,42.857142857142854,3.5081250000000006
150120,PA,1,Critico,0.7490836367217898,31.538461538461537,4.2458333333333345
150130,PA,1,Critico,0.6693381033353408,46.01449275362319,4.461944444444445
150140,PA,1,Critico,0.5612775208340756,54.75212270610792,4.5008934707903805
150145,PA,3,Atencao,0.4927501088879691,54.21686746987952,4.237499999999999
150150,PA,3,Atencao,0.449748191105343,63.1578947368421,4.4713157894736835
150157,PA,3,Atencao,0.5440543968593023,55.88235294117647,4.338333333333334
150160,PA,1,Critico,0.7247995979084704,40.0,4.131666666666666
150170,PA,1,Critico,0.6785741818562986,41.14173228346456,4.091969696969697
150172,PA,0,Consolidado,0.24582596622326056,76.0,4.39625
150175,PA,3,Atencao,0.3998343589308842,65.78947368421053,4.158888888888888
150178,PA,1,Critico,0.674388011629625,38.97435897435898,4.209999999999999
150180,PA,1,Critico,0.5952790280900794,55.053191489361694,3.910526315789473
150190,PA,3,Atencao,0.5712315913481605,48.38709677419355,3.883599999999999
150195,PA,1,Critico,0.6185763085715249,56.451612903225815,4.041764705882353
150200,PA,3,Atencao,0.5865226535298013,48.148148148148145,4.022142857142858
150210,PA,1,Critico,0.6852039190196064,39.82683982683983,4.025619047619047
150215,PA,2,Intermediario,0.45268242958106647,60.747663551401864,4.762631578947368
150220,PA,3,Atencao,0.5109417778172723,62.7177700348432,4.215833333333335
150230,PA,3,Atencao,0.5945496340687892,53.2258064516129,4.045151515151514
150250,PA,3,Atencao,0.4661367376089035,59.77011494252874,3.67875
150260,PA,1,Critico,0.6392028880928297,41.935483870967744,4.105555555555555
150270,PA,1,Critico,0.6301945666475973,45.95959595959596,4.427826086956522
150275,PA,1,Critico,0.6095330344998215,39.63963963963964,3.8999999999999995
150276,PA,1,Critico,0.5997683479547136,50.70422535211267,4.515714285714286
150277,PA,2,Intermediario,0.4681491868852523,65.32258064516128,4.601333333333333
150280,PA,1,Critico,0.8074995809277061,28.761061946902654,3.604642857142857
150285,PA,1,Critico,0.6890397689764878,44.06779661016949,3.8790909090909094
150290,PA,1,Critico,0.7469595304073483,35.78947368421053,4.168518518518519
150293,PA,3,Atencao,0.45505313105940826,63.55140186915887,4.462105263157894
150295,PA,1,Critico,0.581369004659269,51.21951219512195,4.390624999999999
150300,PA,1,Critico,0.5758765250826903,53.57142857142857,4.057272727272727
150304,PA,3,Atencao,0.5320271421941547,60.824742268041234,4.423
150307,PA,1,Critico,0.7249377290654918,31.61764705882353,3.791176470588235
150309,PA,1,Critico,0.6399522952615428,42.27642276422765,4.311875
150320,PA,1,Critico,0.6581864381896496,40.15151515151515,4.160454545454546
150330,PA,1,Critico,0.6878387028669984,36.86274509803922,4.16872340425532
150340,PA,1,Critico,0.7256552154086727,26.229508196721312,4.1177777777777775
150345,PA,1,Critico,0.6806165395206556,34.45378151260504,4.089444444444444
150350,PA,1,Critico,0.620739710789394,52.112676056338024,4.162000000000001
150360,PA,2,Intermediario,0.4884624599557664,57.45784695201037,4.6099999999999985
150370,PA,1,Critico,0.6538687495731212,47.27272727272727,4.338636363636363
150380,PA,1,Critico,0.6879634741903266,42.073170731707314,4.317368421052632
150390,PA,1,Critico,0.6203092079151425,50.5338078291815,3.8970731707317072
150400,PA,1,Critico,0.6228292804740401,47.01492537313433,3.780714285714285
150405,PA,1,Critico,0.6228418603346442,46.043165467625904,4.2456249999999995
150410,PA,3,Atencao,0.5085656502542673,59.09090909090909,4.173333333333334
150420,PA,1,Critico,0.5767971246723165,50.8557457212714,4.522905982905984
150430,PA,3,Atencao,0.5214934442880884,50.0,4.047391304347825
150440,PA,1,Critico,0.7207223042758868,35.38461538461539,4.101578947368422
150442,PA,1,Critico,0.5678109706332113,51.690821256038646,4.501521739130435
150445,PA,1,Critico,0.6230118757718607,51.03448275862069,4.386153846153847
150450,PA,1,Critico,0.7432867851437707,32.63888888888889,3.580689655172413
150460,PA,1,Critico,0.7357989468303493,34.45378151260504,4.121666666666666
150470,PA,1,Critico,0.7454303979695066,33.78378378378378,4.0121153846153845
150475,PA,1,Critico,0.5925768526674254,51.21951219512195,4.340588235294118
150480,PA,3,Atencao,0.5886674871238508,53.380782918149464,4.149799999999999
150490,PA,1,Critico,0.7249565395163463,38.62660944206009,3.785769230769231
150495,PA,1,Critico,0.6632082441786674,35.61643835616438,3.9353846153846153
150497,PA,1,Critico,0.6041063428025758,46.34146341463415,4.355555555555556
150500,PA,1,Critico,0.5923155312737898,52.94117647058824,4.2299999999999995
150503,PA,2,Intermediario,0.5084249013368698,67.79661016949152,4.693333333333334
150506,PA,1,Critico,0.5821206937972195,57.46268656716418,4.3765714285714274
150510,PA,3,Atencao,0.5773429404520619,56.28140703517588,3.9792682926829275
150520,PA,1,Critico,0.8056838874218352,30.057803468208093,3.8174999999999994
150530,PA,1,Critico,0.7393697746618354,29.749103942652326,3.8029545454545453
150540,PA,3,Atencao,0.5986009945481355,57.6271186440678,4.27875
150543,PA,1,Critico,0.5874863105030899,47.22222222222222,4.535000000000001
150548,PA,1,Critico,0.6696529706493685,44.0,4.380624999999999
150549,PA,1,Critico,0.702726894407871,36.84210526315789,4.212
150550,PA,3,Atencao,0.49490686878823353,60.24305555555556,4.517941176470588
150553,PA,2,Intermediario,0.5738693459812253,54.054054054054056,4.710181818181816
150555,PA,1,Critico,0.5949564731257312,39.39393939393939,4.45
150560,PA,3,Atencao,0.427809875857299,64.51612903225806,4.248571428571428
150563,PA,3,Atencao,0.527408912118161,61.904761904761905,4.4037500000000005
150570,PA,3,Atencao,0.5940267265067071,47.05882352941176,3.76375
150580,PA,1,Critico,0.658836851684957,41.17647058823529,3.66
150590,PA,0,Consolidado,0.3153312009524835,80.625,3.4996551724137928
150600,PA,3,Atencao,0.5929998927762502,53.97727272727273,3.7272
150610,PA,3,Atencao,0.5966284304135706,50.877192982456144,4.180000000000001
150611,PA,3,Atencao,0.6049041094590217,50.81967213114754,4.028888888888889
150613,PA,3,Atencao,0.5320976706428291,58.686440677966104,4.658214285714285
150616,PA,1,Critico,0.5953007968651345,47.14285714285714,4.593333333333333
150618,PA,2,Intermediario,0.45011445706986375,67.33333333333333,4.516153846153847
150619,PA,3,Atencao,0.532939053224753,58.38926174496645,4.415624999999999
150620,PA,1,Critico,0.6135389256920355,50.23696682464455,4.048518518518519
150630,PA,1,Critico,0.5895350614773118,47.05882352941176,4.159473684210527
150635,PA,1,Critico,0.6626009680256382,40.0,4.294375
150640,PA,3,Atencao,0.5868086748268764,51.21951219512195,3.915
150650,PA,1,Critico,0.7001376809764301,38.853503184713375,4.2429411764705875
150655,PA,1,Critico,0.6224810117395748,43.333333333333336,4.241818181818181
150658,PA,1,Critico,0.6067386270440762,50.51546391752577,4.495384615384615
150670,PA,2,Intermediario,0.5380979100813814,58.590308370044056,4.5093749999999995
150680,PA,1,Critico,0.5621101209641289,54.395280235988196,4.26266666666667
150690,PA,3,Atencao,0.3634253361495084,66.66666666666666,4.121666666666667
150700,PA,1,Critico,0.7676781849107731,27.06766917293233,4.279999999999999
150710,PA,1,Critico,0.5754576162247318,50.0,3.917272727272727
150715,PA,1,Critico,0.6432467295203578,39.08045977011494,4.4525
150720,PA,1,Critico,0.748255287299481,36.11111111111111,3.9390476190476185
150740,PA,1,Critico,0.7164593380972447,23.684210526315788,4.276666666666666
150745,PA,1,Critico,0.6002761395580852,52.23880597014925,4.417368421052632
150747,PA,1,Critico,0.7082795583853987,28.235294117647058,3.997500000000001
150750,PA,1,Critico,0.73642770323916,38.961038961038966,4.278333333333332
150760,PA,1,Critico,0.6580127228185813,49.11504424778761,4.196400000000001
150770,PA,1,Critico,0.614147857617805,47.01492537313433,3.7459999999999996
150775,PA,2,Intermediario,0.3161147055365073,70.58823529411765,4.476666666666667
150780,PA,1,Critico,0.7304502882189914,34.166666666666664,4.213076923076923
150790,PA,3,Atencao,0.5106652180243617,56.68789808917197,4.234166666666667
150795,PA,1,Critico,0.7079963452487844,38.57142857142858,4.263333333333334
150796,PA,1,Critico,0.6177324770302824,45.45454545454545,4.162222222222222
150797,PA,3,Atencao,0.39649806245006497,71.53846153846153,4.2975
150800,PA,1,Critico,0.6078015234447437,47.12643678160919,4.1154716981132085
150803,PA,1,Critico,0.6661793750281391,50.79365079365079,3.9123529411764704
150805,PA,2,Intermediario,0.42847763844973824,66.30434782608695,4.546666666666668
150808,PA,2,Intermediario,0.5576152610337682,51.041666666666664,4.701538461538461
150810,PA,1,Critico,0.6784822949536198,42.12678936605317,4.422222222222223
150812,PA,3,Atencao,0.4642025509789825,58.06451612903226,4.464285714285714
150815,PA,3,Atencao,0.4563925048271972,65.21739130434783,4.373333333333334
150820,PA,1,Critico,0.7416861541101704,35.638297872340424,4.290312500000001
150830,PA,1,Critico,0.7161565441900191,37.6425855513308,3.8456
150835,PA,3,Atencao,0.42657045505709323,67.02127659574468,4.373333333333334
150840,PA,1,Critico,0.6042424530094164,49.122807017543856,4.6080000000000005
160005,AP,1,Critico,0.5643304021584968,34.78260869565217,4.636666666666667
160010,AP,1,Critico,0.7770666872690912,23.636363636363637,4.311111111111112
160015,AP,3,Atencao,0.5299724252513631,48.64864864864865,4.396666666666666
160020,AP,1,Critico,0.7044322973526137,35.0,4.519
160021,AP,3,Atencao,0.579771608496864,58.139534883720934,4.221666666666667
160023,AP,3,Atencao,0.37111225575565204,65.625,4.5025
160025,AP,3,Atencao,0.6130918356509024,58.333333333333336,4.1290000000000004
160027,AP,1,Critico,0.6938255346905282,44.81327800829876,4.5634999999999994
160030,AP,1,Critico,0.6476128835067503,43.29073482428115,4.667882352941173
160040,AP,1,Critico,0.7088648120393755,34.899328859060404,4.363684210526316
160050,AP,1,Critico,0.811754049876482,23.48993288590604,4.30375
160053,AP,3,Atencao,0.40866399436501566,57.8125,4.399166666666667
160055,AP,1,Critico,0.727257385541981,37.5,4.326666666666667
160060,AP,3,Atencao,0.6003856217054201,48.301329394387,4.643200000000001
160070,AP,3,Atencao,0.504981216862366,60.747663551401864,4.21235294117647
160080,AP,1,Critico,0.7558541925875304,30.985915492957744,4.347499999999999
170030,TO,1,Critico,0.7353744796188832,43.75,4.7
170040,TO,1,Critico,0.7002441740054518,32.0,4.667142857142857
170070,TO,2,Intermediario,0.4672529654904575,55.81395348837209,4.986
170100,TO,1,Critico,0.6506572836828515,46.15384615384615,4.675714285714286
170110,TO,1,Critico,0.7373552398175715,27.27272727272727,4.615
170190,TO,1,Critico,0.6627957546810513,30.0,4.696666666666667
170200,TO,1,Critico,0.6606113869210966,51.85185185185185,4.9175
170210,TO,1,Critico,0.6510404183070383,43.06049822064057,4.860468750000002
170215,TO,1,Critico,0.7088178053550942,44.44444444444444,4.422499999999999
170220,TO,1,Critico,0.6499670764261358,45.94594594594595,4.404117647058823
170230,TO,3,Atencao,0.591164587544594,72.72727272727273,4.633333333333333
170240,TO,3,Atencao,0.5920103087508456,58.82352941176471,4.62125
170255,TO,3,Atencao,0.5342571599643059,67.5,4.645555555555555
170290,TO,1,Critico,0.7018667407070194,37.5,4.397142857142857
170300,TO,1,Critico,0.824805701319409,13.953488372093023,4.46
170305,TO,1,Critico,0.7117047571867083,25.0,4.745
170307,TO,1,Critico,0.8459640097313292,17.857142857142858,4.54
170310,TO,3,Atencao,0.5412469410875104,57.14285714285714,4.912000000000001
170320,TO,3,Atencao,0.5249832745689347,53.84615384615385,4.626
170370,TO,3,Atencao,0.6570741178139783,48.0,4.833333333333333
170384,TO,1,Critico,0.7627190624518766,30.303030303030305,4.074
170386,TO,1,Critico,0.6560933121588822,45.45454545454545,4.95
170390,TO,1,Critico,0.7921651261638125,14.285714285714285,4.693333333333333
170510,TO,3,Atencao,0.5759131317705203,50.0,4.5649999999999995
170550,TO,2,Intermediario,0.5506764162690249,59.006211180124225,4.737058823529412
170555,TO,3,Atencao,0.500736625547185,46.15384615384615,4.6825
170560,TO,1,Critico,0.7358519799119633,32.0,4.53
170600,TO,1,Critico,0.6048403481145077,34.61538461538461,4.5680000000000005
170610,TO,2,Intermediario,0.5063571627029361,50.0,4.913333333333333
170650,TO,1,Critico,0.7085686290418901,28.947368421052634,4.515000000000001
170700,TO,2,Intermediario,0.5121230557685148,48.67256637168141,4.833636363636364
170710,TO,1,Critico,0.593876892931621,37.93103448275862,4.765000000000001
170720,TO,3,Atencao,0.5750035939778989,47.82608695652174,4.575
170730,TO,1,Critico,0.596780792902287,45.0,4.654999999999999
170740,TO,1,Critico,0.6454687494412609,55.88235294117647,4.330000000000001
170765,TO,2,Intermediario,0.5082364189684077,57.57575757575758,4.803333333333334
170770,TO,1,Critico,0.8655468148061022,13.333333333333334,4.262
170820,TO,3,Atencao,0.5528417389079112,58.2089552238806,4.694999999999999
170900,TO,1,Critico,0.7913527545020942,20.634920634920633,4.05
170930,TO,1,Critico,0.6712306677463533,45.348837209302324,4.801666666666667
170950,TO,2,Intermediario,0.5846152251682156,51.56794425087108,5.008387096774195
171050,TO,3,Atencao,0.5406663639578029,40.909090909090914,4.6
171090,TO,3,Atencao,0.6566256805566988,51.85185185185185,4.48
171190,TO,1,Critico,0.7450837292819775,30.508474576271187,4.6325
171195,TO,1,Critico,0.8337634352541556,13.793103448275861,4.415
171250,TO,1,Critico,0.7711296624914248,17.391304347826086,4.61
171320,TO,1,Critico,0.6242674936080745,41.269841269841265,4.856000000000001
171330,TO,2,Intermediario,0.5065905843105325,50.0,4.7250000000000005
171360,TO,1,Critico,0.6250349792984705,43.333333333333336,4.486
171380,TO,1,Critico,0.6776530177244267,45.16129032258064,4.6066666666666665
171420,TO,1,Critico,0.7151364761869079,37.5,4.828
171430,TO,1,Critico,0.6819195055176805,45.16129032258064,4.5775
171488,TO,1,Critico,0.7415338953177577,34.523809523809526,4.451428571428572
171570,TO,1,Critico,0.8118158783559127,9.375,4.442
171575,TO,3,Atencao,0.4550450687409752,54.054054054054056,4.8575
171610,TO,2,Intermediario,0.4565339147020355,62.704918032786885,5.008571428571428
171620,TO,3,Atencao,0.5284768725634647,65.3061224489796,4.542222222222222
171650,TO,3,Atencao,0.5275205329922703,58.333333333333336,4.819999999999999
171660,TO,1,Critico,0.6150223453593806,45.0,4.807142857142857
171670,TO,2,Intermediario,0.5249365124926584,52.0,4.942
171700,TO,1,Critico,0.6762508177972048,55.00000000000001,4.593333333333334
171750,TO,1,Critico,0.704360664551118,43.47826086956522,4.87
171790,TO,1,Critico,0.6823283880149649,36.11111111111111,4.496666666666666
171820,TO,2,Intermediario,0.576147553086419,48.92857142857142,4.799714285714287
171840,TO,3,Atencao,0.47378805006694263,45.0,4.665
171875,TO,1,Critico,0.7937559552145809,38.70967741935484,4.414999999999999
171880,TO,1,Critico,0.6416224339569414,57.57575757575758,4.44
171884,TO,3,Atencao,0.5641813001229112,52.38095238095239,4.93
171886,TO,1,Critico,0.794291199661307,26.08695652173913,4.51
171888,TO,1,Critico,0.7238118188238184,33.33333333333333,4.550000000000001
171890,TO,1,Critico,0.7405428549561346,32.0,4.616666666666667
172010,TO,1,Critico,0.611138010471806,43.47826086956522,4.311999999999999
172020,TO,1,Critico,0.7492597820339216,25.0,4.465
172030,TO,3,Atencao,0.6602971035186366,50.0,4.386666666666667
172049,TO,2,Intermediario,0.49984377861777257,56.52173913043478,4.705
172065,TO,1,Critico,0.7067774896986755,36.0,4.8133333333333335
172080,TO,1,Critico,0.6375566162060656,46.666666666666664,4.334
172090,TO,1,Critico,0.6803946768181613,42.168674698795186,4.5874999999999995
172100,TO,2,Intermediario,0.5196213049225973,59.01089689857501,5.06050847457627
172110,TO,3,Atencao,0.6138056050746209,48.148148148148145,4.772499999999999
172120,TO,1,Critico,0.7242129412034857,40.21739130434783,4.587
172208,TO,1,Critico,0.6976820608802278,38.0,4.625
172210,TO,1,Critico,0.7322697537356627,38.18181818181819,4.711666666666666
210005,MA,3,Atencao,0.5839656765518587,53.714285714285715,4.549019607843137
210010,MA,0,Consolidado,0.19413386754606238,80.0,3.864285714285714
210015,MA,3,Atencao,0.43224354025456085,83.33333333333334,4.163333333333334
210020,MA,0,Consolidado,0.3598578872837485,77.35849056603774,4.126666666666667
210030,MA,3,Atencao,0.502197626795911,61.81818181818181,4.01375
210040,MA,0,Consolidado,0.229627216245412,75.86206896551724,4.234
210043,MA,3,Atencao,0.45586491887604336,64.55696202531645,4.224666666666666
210047,MA,1,Critico,0.6442662401617251,43.36283185840708,4.174583333333333
210050,MA,3,Atencao,0.5761619414791034,49.056603773584904,4.385000000000001
210055,MA,1,Critico,0.7070558845029218,39.285714285714285,4.066666666666666
210060,MA,1,Critico,0.6417344178492296,40.35087719298245,4.362941176470588
210070,MA,3,Atencao,0.5092997219301797,47.61904761904761,3.9964285714285706
210080,MA,2,Intermediario,0.33282778088804144,62.264150943396224,4.095333333333333
210083,MA,1,Critico,0.731290867604183,29.577464788732392,3.993846153846154
210087,MA,0,Consolidado,0.11077217407583757,96.55172413793103,4.1125
210090,MA,3,Atencao,0.5805200916502228,47.05882352941176,4.005172413793103
210095,MA,0,Consolidado,0.3216264296596953,79.22077922077922,4.002
210100,MA,3,Atencao,0.3846189406214271,69.76744186046511,4.124799999999999
210110,MA,0,Consolidado,0.29280235732212534,75.86206896551724,4.265833333333333
210120,MA,3,Atencao,0.6015067592186454,47.901234567901234,4.293749999999998
210125,MA,3,Atencao,0.5574314455317776,50.0,4.243499999999998
210130,MA,3,Atencao,0.48178861576991144,70.3125,4.0086666666666675
210140,MA,1,Critico,0.6957688293170964,40.396039603960396,4.556829268292682
210150,MA,1,Critico,0.6365118105192075,46.2962962962963,4.316363636363637
210160,MA,3,Atencao,0.43486908501816035,63.608562691131496,4.399117647058825
210170,MA,3,Atencao,0.42723293866310785,67.53246753246754,3.9862000000000006
210173,MA,3,Atencao,0.4247589384706295,70.37037037037037,3.6550000000000002
210177,MA,3,Atencao,0.40484908624502924,59.756097560975604,4.351666666666667
210180,MA,3,Atencao,0.5379762976365206,34.78260869565217,4.3775
210190,MA,3,Atencao,0.6587536294360116,56.25,4.04
210197,MA,3,Atencao,0.37569735043951724,67.44186046511628,4.283333333333333
210200,MA,0,Consolidado,0.2184443476396568,80.92485549132948,4.1671428571428555
210203,MA,3,Atencao,0.45341194667273965,63.38028169014085,4.253571428571428
210207,MA,0,Consolidado,0.07671656237716867,100.0,4.1854545454545455
210210,MA,3,Atencao,0.5475204353965295,57.14285714285714,4.0819230769230765
210215,MA,1,Critico,0.6805030587475732,50.0,4.1075
210220,MA,1,Critico,0.6896014927141693,32.142857142857146,3.944230769230769
210230,MA,3,Atencao,0.6297860679653824,48.484848484848484,4.072941176470589
210232,MA,1,Critico,0.644622390727187,42.124542124542124,4.300000000000001
210235,MA,3,Atencao,0.5144448758961432,54.794520547945204,4.421
210237,MA,3,Atencao,0.6101402956440961,55.172413793103445,3.8
210240,MA,3,Atencao,0.44262058388427333,58.620689655172406,3.9699999999999998
210250,MA,1,Critico,0.6487650511011893,31.25,4.088888888888889
210255,MA,3,Atencao,0.4483733536421242,61.53846153846154,4.482222222222223
210260,MA,3,Atencao,0.5400736825080085,50.53763440860215,4.047857142857143
210270,MA,3,Atencao,0.47044818279549655,58.42696629213483,4.07
210275,MA,3,Atencao,0.47989244553484434,64.70588235294117,4.426363636363636
210280,MA,3,Atencao,0.6190230769390618,54.25531914893617,4.353157894736842
210290,MA,3,Atencao,0.516109263138575,55.64516129032258,4.124374999999999
210300,MA,1,Critico,0.6035398547629517,50.74875207986689,4.344646464646466
210310,MA,3,Atencao,0.4329439827311554,80.64516129032258,4.1290000000000004
210312,MA,0,Consolidado,0.13360491911136463,95.83333333333334,4.157777777777777
210315,MA,0,Consolidado,0.1278565056582456,91.02564102564102,4.05875
210317,MA,1,Critico,0.6830051004026912,33.33333333333333,4.153333333333333
210320,MA,3,Atencao,0.6307302810823362,45.23809523809524,4.044102564102563
210325,MA,0,Consolidado,0.29185354247297884,79.36507936507937,4.4275
210330,MA,3,Atencao,0.5955822172627167,49.89473684210527,4.104461538461536
210340,MA,3,Atencao,0.38872400086168074,63.541666666666664,3.9940000000000007
210350,MA,3,Atencao,0.5534331795652224,48.322147651006716,4.225416666666666
210355,MA,3,Atencao,0.5859458287185794,47.82608695652174,4.071538461538461
210360,MA,1,Critico,0.6081121080673677,51.028806584362144,4.017999999999998
210370,MA,3,Atencao,0.4263497343221009,68.90756302521008,3.991818181818181
210375,MA,3,Atencao,0.39449916607701874,53.52112676056338,4.53
210380,MA,1,Critico,0.6627185781402657,49.122807017543856,4.35
210390,MA,0,Consolidado,0.3136768771524565,73.13432835820896,3.8641666666666667
210400,MA,0,Consolidado,0.36969134894115574,77.77777777777779,4.144285714285713
210405,MA,3,Atencao,0.5197012977496955,53.216374269005854,4.575454545454545
210407,MA,0,Consolidado,0.3071802329000586,75.55555555555556,4.331666666666666
210408,MA,3,Atencao,0.5313870261956464,48.275862068965516,4.113333333333332
210409,MA,0,Consolidado,0.19701284439167527,88.0,4.182142857142856
210410,MA,3,Atencao,0.4562120184175943,74.57627118644068,4.266666666666667
210420,MA,3,Atencao,0.4816159517436239,59.523809523809526,4.35470588235294
210430,MA,0,Consolidado,0.18759832861923748,82.75862068965517,4.4479999999999995
210440,MA,3,Atencao,0.5476210974805616,60.0,4.340000000000001
210450,MA,0,Consolidado,0.25459477471288083,82.05128205128204,4.198571428571428
210455,MA,0,Consolidado,0.32605213787672693,76.69172932330827,4.458181818181819
210460,MA,3,Atencao,0.570755899028173,51.85185185185185,4.47
210462,MA,0,Consolidado,0.10497712597781307,93.18181818181817,4.406666666666666
210465,MA,3,Atencao,0.3465749307325133,64.28571428571429,4.0649999999999995
210467,MA,3,Atencao,0.38008544590456383,69.0909090909091,4.233157894736842
210480,MA,1,Critico,0.6362055421481588,43.333333333333336,4.362444444444444
210490,MA,0,Consolidado,0.17813650792830396,87.5,4.264444444444443
210500,MA,3,Atencao,0.48297037022205297,61.40350877192983,3.885384615384615
210510,MA,3,Atencao,0.41351040131674793,73.33333333333333,3.8076923076923075
210515,MA,3,Atencao,0.4271848454150444,70.12987012987013,4.190909090909091
210520,MA,0,Consolidado,0.1123296084958565,92.85714285714286,4.026666666666667
210530,MA,1,Critico,0.5903129966064627,49.37679769894535,4.684835164835165
210535,MA,0,Consolidado,0.2591572384689276,79.16666666666666,4.3100000000000005
210540,MA,3,Atencao,0.5133113977172662,59.305993690851736,4.05659090909091
210542,MA,0,Consolidado,0.3557896136810088,75.22123893805309,4.5
210545,MA,3,Atencao,0.3703195155812652,61.53846153846154,4.20375
210547,MA,3,Atencao,0.5151556628019068,42.22222222222222,4.372857142857143
210550,MA,1,Critico,0.6395354562566705,49.43820224719101,4.435
210560,MA,3,Atencao,0.4595021511626962,54.09836065573771,4.010909090909091
210565,MA,0,Consolidado,0.22972323277936976,81.57894736842105,4.0685714285714285
210570,MA,0,Consolidado,0.207082752949657,88.10810810810811,4.370500000000002
210580,MA,0,Consolidado,0.06202567331315822,100.0,4.132857142857143
210590,MA,3,Atencao,0.418545769127551,68.62745098039215,4.21
210592,MA,0,Consolidado,0.23445519666910875,81.57894736842105,4.380000000000001
210594,MA,0,Consolidado,0.13628188642974154,85.29411764705883,4.078888888888889
210596,MA,0,Consolidado,0.13585474039650894,87.71929824561403,4.135
210598,MA,3,Atencao,0.4466867924966929,60.0,4.418
210600,MA,0,Consolidado,0.15250326916923887,91.66666666666666,4.245
210610,MA,3,Atencao,0.5384341296123543,60.78431372549019,4.4275
210620,MA,0,Consolidado,0.272101046156207,88.63636363636364,4.266
210630,MA,3,Atencao,0.4198281263579144,60.317460317460316,4.076874999999999
210632,MA,3,Atencao,0.5847806745295181,46.400000000000006,4.1831249999999995
210637,MA,0,Consolidado,0.17197175416566973,90.69767441860465,4.233
210640,MA,3,Atencao,0.351795415721515,69.1358024691358,4.111538461538462
210650,MA,3,Atencao,0.5198508751447858,67.6056338028169,4.114705882352941
210660,MA,3,Atencao,0.5338212846052487,47.008547008547005,4.028148148148149
210663,MA,3,Atencao,0.4785765044752262,69.6969696969697,4.0236363636363635
210667,MA,0,Consolidado,0.05184829294107055,100.0,3.9320000000000004
210670,MA,1,Critico,0.6333024676656673,48.23529411764706,4.102941176470589
210675,MA,3,Atencao,0.5425410774965839,46.846846846846844,4.081538461538462
210680,MA,0,Consolidado,0.27713843912910363,73.91304347826086,4.153
210690,MA,1,Critico,0.6297480127253862,41.66666666666667,4.034285714285715
210700,MA,3,Atencao,0.4428121881934259,59.57446808510638,4.325
210710,MA,0,Consolidado,0.27037693223303677,81.73076923076923,3.8275
210720,MA,3,Atencao,0.5879282333372362,74.54545454545455,3.9718181818181812
210725,MA,0,Consolidado,0.22548641054718666,76.92307692307693,4.328
210730,MA,3,Atencao,0.43643037968010495,60.0,4.203333333333334
210735,MA,3,Atencao,0.4945335780902442,58.46153846153847,4.136666666666667
210740,MA,3,Atencao,0.5410731566792893,52.307692307692314,4.318666666666667
210745,MA,3,Atencao,0.478624079071602,50.0,4.1
210750,MA,3,Atencao,0.5575009946902315,52.960526315789465,4.543548387096775
210760,MA,3,Atencao,0.5195087737950983,62.5,4.167857142857143
210770,MA,0,Consolidado,0.3096900999221635,74.50980392156863,4.356363636363636
210780,MA,0,Consolidado,0.31908582588158485,71.72413793103448,4.031363636363635
210790,MA,3,Atencao,0.3922909507772872,63.541666666666664,4.041333333333334
210800,MA,3,Atencao,0.3771180763241015,65.82278481012658,4.3549999999999995
210805,MA,3,Atencao,0.40677126632903465,66.0,3.9048148148148147
210810,MA,0,Consolidado,0.22644532368713485,81.55339805825243,4.15923076923077
210820,MA,3,Atencao,0.4227407214069902,68.0327868852459,4.355625000000001
210825,MA,3,Atencao,0.4821880418045622,64.17910447761194,3.8968421052631577
210830,MA,3,Atencao,0.4964842455512372,63.2258064516129,4.118571428571428
210840,MA,3,Atencao,0.5832390466460814,50.0,4.108333333333333
210845,MA,3,Atencao,0.45431865874271743,63.41463414634146,4.15
210850,MA,1,Critico,0.6228039763715861,49.645390070921984,4.218518518518519
210860,MA,1,Critico,0.5906523105852545,45.1063829787234,4.171276595744681
210870,MA,1,Critico,0.6441430063468015,44.9438202247191,4.208947368421051
210880,MA,2,Intermediario,0.345373682881791,59.09090909090909,4.236249999999999
210890,MA,0,Consolidado,0.22750848006691757,80.0,4.033636363636363
210900,MA,3,Atencao,0.4174657071819906,69.0,4.658125000000001
210905,MA,3,Atencao,0.48889288399825526,51.724137931034484,4.1812499999999995
210910,MA,3,Atencao,0.5988239404436155,53.03867403314917,4.377894736842105
210920,MA,3,Atencao,0.5999291268046625,48.484848484848484,3.887777777777777
210923,MA,0,Consolidado,0.3146749691974135,69.23076923076923,4.291666666666667
210927,MA,1,Critico,0.5479411427084752,51.42857142857142,4.0475
210930,MA,1,Critico,0.6346618167176266,48.97959183673469,3.7553846153846155
210940,MA,3,Atencao,0.3741541298889358,68.75,3.88875
210945,MA,3,Atencao,0.5158816337306577,55.932203389830505,4.3735294117647046
210955,MA,3,Atencao,0.5642584447441639,65.625,4.473333333333333
210960,MA,3,Atencao,0.5196004768914443,56.96969696969697,4.099722222222223
210970,MA,0,Consolidado,0.24368992950034965,84.61538461538461,4.2475
210975,MA,1,Critico,0.7134274663431251,40.909090909090914,4.206666666666666
210980,MA,2,Intermediario,0.43643676239534396,65.59139784946237,4.262941176470588
210990,MA,3,Atencao,0.5624511762996659,48.632218844984806,4.454102564102564
211000,MA,3,Atencao,0.5337290003923065,58.108108108108105,4.2475
211003,MA,0,Consolidado,0.1562910006171733,93.22033898305084,4.335714285714285
211010,MA,0,Consolidado,0.1901477938456015,76.25,4.0676
211020,MA,3,Atencao,0.5123961794178954,53.94736842105263,4.195517241379311
211023,MA,3,Atencao,0.36113450587686036,61.904761904761905,3.996666666666667
211027,MA,1,Critico,0.7312119130835879,45.09803921568628,3.8487500000000003
211030,MA,3,Atencao,0.4413643867212594,67.3469387755102,4.278461538461538
211040,MA,1,Critico,0.670380745993738,37.704918032786885,3.867333333333333
211050,MA,0,Consolidado,0.18895087963416204,82.0754716981132,4.119999999999998
211060,MA,3,Atencao,0.36899443721516223,66.42857142857143,4.067083333333333
211065,MA,1,Critico,0.7645048955797293,41.46341463414634,4.297499999999999
211070,MA,3,Atencao,0.6112558054289471,48.837209302325576,4.3608
211085,MA,3,Atencao,0.5536706526499751,57.692307692307686,4.503333333333333
211090,MA,3,Atencao,0.4433008674109014,59.61538461538461,3.9800000000000004
211100,MA,1,Critico,0.640684283899269,51.61290322580645,4.094166666666666
211102,MA,3,Atencao,0.41133884285316036,72.85714285714285,3.92
211105,MA,1,Critico,0.7015145016407812,47.5,4.381428571428571
211107,MA,1,Critico,0.6591963183609264,40.0,4.1461538461538465
211110,MA,3,Atencao,0.5442537700084453,54.13533834586466,4.421666666666666
211120,MA,3,Atencao,0.49641882237207785,59.496855345911946,4.495263157894738
211125,MA,1,Critico,0.6746615968362557,25.0,4.377142857142857
211130,MA,3,Atencao,0.5609759675996403,52.54303599374022,4.58125
211140,MA,3,Atencao,0.3462819020720811,71.66666666666667,4.244
211150,MA,3,Atencao,0.43619164014687206,68.57142857142857,4.235833333333334
211153,MA,1,Critico,0.6509071409195836,44.44444444444444,4.332857142857143
211157,MA,3,Atencao,0.6018539256782838,53.84615384615385,4.535
211160,MA,0,Consolidado,0.3008584876467575,79.43925233644859,4.366666666666666
211163,MA,3,Atencao,0.5268435236170284,50.0,4.2299999999999995
211167,MA,1,Critico,0.6399019436697913,30.0,4.29
211170,MA,3,Atencao,0.3723959824642038,72.09302325581395,4.173125000000001
211172,MA,0,Consolidado,0.22681281257644084,86.36363636363636,3.901666666666667
211174,MA,0,Consolidado,0.0843929067031776,94.64285714285714,4.2811111111111115
211176,MA,3,Atencao,0.6107506370077744,52.83018867924528,4.4781818181818185
211178,MA,3,Atencao,0.45023806437513036,60.46511627906976,3.767
211180,MA,3,Atencao,0.6058787219417553,53.84615384615385,4.276428571428571
211190,MA,3,Atencao,0.5520014111334952,51.11111111111111,4.125555555555556
211200,MA,3,Atencao,0.5872550676543483,64.70588235294117,4.458
211210,MA,1,Critico,0.6467344210427485,50.0,4.069411764705882
211220,MA,0,Consolidado,0.3660395697411463,72.12643678160919,4.460714285714287
211223,MA,0,Consolidado,0.3521876802497106,70.70707070707071,4.385
211227,MA,1,Critico,0.7338349663859558,37.142857142857146,4.048571428571428
211230,MA,3,Atencao,0.5565945103625674,54.961832061068705,4.281851851851852
211240,MA,3,Atencao,0.5282174352084148,57.831325301204814,4.025217391304347
211245,MA,3,Atencao,0.5636963580787934,49.46236559139785,4.152857142857142
211250,MA,3,Atencao,0.6164389374829038,45.58139534883721,4.105121951219511
211260,MA,3,Atencao,0.4959009694402724,57.377049180327866,3.903
211270,MA,0,Consolidado,0.0455441834418141,97.77777777777777,3.894074074074074
211280,MA,3,Atencao,0.5322830145719146,51.741293532338304,4.287857142857142
211285,MA,0,Consolidado,0.25120961596487335,83.33333333333334,4.371666666666666
211290,MA,3,Atencao,0.5318726258279971,52.68817204301075,4.260000000000001
211300,MA,3,Atencao,0.47667655326501934,59.42028985507246,4.312173913043479
211400,MA,0,Consolidado,0.2807536384761715,79.26829268292683,4.260000000000001
220005,PI,0,Consolidado,0.21006966165744884,63.63636363636363,4.2700000000000005
220010,PI,3,Atencao,0.6376286170852379,45.16129032258064,4.373333333333333
220020,PI,0,Consolidado,0.12026159756598732,89.55223880597015,4.415555555555555
220025,PI,3,Atencao,0.4472491356247587,54.166666666666664,4.204999999999999
220030,PI,0,Consolidado,0.16845209146729834,90.625,4.185
220040,PI,3,Atencao,0.4586789173906143,62.66094420600859,4.265652173913043
220045,PI,3,Atencao,0.5116808159302895,61.29032258064516,4.4175
220050,PI,1,Critico,0.7751359249257418,32.5,4.173846153846154
220060,PI,0,Consolidado,0.23972530710548898,81.25,4.292
220070,PI,3,Atencao,0.5645115772641957,54.166666666666664,4.231428571428571
220100,PI,0,Consolidado,0.08477459777823974,90.0,4.13
220105,PI,0,Consolidado,0.2785153423437143,63.63636363636363,4.341666666666667
220110,PI,3,Atencao,0.6458092726920377,46.15384615384615,4.225
220115,PI,3,Atencao,0.4369631204544136,63.41463414634146,4.541111111111111
220120,PI,3,Atencao,0.5059170374301368,57.758620689655174,3.9185000000000003
220140,PI,1,Critico,0.6704938766876046,30.434782608695656,4.3100000000000005
220150,PI,3,Atencao,0.6282965309452339,43.47826086956522,4.089444444444444
220160,PI,0,Consolidado,0.3573223663576137,77.08333333333334,4.1290000000000004
220173,PI,3,Atencao,0.4102529499040419,53.48837209302325,4.045
220190,PI,0,Consolidado,0.034437354029882496,98.95833333333334,4.503333333333333
220192,PI,3,Atencao,0.6234572739108609,41.02564102564102,4.0075
220194,PI,0,Consolidado,0.1420985314921861,90.32258064516128,4.087142857142857
220196,PI,1,Critico,0.6974964239603234,36.0,4.255999999999999
220200,PI,3,Atencao,0.5511827236874712,47.61904761904761,4.130666666666666
220202,PI,0,Consolidado,0.11426698293200653,90.0,4.0249999999999995
220205,PI,1,Critico,0.7143705703221345,23.404255319148938,4.125
220208,PI,3,Atencao,0.52616010673548,53.73134328358209,4.174
220213,PI,0,Consolidado,0.12206354736507936,90.0,4.282
220217,PI,3,Atencao,0.6301499630705457,48.148148148148145,4.058333333333334
220220,PI,3,Atencao,0.5509160712013477,63.905325443786985,4.2659259259259255
220230,PI,1,Critico,0.7821518536571888,28.57142857142857,4.126666666666668
220240,PI,3,Atencao,0.5414548629085503,60.97560975609756,4.010000000000001
220250,PI,3,Atencao,0.5425894427953496,50.0,3.9924999999999997
220253,PI,3,Atencao,0.5377861706483423,64.51612903225806,3.968
220255,PI,3,Atencao,0.4828066182751405,65.71428571428571,4.194
220260,PI,0,Consolidado,0.27186526324783555,76.47058823529412,4.2907692307692304
220265,PI,1,Critico,0.7448188413947037,25.0,3.9566666666666666
220270,PI,0,Consolidado,0.27518914031317204,80.16528925619835,4.048636363636364
220271,PI,3,Atencao,0.4491576829175097,66.66666666666666,4.1825
220272,PI,0,Consolidado,0.19716991651153817,91.66666666666666,3.9266666666666667
220273,PI,0,Consolidado,0.1959361071787502,74.07407407407408,4.062
220275,PI,0,Consolidado,0.3883298908746039,76.0,4.5528571428571425
220277,PI,3,Atencao,0.526192813558203,52.0,4.286
220280,PI,3,Atencao,0.46466474869168645,65.21739130434783,4.152500000000001
220290,PI,3,Atencao,0.6546337134314336,49.122807017543856,4.275
220300,PI,0,Consolidado,0.2726254746248681,73.68421052631578,4.2375
220320,PI,0,Consolidado,0.3111692374343384,71.42857142857143,4.175000000000001
220323,PI,0,Consolidado,0.11137495299951407,95.65217391304348,4.555
220327,PI,1,Critico,0.7527412152459868,29.166666666666668,3.9633333333333334
220330,PI,3,Atencao,0.3417624631358061,66.0,4.295
220335,PI,1,Critico,0.7873677115800983,23.076923076923077,4.021428571428571
220340,PI,0,Consolidado,0.2980332314894675,73.07692307692307,4.3950000000000005
220342,PI,0,Consolidado,0.16960784044496394,85.71428571428571,4.01
220350,PI,3,Atencao,0.5691080790181282,58.06451612903226,4.235714285714286
220370,PI,3,Atencao,0.42434052545540146,66.30434782608695,4.142608695652174
220380,PI,3,Atencao,0.6293044570525417,50.0,4.308
220390,PI,3,Atencao,0.5766321989184092,53.398058252427184,4.425312499999999
220400,PI,0,Consolidado,0.25540680916706676,66.66666666666666,4.2
220410,PI,1,Critico,0.6580414039401714,33.33333333333333,4.266666666666667
220420,PI,1,Critico,0.6322178621233161,56.52173913043478,4.2700000000000005
220430,PI,0,Consolidado,0.06365416401016087,100.0,4.07
220435,PI,1,Critico,0.7302098452373493,33.33333333333333,4.1866666666666665
220440,PI,1,Critico,0.7331316462826687,37.93103448275862,4.3100000000000005
220450,PI,3,Atencao,0.487697291594823,69.44444444444444,4.57
220460,PI,0,Consolidado,0.22179771621398495,88.0,4.353333333333333
220465,PI,1,Critico,0.7137756129336813,42.10526315789473,4.10625
220470,PI,3,Atencao,0.4822275863420056,55.55555555555556,4.322
220480,PI,0,Consolidado,0.12564256746464494,85.0,4.319999999999999
220490,PI,1,Critico,0.7536038513858346,30.434782608695656,4.072857142857143
220500,PI,0,Consolidado,0.32982048592718494,69.6969696969697,4.20875
220510,PI,3,Atencao,0.4345939815927119,76.66666666666667,4.123333333333334
220520,PI,3,Atencao,0.41008875375586823,72.41379310344827,4.060999999999999
220540,PI,3,Atencao,0.35762345027299086,66.19718309859155,3.8890000000000002
220545,PI,1,Critico,0.6764489906022108,38.095238095238095,4.05
220550,PI,3,Atencao,0.612878021978275,41.91616766467065,4.10409090909091
220553,PI,0,Consolidado,0.05471304950783561,100.0,4.045
220554,PI,0,Consolidado,0.17201407509080321,76.19047619047619,4.346666666666667
220555,PI,1,Critico,0.6789745860223723,36.734693877551024,4.0975
220556,PI,3,Atencao,0.5145090867368727,46.666666666666664,4.470000000000001
220557,PI,3,Atencao,0.46197038574485894,53.125,4.109999999999999
220560,PI,0,Consolidado,0.0625328184883022,96.15384615384616,4.5525
220570,PI,3,Atencao,0.5013606740816708,65.06849315068493,4.102083333333334
220580,PI,3,Atencao,0.5499956670390368,55.072463768115945,4.141764705882352
220585,PI,3,Atencao,0.5014235884170586,48.837209302325576,4.119999999999999
220590,PI,0,Consolidado,0.17050434716173415,91.66666666666666,4.606
220595,PI,0,Consolidado,0.10284583396162317,98.76543209876543,4.266
220600,PI,3,Atencao,0.5255326750259012,48.148148148148145,4.535
220610,PI,1,Critico,0.6893723643937325,36.36363636363637,4.21
220620,PI,3,Atencao,0.5837994043251622,48.59154929577465,4.017826086956521
220640,PI,3,Atencao,0.5478400679716229,53.57142857142857,4.380000000000001
220650,PI,0,Consolidado,0.053292685587738614,100.0,4.325714285714286
220660,PI,3,Atencao,0.4580732574708689,66.66666666666666,4.195
220667,PI,1,Critico,0.7316165702681587,34.61538461538461,3.9949999999999997
220669,PI,3,Atencao,0.42369353671553733,64.70588235294117,4.008
220670,PI,3,Atencao,0.6501182359805748,41.935483870967744,4.206666666666667
220672,PI,3,Atencao,0.40409787383530316,60.0,4.346666666666667
220680,PI,3,Atencao,0.5260002344505357,59.01639344262295,3.753
220700,PI,3,Atencao,0.39205205676063815,79.1044776119403,4.119130434782609
220730,PI,3,Atencao,0.5870579644018759,45.45454545454545,4.283333333333333
220750,PI,3,Atencao,0.600964523387428,60.0,4.0625
220760,PI,3,Atencao,0.5242935632632529,56.81818181818182,4.285714285714285
220770,PI,1,Critico,0.7331965190701342,36.00654664484452,4.357142857142857
220780,PI,3,Atencao,0.601260863370846,55.769230769230774,4.135625
220790,PI,1,Critico,0.7338884140901789,35.294117647058826,4.146956521739129
220795,PI,3,Atencao,0.6042360844690472,50.0,4.125
220800,PI,3,Atencao,0.5488559284701465,51.86915887850467,4.465333333333333
220810,PI,3,Atencao,0.4536541453924924,71.42857142857143,4.253749999999999
220820,PI,3,Atencao,0.6365559273968081,44.15584415584416,4.155555555555555
220830,PI,0,Consolidado,0.25951022410774727,78.2312925170068,4.105833333333334
220840,PI,3,Atencao,0.6490806935980707,42.15686274509804,4.293809523809522
220850,PI,1,Critico,0.6822221127462539,27.659574468085108,3.9724999999999997
220855,PI,3,Atencao,0.40695037612895096,65.0,4.43
220860,PI,1,Critico,0.7236259792238834,14.285714285714285,4.17
220865,PI,3,Atencao,0.445637023402801,53.84615384615385,4.082000000000001
220870,PI,0,Consolidado,0.14563815139488076,96.55172413793103,4.226666666666667
220880,PI,1,Critico,0.6945314874077173,28.37837837837838,4.163076923076923
220885,PI,0,Consolidado,0.063564536023863,86.95652173913044,4.043333333333333
220890,PI,0,Consolidado,0.18093307833730457,84.84848484848484,4.586666666666667
220900,PI,3,Atencao,0.6144171991863653,55.55555555555556,4.28
220910,PI,0,Consolidado,0.05449897239581995,95.0,4.201666666666666
220915,PI,3,Atencao,0.47938784780964605,71.42857142857143,4.244999999999999
220920,PI,1,Critico,0.6215289574985065,36.0,4.405
220955,PI,0,Consolidado,0.28567705813761524,72.72727272727273,4.2775
220970,PI,3,Atencao,0.4693177932505826,70.0,4.104
220980,PI,0,Consolidado,0.24721223368853484,88.46153846153845,4.49
220987,PI,1,Critico,0.7346686585836667,33.33333333333333,4.18
220990,PI,3,Atencao,0.41471647174892734,46.15384615384615,4.038333333333334
220997,PI,3,Atencao,0.5005702693622167,50.0,4.008
221000,PI,3,Atencao,0.5522571540727566,55.08474576271186,4.086666666666667
221005,PI,0,Consolidado,0.08352399695959754,96.15384615384616,4.22
221020,PI,0,Consolidado,0.10492191937614956,95.23809523809523,4.388000000000001
221030,PI,0,Consolidado,0.13648608279072358,88.0,4.276
221040,PI,3,Atencao,0.697562062106778,49.056603773584904,4.123636363636363
221050,PI,3,Atencao,0.502384452712021,57.14285714285714,4.159999999999999
221060,PI,0,Consolidado,0.3621474923708214,72.5609756097561,4.34
221062,PI,3,Atencao,0.6641469472359554,39.285714285714285,4.1425
221063,PI,0,Consolidado,0.21375991574324604,85.18518518518519,4.586
221065,PI,3,Atencao,0.4855532064357099,54.54545454545454,4.222857142857142
221070,PI,0,Consolidado,0.2871914663535084,67.1875,4.307
221080,PI,0,Consolidado,0.2339747140056109,76.19047619047619,4.173333333333334
221093,PI,1,Critico,0.6900878384059023,40.74074074074074,4.425
221100,PI,3,Atencao,0.5545439153142242,53.02405498281787,4.532272727272728
221110,PI,1,Critico,0.7544464486427185,27.89473684210526,4.104827586206897
221120,PI,1,Critico,0.7602408541655449,30.89430894308943,4.439090909090909
221130,PI,3,Atencao,0.6161605497488888,58.18181818181818,4.455454545454547
221135,PI,1,Critico,0.773200722423782,33.33333333333333,3.928
221140,PI,0,Consolidado,0.20474535422931303,77.27272727272727,4.503333333333333
230010,CE,0,Consolidado,0.14374487301272784,95.65217391304348,4.3149999999999995
230015,CE,0,Consolidado,0.2594651102617877,75.0,4.365555555555556
230020,CE,0,Consolidado,0.05829042830405119,98.61111111111111,4.216388888888889
230030,CE,3,Atencao,0.4525481256274777,66.47727272727273,4.312692307692308
230040,CE,0,Consolidado,0.3079105155808454,69.6969696969697,4.181111111111111
230050,CE,0,Consolidado,0.03815974304706057,97.67441860465115,4.312999999999999
230060,CE,0,Consolidado,0.0882305220787613,97.36842105263158,4.223333333333334
230070,CE,0,Consolidado,0.056171960765336836,95.8904109589041,4.46111111111111
230075,CE,0,Consolidado,0.22154472634387565,82.3076923076923,4.048157894736843
230080,CE,0,Consolidado,0.06637829958655059,100.0,4.1325
230090,CE,0,Consolidado,0.26169939646076257,75.0,4.204999999999999
230100,CE,0,Consolidado,0.18583897324028884,83.63636363636363,4.559333333333332
230110,CE,0,Consolidado,0.1386672711289274,91.21813031161473,4.479375
230120,CE,0,Consolidado,0.1566102968493925,93.84615384615384,4.275333333333334
230125,CE,0,Consolidado,0.028016984392344794,100.0,4.1925
230130,CE,0,Consolidado,0.30756240496388626,75.70093457943925,4.202
230140,CE,0,Consolidado,0.227851374182436,82.25806451612904,4.418888888888889
230150,CE,0,Consolidado,0.3266195798321149,85.0,4.3
230160,CE,0,Consolidado,0.07850039158741126,92.04545454545455,4.055
230170,CE,0,Consolidado,0.3336210448563617,73.03370786516854,4.217
230185,CE,0,Consolidado,0.2650197999294311,83.33333333333334,4.298461538461539
230190,CE,0,Consolidado,0.1781796892970006,85.57046979865773,4.429285714285713
230195,CE,0,Consolidado,0.1399831193397776,90.08264462809917,4.457272727272728
230200,CE,3,Atencao,0.4174194157281054,72.0,4.386428571428571
230205,CE,0,Consolidado,0.06216680783165938,97.02970297029702,4.032500000000001
230210,CE,0,Consolidado,0.24838775205263436,82.96296296296296,4.242727272727272
230220,CE,0,Consolidado,0.2685730378213405,81.06995884773663,4.405161290322582
230230,CE,0,Consolidado,0.051676918672114824,97.77777777777777,4.094782608695652
230240,CE,0,Consolidado,0.18284599412535057,83.4319526627219,4.3212
230250,CE,0,Consolidado,0.0843143028335258,92.54385964912281,4.340416666666667
230260,CE,0,Consolidado,0.07310748609174808,93.5064935064935,4.161000000000001
230270,CE,0,Consolidado,0.20932572642511416,83.52941176470588,4.24764705882353
230280,CE,0,Consolidado,0.06115653288008183,95.98930481283422,4.225714285714286
230290,CE,0,Consolidado,0.24083164560804549,85.5072463768116,4.15125
230300,CE,0,Consolidado,0.03551325655374482,98.11320754716981,4.254166666666666
230310,CE,0,Consolidado,0.022864604890852208,98.76543209876543,3.7272727272727275
230320,CE,0,Consolidado,0.17881478948823268,87.5,4.388333333333333
230330,CE,0,Consolidado,0.05962723562752242,98.4126984126984,4.258571428571429
230340,CE,0,Consolidado,0.1851636400768033,84.04255319148936,4.276
230350,CE,0,Consolidado,0.198448033192088,85.4066985645933,4.426571428571428
230360,CE,0,Consolidado,0.26555083735076107,83.33333333333334,4.359999999999999
230365,CE,0,Consolidado,0.03306621431866001,100.0,4.1850000000000005
230370,CE,3,Atencao,0.407572224401668,64.90663232453316,4.484358974358976
230380,CE,0,Consolidado,0.04302631033295003,100.0,4.233846153846153
230390,CE,0,Consolidado,0.2194841678578632,84.48275862068965,4.128888888888889
230393,CE,0,Consolidado,0.054576418596788655,96.82539682539682,4.1657142857142855
230395,CE,0,Consolidado,0.049386282686113635,98.29059829059828,4.463846153846154
230400,CE,0,Consolidado,0.016274239497759854,100.0,3.850909090909091
230410,CE,0,Consolidado,0.053420512069622256,97.44408945686901,4.230263157894736
230420,CE,0,Consolidado,0.07603851694777589,94.08033826638477,4.380869565217393
230423,CE,0,Consolidado,0.02480323125933311,100.0,4.255714285714286
230425,CE,0,Consolidado,0.030891424656668227,99.50738916256158,4.422083333333333
230426,CE,0,Consolidado,0.034440665792751846,100.0,4.244
230427,CE,0,Consolidado,0.04578894286759921,93.33333333333333,4.286666666666666
230428,CE,0,Consolidado,0.09664700798962478,94.04466501240695,4.777307692307692
230430,CE,0,Consolidado,0.04718702959354914,98.55072463768117,4.22
230435,CE,0,Consolidado,0.018741977954419335,100.0,4.186
230440,CE,0,Consolidado,0.3300896911570373,74.55295735900962,4.5598398169336365
230445,CE,0,Consolidado,0.06797580287066572,93.97590361445783,4.51
230450,CE,0,Consolidado,0.03175256120612599,99.04761904761905,4.231428571428571
230460,CE,0,Consolidado,0.043923753491832584,93.54838709677419,4.12
230465,CE,0,Consolidado,0.023472874095986057,100.0,4.1370000000000005
230470,CE,0,Consolidado,0.05411301983449668,96.46643109540636,3.802432432432432
230480,CE,0,Consolidado,0.07505898467680071,81.81818181818183,4.3225
230490,CE,0,Consolidado,0.060076991163385204,86.27450980392157,4.232
230495,CE,0,Consolidado,0.30557589848660666,79.8076923076923,4.3707692307692305
230500,CE,0,Consolidado,0.053240977462538516,99.22779922779922,4.062272727272726
230510,CE,0,Consolidado,0.21658524902589152,78.57142857142857,4.37
230520,CE,0,Consolidado,0.040630511173761666,94.20289855072464,4.026
230523,CE,0,Consolidado,0.08073785562989216,95.76059850374065,4.619285714285715
230526,CE,3,Atencao,0.40286764393611546,51.724137931034484,4.1466666666666665
230530,CE,0,Consolidado,0.05660591116251522,98.48484848484848,4.324375
230533,CE,0,Consolidado,0.05486462486406139,96.42857142857143,4.363
230535,CE,0,Consolidado,0.2487194682873882,80.0,4.5962499999999995
230540,CE,0,Consolidado,0.2852185911213652,79.29515418502203,4.209999999999999
230550,CE,3,Atencao,0.4862179474192089,60.13513513513513,4.486363636363635
230560,CE,0,Consolidado,0.028149927083435087,98.4126984126984,4.24
230565,CE,0,Consolidado,0.034245372987005626,98.36065573770492,4.112500000000001
230570,CE,0,Consolidado,0.1525641454602837,80.48780487804879,4.186
230580,CE,0,Consolidado,0.1225933205252079,92.3469387755102,4.03695652173913
230590,CE,0,Consolidado,0.028517940567289436,98.85714285714286,4.183333333333334
230600,CE,0,Consolidado,0.142070093420587,96.42857142857143,4.345714285714286
230610,CE,0,Consolidado,0.0492505228847996,96.18320610687023,4.0138461538461545
230620,CE,0,Consolidado,0.07915987398058157,93.54838709677419,4.48
230625,CE,0,Consolidado,0.18779136786642806,83.33333333333334,4.645714285714287
230630,CE,0,Consolidado,0.1393650166013083,88.71794871794872,4.138333333333334
230640,CE,0,Consolidado,0.18237663924387415,88.74172185430463,4.176712328767122
230650,CE,0,Consolidado,0.08144559533669353,96.34146341463415,4.071666666666667
230655,CE,0,Consolidado,0.1025664790773638,90.81081081081082,4.206666666666665
230660,CE,0,Consolidado,0.024469740317546403,100.0,4.243333333333335
230670,CE,0,Consolidado,0.07661595206610981,95.65217391304348,4.4159999999999995
230680,CE,0,Consolidado,0.12442178865475777,97.61904761904762,4.384285714285714
230690,CE,0,Consolidado,0.1680003358916366,90.9090909090909,4.365882352941177
230700,CE,0,Consolidado,0.17880237646129238,86.80555555555556,4.27235294117647
230710,CE,0,Consolidado,0.3128575075050644,69.87179487179486,4.345882352941176
230720,CE,0,Consolidado,0.3144860198432365,76.74418604651163,4.294
230725,CE,0,Consolidado,0.033226747853329915,97.6608187134503,4.603000000000001
230730,CE,3,Atencao,0.48550161082708776,62.13786213786214,4.539166666666666
230740,CE,0,Consolidado,0.14745609438060345,89.07563025210085,4.197142857142857
230750,CE,0,Consolidado,0.3149969584651364,71.27659574468085,4.198181818181818
230760,CE,0,Consolidado,0.1596636747339401,89.0909090909091,4.613
230763,CE,0,Consolidado,0.0474593691771662,94.44444444444444,4.206363636363636
230765,CE,0,Consolidado,0.22168959875662492,83.81180223285486,4.645555555555554
230770,CE,0,Consolidado,0.25638528462345145,80.43052837573386,4.471860465116279
230780,CE,0,Consolidado,0.06567036818626888,97.51243781094527,4.122499999999999
230790,CE,0,Consolidado,0.02331314010030657,100.0,3.9566666666666666
230800,CE,0,Consolidado,0.045830872795588715,97.71428571428571,4.033333333333333
230810,CE,0,Consolidado,0.1904358136368334,81.55339805825243,4.134999999999999
230820,CE,0,Consolidado,0.03296366688120876,98.80952380952381,4.310833333333334
230830,CE,0,Consolidado,0.30443945535827666,83.92857142857143,4.302
230835,CE,0,Consolidado,0.03680736862906981,98.11320754716981,4.19
230837,CE,0,Consolidado,0.1829474921488326,88.46153846153845,4.182222222222222
230840,CE,0,Consolidado,0.27786032055495313,83.43949044585987,4.376842105263158
230850,CE,0,Consolidado,0.08168535003086934,92.94871794871796,4.090357142857143
230860,CE,0,Consolidado,0.05656995253836813,97.89473684210527,4.16076923076923
230870,CE,0,Consolidado,0.32826543617740866,73.22175732217573,4.389473684210528
230880,CE,0,Consolidado,0.06863616142144034,95.83333333333334,3.77
230890,CE,0,Consolidado,0.0365254128471998,99.04761904761905,4.116923076923077
230900,CE,0,Consolidado,0.030415319855816875,98.4126984126984,4.117999999999999
230910,CE,0,Consolidado,0.16665492146651353,86.36363636363636,4.3966666666666665
230920,CE,0,Consolidado,0.02346375225989961,100.0,4.2371428571428575
230930,CE,0,Consolidado,0.030157205989106907,98.30508474576271,4.168
230940,CE,0,Consolidado,0.024743634386680553,100.0,4.167777777777777
230945,CE,0,Consolidado,0.167215520906415,83.76068376068376,4.422000000000001
230950,CE,0,Consolidado,0.1281790595285806,94.33962264150944,4.342
230960,CE,0,Consolidado,0.17960014590174497,86.45161290322581,4.612222222222223
230970,CE,0,Consolidado,0.3116244148789432,76.45348837209302,4.589199999999999
230980,CE,0,Consolidado,0.1307548877890813,91.07142857142857,4.272500000000001
230990,CE,0,Consolidado,0.028230335075057202,100.0,4.184
231000,CE,0,Consolidado,0.3414536653422487,78.72340425531915,4.458333333333333
231010,CE,0,Consolidado,0.058677582413640454,91.11111111111111,4.079999999999999
231020,CE,0,Consolidado,0.06998192578507909,96.15384615384616,4.386818181818183
231025,CE,0,Consolidado,0.0606858556267125,95.58011049723757,4.366250000000001
231030,CE,0,Consolidado,0.19627004317125787,87.85046728971963,4.3657142857142865
231040,CE,0,Consolidado,0.06317916507933005,92.3076923076923,4.114285714285714
231050,CE,0,Consolidado,0.02073841203228258,100.0,4.0892
231060,CE,0,Consolidado,0.35993734943525757,82.22222222222221,4.3740000000000006
231070,CE,0,Consolidado,0.09245966701774827,88.74172185430463,4.065263157894737
231080,CE,0,Consolidado,0.07641368938875745,95.6989247311828,4.509
231085,CE,0,Consolidado,0.15487059589795593,93.27731092436974,4.400769230769231
231090,CE,0,Consolidado,0.02024336973502469,100.0,4.14888888888889
231095,CE,0,Consolidado,0.03200031346783632,96.875,4.125
231100,CE,0,Consolidado,0.1454943689016817,92.98245614035088,4.198571428571429
231110,CE,0,Consolidado,0.09300924746204293,93.39622641509435,4.4025
231120,CE,0,Consolidado,0.11922665361689422,83.33333333333334,3.9240000000000004
231123,CE,0,Consolidado,0.02748646137844393,96.96969696969697,4.38
231126,CE,0,Consolidado,0.04561128825605437,97.61904761904762,4.2700000000000005
231130,CE,0,Consolidado,0.12771105785054335,90.93655589123867,4.294848484848484
231135,CE,0,Consolidado,0.2109274910903749,77.77777777777779,4.264
231140,CE,0,Consolidado,0.030618766230864545,98.40848806366049,4.34048780487805
231150,CE,0,Consolidado,0.15568738468043386,90.21739130434783,4.5325
231160,CE,0,Consolidado,0.1497999946195704,86.42857142857143,4.305
231170,CE,0,Consolidado,0.029409789666006058,98.79518072289156,4.107692307692308
231180,CE,0,Consolidado,0.08719738493368377,92.3512747875354,4.400312499999999
231190,CE,0,Consolidado,0.2742781522651882,76.78571428571429,4.277
231195,CE,0,Consolidado,0.036855760358782116,97.3913043478261,4.2761538461538455
231200,CE,0,Consolidado,0.03180612367461644,98.63945578231292,3.9500000000000006
231210,CE,0,Consolidado,0.10757522822601263,94.04761904761905,4.039090909090909
231220,CE,0,Consolidado,0.059622608824151664,98.48484848484848,4.216086956521737
231230,CE,0,Consolidado,0.06105046227867023,95.71984435797665,4.163333333333334
231240,CE,0,Consolidado,0.2051767778110599,85.33007334963325,4.564347826086957
231250,CE,0,Consolidado,0.116889889910335,100.0,4.523333333333333
231260,CE,0,Consolidado,0.29431430073525205,75.47169811320755,4.083333333333334
231270,CE,0,Consolidado,0.02954846038085033,100.0,4.180714285714285
231280,CE,0,Consolidado,0.02890404685845687,97.5,4.082
231290,CE,0,Consolidado,0.024127185213982154,99.15433403805497,4.354366197183098
231300,CE,0,Consolidado,0.026759773448917324,97.77777777777777,4.324285714285714
231310,CE,0,Consolidado,0.18315973386795206,88.98305084745762,4.537857142857142
231320,CE,0,Consolidado,0.036662319717595496,98.11320754716981,4.119999999999999
231325,CE,0,Consolidado,0.09011003289885898,97.5,4.308
231330,CE,0,Consolidado,0.14290550251864967,89.69957081545064,4.438529411764706
231335,CE,0,Consolidado,0.2064753366009841,78.57142857142857,4.182727272727273
231340,CE,0,Consolidado,0.19047533206091757,88.37719298245614,4.355405405405405
231350,CE,0,Consolidado,0.13088634183628245,94.77124183006535,4.2958823529411765
231355,CE,0,Consolidado,0.0740081451518557,88.88888888888889,4.122857142857143
231360,CE,0,Consolidado,0.05927104179560019,96.66666666666667,4.3068181818181825
231370,CE,0,Consolidado,0.161234322667029,91.66666666666666,4.348
231375,CE,0,Consolidado,0.3175577838991322,80.68181818181817,4.12909090909091
231380,CE,0,Consolidado,0.20977005279718244,72.97297297297297,4.130624999999999
231390,CE,0,Consolidado,0.038882525224459154,95.23809523809523,4.133333333333333
231395,CE,0,Consolidado,0.030799467378144357,97.59036144578313,4.252222222222222
231400,CE,0,Consolidado,0.09416220975832179,92.85714285714286,4.276249999999999
231410,CE,0,Consolidado,0.15067127105799527,91.71779141104295,4.0566666666666675
240010,RN,1,Critico,0.6752189705592853,41.66666666666667,4.579999999999999
240020,RN,1,Critico,0.6683819937179153,34.24657534246575,4.538749999999999
240050,RN,1,Critico,0.6566387010098194,33.33333333333333,4.48625
240070,RN,3,Atencao,0.5790636828290703,55.769230769230774,4.7725
240080,RN,1,Critico,0.65601546007619,43.18181818181818,4.572
240100,RN,1,Critico,0.6776822958938064,41.42857142857143,4.535000000000002
240110,RN,1,Critico,0.6416720868927716,47.368421052631575,4.66357142857143
240120,RN,1,Critico,0.7734578879852172,26.666666666666668,4.42
240130,RN,1,Critico,0.6961870472339537,33.33333333333333,4.378
240145,RN,1,Critico,0.6857968991532816,32.30769230769231,4.5075
240160,RN,1,Critico,0.8194907430728235,25.0,4.416666666666667
240185,RN,1,Critico,0.7751155633499506,45.714285714285715,4.43
240200,RN,1,Critico,0.6465022921415584,46.15384615384615,4.566923076923077
240210,RN,1,Critico,0.740945512834249,23.809523809523807,4.462857142857143
240220,RN,1,Critico,0.7277899508819798,30.89430894308943,4.435454545454544
240230,RN,1,Critico,0.7453431159606572,32.075471698113205,4.416666666666667
240240,RN,2,Intermediario,0.5470649583844778,46.15384615384615,4.81
240250,RN,1,Critico,0.6517997321273764,44.73684210526316,4.564
240270,RN,1,Critico,0.5789766842652602,46.875,4.633333333333333
240280,RN,1,Critico,0.6825066867296147,37.5,4.42
240300,RN,3,Atencao,0.4731314976599942,74.19354838709677,4.5325
240310,RN,1,Critico,0.6624144196619431,42.857142857142854,4.58611111111111
240320,RN,3,Atencao,0.5563969586386512,70.0,4.59
240325,RN,1,Critico,0.6712606580040342,41.91304347826087,4.841929824561402
240330,RN,3,Atencao,0.5047965165572202,65.38461538461539,4.569999999999999
240340,RN,1,Critico,0.6812999935519319,33.33333333333333,4.4375
240360,RN,1,Critico,0.6554274589004879,41.99134199134199,4.592727272727272
240370,RN,3,Atencao,0.5526679283631275,30.0,4.46
240420,RN,1,Critico,0.767880126146049,30.0,4.531428571428572
240430,RN,1,Critico,0.5823641060918371,51.35135135135135,4.468
240440,RN,2,Intermediario,0.4811149089701524,67.56756756756756,4.5920000000000005
240460,RN,1,Critico,0.6866549544520254,46.0,4.256666666666667
240470,RN,1,Critico,0.7475038530735256,23.91304347826087,4.505454545454546
240485,RN,1,Critico,0.5865431189414405,37.5,4.526
240500,RN,1,Critico,0.6066614395076497,41.86046511627907,4.515000000000001
240510,RN,1,Critico,0.7560378317665671,28.57142857142857,4.6125
240540,RN,1,Critico,0.8252350191036173,25.0,4.3999999999999995
240550,RN,1,Critico,0.7975712958529395,30.434782608695656,4.373333333333333
240560,RN,1,Critico,0.6444068737533759,46.34146341463415,4.272857142857142
240570,RN,1,Critico,0.5947367899867151,44.73684210526316,4.606
240580,RN,1,Critico,0.7657893607187332,34.34343434343434,4.369999999999999
240610,RN,1,Critico,0.6695294862088319,41.30434782608695,4.45375
240630,RN,1,Critico,0.7016411420895277,30.0,4.276
240650,RN,1,Critico,0.7271038100658727,37.5,4.446
240660,RN,1,Critico,0.7011391825041531,33.33333333333333,4.38
240670,RN,1,Critico,0.7780295437755609,39.473684210526315,4.524285714285714
240700,RN,1,Critico,0.6986293520143354,23.684210526315788,4.398571428571429
240710,RN,1,Critico,0.7721940114975234,30.5,4.508157894736843
240720,RN,1,Critico,0.7528055282723581,35.61643835616438,4.481999999999999
240725,RN,1,Critico,0.6302240501286827,37.5,4.550000000000001
240730,RN,1,Critico,0.7793101893635025,5.0,4.32
240740,RN,1,Critico,0.6200509325975772,51.515151515151516,4.651250000000001
240770,RN,1,Critico,0.564850933392607,56.25,4.257142857142857
240780,RN,3,Atencao,0.5384354747061129,57.798165137614674,4.363076923076923
240800,RN,1,Critico,0.6815129346410419,43.23922734026746,4.675543478260868
240820,RN,1,Critico,0.6981961714726692,43.41085271317829,4.554117647058824
240830,RN,1,Critico,0.7175926390646942,30.48780487804878,4.35764705882353
240850,RN,3,Atencao,0.46307733211108404,48.0,4.720000000000001
240880,RN,1,Critico,0.7196426348323592,30.434782608695656,4.34
240890,RN,3,Atencao,0.4629890011459443,55.660377358490564,4.547499999999999
240895,RN,1,Critico,0.8081411835293068,18.181818181818183,4.452
240910,RN,1,Critico,0.7164156770674676,33.33333333333333,4.3533333333333335
240930,RN,1,Critico,0.7625706418764556,34.78260869565217,4.426666666666667
240940,RN,1,Critico,0.6815801803812056,35.0,4.595555555555555
240980,RN,1,Critico,0.8021197052690519,17.24137931034483,4.42
240990,RN,1,Critico,0.6899600278721366,34.883720930232556,4.45125
241020,RN,3,Atencao,0.5351317010709112,48.484848484848484,4.546
241040,RN,1,Critico,0.7404386008245669,26.0,4.359999999999999
241090,RN,1,Critico,0.7463239442604568,34.375,4.426666666666667
241120,RN,1,Critico,0.7642996697617429,26.923076923076923,4.446470588235295
241140,RN,1,Critico,0.6468525204988804,36.58536585365854,4.416
241150,RN,1,Critico,0.5779088673308566,51.11111111111111,4.45375
241160,RN,1,Critico,0.6388419324570506,34.61538461538461,4.4
241200,RN,1,Critico,0.6535518933643879,38.732394366197184,4.529761904761905
241210,RN,3,Atencao,0.5057865785874757,58.333333333333336,4.556666666666667
241220,RN,1,Critico,0.7449249250416111,33.02325581395349,4.539130434782607
241230,RN,1,Critico,0.7027718426686607,47.368421052631575,4.356666666666667
241250,RN,1,Critico,0.668782238230566,45.16129032258064,4.5275
241290,RN,1,Critico,0.69257984982273,28.000000000000004,4.4125
241300,RN,1,Critico,0.5395489049641934,45.45454545454545,4.675000000000001
241320,RN,1,Critico,0.7813195046250553,14.285714285714285,4.3533333333333335
241335,RN,1,Critico,0.7579834226272498,34.285714285714285,4.688
241340,RN,1,Critico,0.7740571774531113,28.57142857142857,4.503333333333334
241350,RN,1,Critico,0.5660910971865498,39.130434782608695,4.300000000000001
241390,RN,1,Critico,0.6818332598850498,51.85185185185185,4.336250000000001
241400,RN,1,Critico,0.6582687159174813,32.72727272727273,4.425
241410,RN,1,Critico,0.6132319768040977,44.44444444444444,4.53125
241415,RN,1,Critico,0.6604096655553121,47.82608695652174,4.5825
241420,RN,1,Critico,0.8148415570288994,18.681318681318682,4.552727272727273
241440,RN,1,Critico,0.7524863645200137,28.888888888888886,4.378823529411765
241480,RN,1,Critico,0.5920880637240856,39.02439024390244,4.4799999999999995
241500,RN,1,Critico,0.765575598196563,25.0,4.4
250010,PB,3,Atencao,0.589238880008258,54.166666666666664,4.387499999999999
250020,PB,3,Atencao,0.4091298276648404,60.0,4.443333333333333
250030,PB,1,Critico,0.7652441512463982,29.357798165137616,4.223125000000001
250040,PB,3,Atencao,0.4167119543293067,71.83098591549296,4.297000000000001
250050,PB,3,Atencao,0.5389943355456561,55.35714285714286,4.271666666666666
250053,PB,3,Atencao,0.6407563374156112,36.11111111111111,4.635
250060,PB,1,Critico,0.6535686099457113,40.42553191489361,4.465833333333333
250070,PB,3,Atencao,0.49471796251241607,40.0,4.4375
250080,PB,3,Atencao,0.508694562880344,53.65853658536586,4.240000000000001
250090,PB,1,Critico,0.6649751355280087,34.78260869565217,4.338
250100,PB,1,Critico,0.7019089530665577,35.08771929824561,4.421538461538462
250110,PB,0,Consolidado,0.16643019298014347,90.78947368421053,4.222142857142856
250120,PB,0,Consolidado,0.23419124229866856,85.0,4.354
250130,PB,3,Atencao,0.5272683253544284,55.0561797752809,3.8711764705882348
250135,PB,0,Consolidado,0.34118633376695506,85.71428571428571,4.586666666666667
250140,PB,1,Critico,0.6942237572951627,30.612244897959183,4.174
250150,PB,3,Atencao,0.5486490348796694,46.808510638297875,4.481538461538461
250153,PB,0,Consolidado,0.2840237913042607,80.0,4.39
250157,PB,1,Critico,0.6634405046787163,36.0,4.39
250170,PB,3,Atencao,0.3923870111389997,75.0,4.48
250180,PB,1,Critico,0.6852693968290552,41.29353233830846,4.507999999999999
250190,PB,1,Critico,0.6202062526568198,43.13725490196079,4.21875
250200,PB,3,Atencao,0.5811391133544368,41.66666666666667,4.398333333333333
250215,PB,3,Atencao,0.4855886771807203,75.0,4.545000000000001
250240,PB,1,Critico,0.5599618906187993,48.57142857142857,4.29
250250,PB,1,Critico,0.7089895938041235,34.883720930232556,4.4075
250260,PB,1,Critico,0.5469255793633659,51.724137931034484,4.3933333333333335
250280,PB,3,Atencao,0.5606056347658114,59.09090909090909,4.3742857142857146
250300,PB,1,Critico,0.7310578634129365,34.40860215053764,4.583076923076923
250320,PB,3,Atencao,0.5562847850322367,51.541850220264315,4.7363333333333335
250330,PB,1,Critico,0.6231095741543069,35.0,4.245
250350,PB,3,Atencao,0.3509322646352721,64.0625,4.3
250355,PB,1,Critico,0.6854368091288907,39.53488372093023,4.244
250360,PB,3,Atencao,0.421921047790098,80.0,4.146
250370,PB,3,Atencao,0.4994452529966525,51.81818181818182,4.5293333333333345
250380,PB,1,Critico,0.6859501053873734,35.0,4.348333333333334
250390,PB,3,Atencao,0.5516842887157711,59.45945945945946,4.386666666666667
250400,PB,1,Critico,0.6175146186605304,46.26865671641791,4.673802816901407
250403,PB,3,Atencao,0.48881866763827625,60.60606060606061,4.3925
250415,PB,3,Atencao,0.5602229514082123,50.0,4.265999999999999
250420,PB,3,Atencao,0.394714826373884,59.25925925925925,4.085
250430,PB,1,Critico,0.5824387342757884,51.24999999999999,4.462222222222222
250435,PB,3,Atencao,0.4704653301626951,50.0,4.49
250440,PB,0,Consolidado,0.18890656708600603,85.71428571428571,4.38
250450,PB,3,Atencao,0.5739061169558559,47.61904761904761,4.324999999999999
250460,PB,3,Atencao,0.4265273366924421,69.93006993006993,4.549411764705884
250480,PB,3,Atencao,0.4859335574340937,60.97560975609756,4.333333333333334
250490,PB,3,Atencao,0.6143570720863749,55.714285714285715,4.291666666666666
250500,PB,0,Consolidado,0.2130902998092052,76.92307692307693,4.5825
250510,PB,3,Atencao,0.5136540622850831,51.42857142857142,4.535454545454546
250520,PB,1,Critico,0.7810245016898396,24.324324324324326,4.24
250535,PB,1,Critico,0.6345114566307382,47.61904761904761,4.3566666666666665
250540,PB,1,Critico,0.6029739625101092,30.555555555555557,4.5625
250570,PB,2,Intermediario,0.3443150466244647,74.28571428571429,4.266
250600,PB,3,Atencao,0.453738363994945,62.0,4.408181818181817
250610,PB,3,Atencao,0.5804403737971103,55.00000000000001,4.168
250630,PB,1,Critico,0.6366138779703454,50.0,4.375806451612903
250640,PB,1,Critico,0.7511358975665182,31.57894736842105,4.18
250670,PB,3,Atencao,0.5582666813628281,47.05882352941176,4.243
250680,PB,1,Critico,0.5754200965663872,54.54545454545454,4.22125
250690,PB,1,Critico,0.6494628895057438,40.0,4.2754545454545445
250700,PB,1,Critico,0.6981620082674876,48.4375,4.386999999999999
250710,PB,0,Consolidado,0.29369018826369286,70.58823529411765,4.279090909090909
250720,PB,1,Critico,0.7878655162592587,26.08695652173913,4.06
250730,PB,1,Critico,0.6684046939703956,52.5,4.341111111111111
250750,PB,2,Intermediario,0.5713047719804472,51.58766682006443,4.740534759358291
250770,PB,3,Atencao,0.5927925633425913,52.054794520547944,4.385833333333334
250780,PB,3,Atencao,0.43368577155964044,54.83870967741935,4.5633333333333335
250790,PB,1,Critico,0.6255978729064576,40.42553191489361,4.246666666666666
250800,PB,3,Atencao,0.48605263348181155,58.97435897435898,4.325
250820,PB,3,Atencao,0.546045868542858,56.00000000000001,4.296666666666667
250830,PB,3,Atencao,0.514386756577312,59.130434782608695,4.457272727272727
250840,PB,3,Atencao,0.5004604411398231,57.14285714285714,4.225
250850,PB,3,Atencao,0.5608948326412263,46.15384615384615,4.3625
250855,PB,0,Consolidado,0.17523000043147963,88.46153846153845,4.3125
250860,PB,1,Critico,0.6212298236125593,42.857142857142854,4.573
250880,PB,3,Atencao,0.4920199088586044,63.33333333333333,4.346666666666667
250890,PB,3,Atencao,0.5112350131885891,53.68421052631579,4.316800000000001
250900,PB,3,Atencao,0.39705106705708837,67.44186046511628,4.172499999999999
250905,PB,1,Critico,0.6502309968901474,35.08771929824561,4.31
250910,PB,3,Atencao,0.5398961984413096,59.036144578313255,4.34076923076923
250915,PB,0,Consolidado,0.06290679691095179,95.65217391304348,4.4625
250920,PB,1,Critico,0.6389438870738999,50.0,4.27375
250930,PB,3,Atencao,0.3554895182332688,65.625,4.488
250939,PB,3,Atencao,0.5239778237243382,60.0,4.293333333333333
250940,PB,3,Atencao,0.3857726979708237,69.23076923076923,4.218
250950,PB,0,Consolidado,0.34128135472091387,77.77777777777779,4.62
250970,PB,3,Atencao,0.4998145170049519,57.692307692307686,4.438000000000001
250980,PB,2,Intermediario,0.449502033239214,61.53846153846154,4.311428571428571
250990,PB,3,Atencao,0.5551782442161926,53.84615384615385,4.123333333333333
251010,PB,3,Atencao,0.4698219673046791,63.46153846153846,4.58
251020,PB,1,Critico,0.6651620354802773,40.625,4.282
251080,PB,3,Atencao,0.5226904551712529,55.27156549520767,4.49076923076923
251090,PB,3,Atencao,0.5488716269543124,45.0,4.431666666666667
251110,PB,0,Consolidado,0.2489635472122433,78.26086956521739,4.54
251120,PB,1,Critico,0.6596455371428173,46.20253164556962,4.461111111111111
251130,PB,1,Critico,0.6532697740978243,45.83333333333333,4.207
251140,PB,1,Critico,0.5872733412347519,34.66666666666667,4.483333333333333
251150,PB,3,Atencao,0.5275222840493423,61.904761904761905,4.347142857142857
251160,PB,3,Atencao,0.5815232310792355,44.73684210526316,4.185714285714286
251170,PB,2,Intermediario,0.3410038492756478,86.36363636363636,4.256666666666667
251180,PB,1,Critico,0.6981394266540957,30.0,4.292
251190,PB,3,Atencao,0.42486656194046607,71.23287671232876,4.386666666666667
251200,PB,3,Atencao,0.5949526978950189,47.82608695652174,4.397272727272727
251210,PB,3,Atencao,0.479197480090352,63.0,4.420000000000001
251230,PB,0,Consolidado,0.12710268172961686,90.41095890410958,4.475714285714285
251240,PB,0,Consolidado,0.38440123409859484,74.66666666666667,4.522857142857143
251250,PB,0,Consolidado,0.15355821489369828,89.38775510204081,4.564545454545454
251270,PB,3,Atencao,0.5510316354940508,59.32203389830508,4.384545454545455
251280,PB,3,Atencao,0.5125729971224203,60.71428571428571,4.282500000000001
251290,PB,3,Atencao,0.501114430188036,52.94117647058824,4.336111111111111
251310,PB,3,Atencao,0.38947192792657215,76.19047619047619,4.1579999999999995
251315,PB,1,Critico,0.7811852587454478,22.857142857142858,4.3774999999999995
251320,PB,3,Atencao,0.4322982504925936,72.0,4.356
251330,PB,0,Consolidado,0.30990046609348015,72.72727272727273,4.425
251340,PB,3,Atencao,0.5136000681935342,63.63636363636363,4.558000000000001
251350,PB,0,Consolidado,0.13252706195957942,81.81818181818183,4.188
251370,PB,1,Critico,0.6695121301135887,37.404580152671755,4.487692307692308
251390,PB,1,Critico,0.6437654037473587,43.47826086956522,4.323846153846154
251400,PB,3,Atencao,0.5751792456473589,39.130434782608695,4.616
251420,PB,0,Consolidado,0.33908787035786364,73.17073170731707,4.2666666666666675
251430,PB,3,Atencao,0.5685794824968536,40.74074074074074,4.34
251445,PB,3,Atencao,0.6085412826842451,56.00000000000001,4.133333333333334
251450,PB,3,Atencao,0.657369539428508,44.26229508196721,4.3116666666666665
251490,PB,1,Critico,0.6606516388849808,40.0,4.529999999999999
251510,PB,3,Atencao,0.4805915616336083,51.85185185185185,4.4475
251520,PB,0,Consolidado,0.20209367503950387,90.0,4.546666666666667
251530,PB,1,Critico,0.719143619982464,37.06293706293706,4.410416666666666
251540,PB,3,Atencao,0.5421676834769698,54.54545454545454,4.369999999999999
251550,PB,3,Atencao,0.5272128423278538,61.702127659574465,4.376666666666666
251590,PB,0,Consolidado,0.26066142159107625,80.0,4.0633333333333335
251593,PB,3,Atencao,0.4331460207308764,65.0,4.383333333333334
251597,PB,3,Atencao,0.5245817899116059,59.09090909090909,4.494285714285715
251600,PB,3,Atencao,0.4500859406810427,61.038961038961034,4.347894736842105
251610,PB,1,Critico,0.6865428770352168,51.02040816326531,4.624285714285714
251615,PB,3,Atencao,0.6069886294073547,42.857142857142854,4.536666666666667
251620,PB,3,Atencao,0.5771844769360799,55.65217391304348,4.399666666666667
251630,PB,3,Atencao,0.5693670627446586,56.52173913043478,4.566666666666666
251650,PB,0,Consolidado,0.21788163816936118,86.66666666666667,4.298333333333333
251660,PB,3,Atencao,0.35386846513329084,61.904761904761905,4.237500000000001
251670,PB,0,Consolidado,0.28763279407226183,80.7017543859649,4.291428571428572
251680,PB,3,Atencao,0.5324961557642124,55.55555555555556,4.225
251690,PB,3,Atencao,0.3909834829339574,74.28571428571429,4.4425
251700,PB,3,Atencao,0.5244947454850246,52.0,4.351666666666667
260005,PE,3,Atencao,0.6179131144891038,53.47222222222222,4.612702702702704
260010,PE,3,Atencao,0.39530903548101726,66.90140845070422,4.514666666666668
260020,PE,3,Atencao,0.5241865221366303,57.35294117647059,4.267499999999999
260030,PE,3,Atencao,0.3913844361790544,65.38461538461539,4.090000000000001
260040,PE,3,Atencao,0.48324272804436624,49.29577464788733,4.414545454545455
260050,PE,3,Atencao,0.5136180177034898,56.852791878172596,4.124444444444444
260060,PE,3,Atencao,0.6179874428245058,52.17391304347826,4.349999999999999
260070,PE,3,Atencao,0.5961670531544485,50.427350427350426,4.054166666666667
260080,PE,3,Atencao,0.4564364179374541,63.63636363636363,4.2283333333333335
260090,PE,3,Atencao,0.4407192267617443,62.903225806451616,4.15625
260100,PE,3,Atencao,0.4588807092381089,56.81818181818182,4.323333333333333
260105,PE,3,Atencao,0.5789252109420877,44.871794871794876,4.4125
260110,PE,3,Atencao,0.5401748285643777,53.84615384615385,4.204146341463415
260120,PE,3,Atencao,0.4521547709431165,66.88741721854305,4.584999999999999
260130,PE,0,Consolidado,0.20513273813433253,80.3921568627451,4.183333333333333
260140,PE,3,Atencao,0.49571678564143223,55.9748427672956,4.307619047619047
260150,PE,0,Consolidado,0.3071200778624622,77.55102040816327,4.235
260160,PE,3,Atencao,0.5104448585158258,53.84615384615385,4.343333333333333
260170,PE,1,Critico,0.6230002636398211,46.3768115942029,4.3549999999999995
260180,PE,3,Atencao,0.330966778603186,65.71428571428571,4.085
260190,PE,3,Atencao,0.5495087684372626,54.59770114942529,4.467
260200,PE,3,Atencao,0.6304669246260876,51.28205128205128,4.225625000000001
260210,PE,3,Atencao,0.48381048895676954,63.934426229508205,4.154285714285716
260220,PE,3,Atencao,0.4266375261567197,65.67164179104478,4.307222222222223
260230,PE,3,Atencao,0.4102161091538911,70.88607594936708,4.164999999999999
260240,PE,0,Consolidado,0.33491394255808493,86.11111111111111,4.305
260250,PE,0,Consolidado,0.31851102055644853,68.08510638297872,4.3
260260,PE,3,Atencao,0.5833206778441864,47.77070063694268,4.515555555555555
260270,PE,0,Consolidado,0.34429088420912524,70.37037037037037,4.3149999999999995
260280,PE,3,Atencao,0.5400442916745124,51.53061224489795,4.077333333333334
260290,PE,3,Atencao,0.55296829629501,50.81788440567067,4.533124999999999
260300,PE,3,Atencao,0.4262302831311566,70.08547008547008,4.345294117647059
260310,PE,3,Atencao,0.49076437431053177,56.33802816901409,4.3862499999999995
260320,PE,3,Atencao,0.5731815772055407,54.71698113207547,4.349333333333334
260330,PE,3,Atencao,0.5830761400619577,54.83870967741935,4.375
260340,PE,0,Consolidado,0.24176211175841394,83.33333333333334,4.3075
260345,PE,3,Atencao,0.5205881159571341,62.096774193548384,4.590750000000001
260350,PE,3,Atencao,0.45154917203821887,65.0,4.228
260360,PE,3,Atencao,0.4614266389577688,53.84615384615385,4.09
260370,PE,3,Atencao,0.5388560504487978,55.670103092783506,4.305000000000001
260380,PE,3,Atencao,0.48230719955872503,62.5,4.4399999999999995
260390,PE,0,Consolidado,0.12237276596864193,91.0891089108911,4.430769230769231
260392,PE,0,Consolidado,0.11384227082734434,96.66666666666667,4.245
260400,PE,3,Atencao,0.4561967671010352,58.50622406639005,4.535925925925926
260410,PE,3,Atencao,0.5336076764828497,56.31293570875291,4.615443037974683
260415,PE,0,Consolidado,0.242040050926324,76.19047619047619,4.345714285714286
260420,PE,1,Critico,0.7434958986596488,41.83673469387755,4.300714285714285
260430,PE,3,Atencao,0.556857683533435,50.0,4.261666666666667
260440,PE,3,Atencao,0.446882227754544,55.55555555555556,4.206250000000001
260450,PE,3,Atencao,0.5289093038107114,50.467289719626166,4.3950000000000005
260460,PE,3,Atencao,0.6403973177552804,46.06741573033708,4.331428571428571
260470,PE,3,Atencao,0.4847283574111747,66.66666666666666,4.35
260480,PE,3,Atencao,0.4204391525705561,71.42857142857143,4.175714285714286
260490,PE,0,Consolidado,0.260535863523782,92.0,4.175
260500,PE,0,Consolidado,0.23360580626575145,83.33333333333334,4.4110000000000005
260510,PE,0,Consolidado,0.20969374137793495,82.3076923076923,4.19235294117647
260515,PE,0,Consolidado,0.3293193804225188,66.12903225806451,4.3549999999999995
260520,PE,3,Atencao,0.6377722858863661,51.12359550561798,4.404583333333333
260530,PE,3,Atencao,0.5134351051039908,52.59259259259259,4.319375000000001
260540,PE,0,Consolidado,0.20254134976920268,79.72972972972973,4.368181818181817
260550,PE,3,Atencao,0.5902293172157268,42.857142857142854,4.205
260560,PE,0,Consolidado,0.36572411078903055,75.43859649122807,4.411
260570,PE,3,Atencao,0.6572984171056654,48.837209302325576,4.2992307692307685
260580,PE,3,Atencao,0.4027414704444653,70.27027027027027,4.242857142857143
260590,PE,3,Atencao,0.4196193594394047,62.31884057971014,4.311
260600,PE,3,Atencao,0.49213480096623524,58.730158730158735,4.6847916666666665
260610,PE,3,Atencao,0.38527210873972745,62.96296296296296,4.2325
260620,PE,1,Critico,0.5942987079563987,46.12794612794613,4.507428571428571
260630,PE,3,Atencao,0.48615446295008935,57.99999999999999,4.296666666666667
260640,PE,3,Atencao,0.6587647294295312,46.44808743169399,4.459999999999999
260650,PE,3,Atencao,0.3392699185432236,69.73684210526315,3.99
260660,PE,3,Atencao,0.4813837587989552,60.396039603960396,4.204999999999999
260670,PE,3,Atencao,0.5624938657885801,45.0,4.4225
260680,PE,3,Atencao,0.4430013163723371,68.13417190775681,4.62195652173913
260690,PE,0,Consolidado,0.2755322190930998,75.0,4.3516666666666675
260700,PE,3,Atencao,0.3995125438324347,72.97297297297297,4.092727272727273
260720,PE,3,Atencao,0.4148199275861468,65.39792387543253,4.530769230769231
260730,PE,3,Atencao,0.3569379376098398,63.39869281045751,4.173846153846154
260750,PE,3,Atencao,0.5128089226072473,55.294117647058826,4.398888888888889
260760,PE,1,Critico,0.5603804249012397,38.2716049382716,4.511818181818183
260765,PE,1,Critico,0.6359931482221469,43.689320388349515,4.294545454545455
260770,PE,0,Consolidado,0.2812129969159407,74.19354838709677,4.3740000000000006
260775,PE,0,Consolidado,0.26370626585588164,78.90625,4.466666666666667
260780,PE,3,Atencao,0.5644611393089732,53.84615384615385,4.21
260790,PE,3,Atencao,0.5269956206828219,55.45873910814967,4.549503105590062
260795,PE,3,Atencao,0.37882784497927735,59.375,4.278333333333332
260800,PE,3,Atencao,0.6184935417939268,43.75,4.073333333333334
260805,PE,0,Consolidado,0.3698951422905728,79.48717948717949,4.684285714285714
260810,PE,3,Atencao,0.43641584809187944,66.19718309859155,4.245
260820,PE,3,Atencao,0.6040010297878607,60.97560975609756,4.232857142857143
260825,PE,3,Atencao,0.5420978397188077,44.827586206896555,4.246
260830,PE,3,Atencao,0.4440811766933417,57.14285714285714,4.378333333333334
260840,PE,3,Atencao,0.5141596222950502,53.62318840579711,4.2459999999999996
260845,PE,3,Atencao,0.5542274249878999,52.63157894736842,4.315
260850,PE,0,Consolidado,0.3302447844222986,81.9672131147541,4.241111111111111
260860,PE,0,Consolidado,0.27834115190504083,87.8048780487805,3.84
260870,PE,0,Consolidado,0.26382319876520777,72.97297297297297,4.38
260875,PE,3,Atencao,0.44952007945876027,55.639097744360896,4.489090909090909
260880,PE,3,Atencao,0.5786316558891548,51.21951219512195,4.478235294117647
260890,PE,3,Atencao,0.38171752682043697,72.48322147651007,4.331363636363636
260900,PE,0,Consolidado,0.2918033695014808,72.72727272727273,4.230769230769232
260910,PE,0,Consolidado,0.12796151639062842,93.47826086956522,4.365714285714286
260915,PE,3,Atencao,0.5442709967534209,56.36363636363636,3.8957142857142855
260920,PE,3,Atencao,0.45362975236221686,55.88235294117647,4.306
260930,PE,3,Atencao,0.6111703897885508,38.75,4.148571428571429
260940,PE,3,Atencao,0.5924791704953549,47.22222222222222,4.394761904761904
260950,PE,3,Atencao,0.5342866615143008,50.0,4.476923076923076
260960,PE,3,Atencao,0.4837907478258837,60.176211453744486,4.559705882352941
260970,PE,3,Atencao,0.3583721891316745,68.11594202898551,4.2940000000000005
260980,PE,3,Atencao,0.6007970369873502,44.06779661016949,4.286666666666667
260990,PE,1,Critico,0.7311171192947289,31.718061674008812,4.234285714285714
261000,PE,3,Atencao,0.5524015318460479,48.40764331210191,4.358846153846154
261010,PE,3,Atencao,0.4816394544686951,61.53846153846154,4.3566666666666665
261020,PE,0,Consolidado,0.1999830523906398,87.36842105263159,4.225
261030,PE,3,Atencao,0.3748634723694213,71.42857142857143,4.37125
261040,PE,3,Atencao,0.5684550919344491,56.71641791044776,4.204285714285715
261050,PE,0,Consolidado,0.320333840494901,74.02597402597402,4.243
261060,PE,3,Atencao,0.44393147479273404,62.5,4.383913043478262
261070,PE,3,Atencao,0.560159163191407,54.463130659767145,4.630266666666668
261080,PE,3,Atencao,0.5716006356473387,54.87804878048781,4.200000000000001
261090,PE,3,Atencao,0.4793717755442841,61.61616161616161,4.337599999999999
261100,PE,3,Atencao,0.4906862698849528,49.67741935483871,4.556956521739131
261110,PE,3,Atencao,0.40105341981501447,68.0570221752904,4.642421874999999
261120,PE,3,Atencao,0.45514375684084557,70.9090909090909,4.078571428571428
261130,PE,1,Critico,0.6447018185867769,46.774193548387096,4.306000000000001
261140,PE,3,Atencao,0.4477857100171389,48.484848484848484,4.29
261150,PE,3,Atencao,0.5666669029365105,51.28205128205128,4.312857142857142
261153,PE,0,Consolidado,0.2065699187795413,75.92592592592592,4.652
261160,PE,3,Atencao,0.4923601865781663,58.128683693516706,4.649479452054795
261170,PE,3,Atencao,0.43789891283292043,77.55102040816327,4.328749999999999
261180,PE,3,Atencao,0.4435793518744605,62.88659793814433,4.139166666666666
261190,PE,0,Consolidado,0.10899378514014116,86.66666666666667,4.367142857142857
261200,PE,0,Consolidado,0.29820831456386265,88.88888888888889,4.2940000000000005
261220,PE,0,Consolidado,0.3201251277301313,75.32051282051282,4.492500000000001
261230,PE,3,Atencao,0.387566344486248,71.15384615384616,4.244285714285714
261240,PE,3,Atencao,0.5494363682015823,47.43589743589743,4.220909090909092
261245,PE,3,Atencao,0.3944901989812396,72.1311475409836,4.1375
261247,PE,0,Consolidado,0.23910121028763195,81.81818181818183,4.444
261250,PE,3,Atencao,0.5504149156694228,58.83777239709443,4.488846153846154
261255,PE,3,Atencao,0.5193783191879928,63.829787234042556,4.224444444444445
261260,PE,3,Atencao,0.517336664356155,50.29239766081871,4.259354838709678
261270,PE,0,Consolidado,0.2937892107022078,77.27272727272727,4.37
261280,PE,0,Consolidado,0.32432332305359257,65.45454545454545,4.3975
261290,PE,3,Atencao,0.6076154398721547,45.45454545454545,4.222
261300,PE,3,Atencao,0.492539647137628,62.890625,4.374090909090909
261310,PE,3,Atencao,0.6015904909150779,52.44755244755245,4.2700000000000005
261320,PE,3,Atencao,0.49826592217106,57.831325301204814,4.33375
261330,PE,3,Atencao,0.372289010468084,71.28712871287128,4.125
261340,PE,1,Critico,0.6712767905824685,37.5,4.390000000000001
261350,PE,3,Atencao,0.5470313486903484,54.25531914893617,4.40421052631579
261360,PE,3,Atencao,0.3784077440689808,71.68141592920354,4.454166666666667
261370,PE,3,Atencao,0.6001798747166501,49.858356940509914,4.472162162162162
261380,PE,3,Atencao,0.6290716924115926,45.45454545454545,3.861666666666667
261390,PE,0,Consolidado,0.31342084571004275,75.63739376770539,4.490571428571428
261400,PE,3,Atencao,0.5353080694307801,60.0,4.136666666666667
261410,PE,3,Atencao,0.5151329025714734,60.215053763440864,4.382777777777778
261420,PE,3,Atencao,0.39812618265776567,59.354838709677416,4.3675
261430,PE,3,Atencao,0.5942955432660625,44.827586206896555,4.446666666666666
261440,PE,0,Consolidado,0.20057650060929189,88.88888888888889,4.346
261450,PE,3,Atencao,0.5370085699160771,54.78260869565217,4.509999999999999
261460,PE,0,Consolidado,0.3665237471689917,73.50427350427351,4.456363636363636
261470,PE,3,Atencao,0.6344499497781239,45.94594594594595,4.4225
261480,PE,3,Atencao,0.4158555546691929,61.66666666666667,4.361000000000001
261485,PE,3,Atencao,0.5623327884053535,49.0,4.434444444444444
261500,PE,3,Atencao,0.5055475691356769,57.28155339805825,4.414
261510,PE,3,Atencao,0.36714587644145047,72.41379310344827,4.08
261520,PE,3,Atencao,0.4162696419020507,54.90196078431373,4.3149999999999995
261530,PE,0,Consolidado,0.31824507629640886,79.53216374269006,4.294545454545455
261540,PE,3,Atencao,0.5186376730757764,54.73251028806584,4.321875
261550,PE,3,Atencao,0.4308485242329645,64.0,4.3133333333333335
261560,PE,3,Atencao,0.4463073851801993,61.72839506172839,4.195000000000001
261570,PE,0,Consolidado,0.2318022417551475,81.35593220338984,4.565555555555555
261580,PE,3,Atencao,0.4099341689681445,72.85714285714285,4.195
261590,PE,0,Consolidado,0.2650744993191114,70.58823529411765,4.595714285714285
261600,PE,3,Atencao,0.5327143130934903,41.81818181818181,4.00111111111111
261610,PE,3,Atencao,0.47611458286125125,50.0,4.348
261618,PE,0,Consolidado,0.21142732775951742,81.48148148148148,4.3740000000000006
261620,PE,3,Atencao,0.5376491303692409,62.365591397849464,4.352857142857143
261630,PE,3,Atencao,0.4770294627170893,67.3469387755102,4.150000000000001
261640,PE,3,Atencao,0.602272483430539,47.85714285714286,4.439722222222223
261650,PE,3,Atencao,0.3459390173938836,66.66666666666666,4.353999999999999
270010,AL,3,Atencao,0.620183040041439,58.536585365853654,4.295454545454546
270020,AL,3,Atencao,0.5884047432842899,47.368421052631575,3.9954545454545456
270030,AL,1,Critico,0.6679175230897185,39.58115183246073,4.613199999999999
270040,AL,1,Critico,0.705075176614033,38.41463414634146,4.156666666666666
270050,AL,1,Critico,0.7477949233960591,28.037383177570092,4.448
270060,AL,1,Critico,0.7277156898829904,29.268292682926827,4.656666666666666
270070,AL,1,Critico,0.6757095768295549,40.35087719298245,4.340000000000001
270090,AL,0,Consolidado,0.14153130994234223,85.71428571428571,3.85125
270100,AL,0,Consolidado,0.25116084012975176,77.45098039215686,4.23
270110,AL,0,Consolidado,0.302413369809744,78.78787878787878,4.284
270120,AL,3,Atencao,0.6596552556868409,45.0,4.061999999999999
270130,AL,1,Critico,0.7646485053358794,27.835051546391753,4.314285714285715
270135,AL,3,Atencao,0.5288475210239519,63.1578947368421,4.443333333333333
270140,AL,3,Atencao,0.41562461749107665,67.89473684210526,4.335384615384615
270150,AL,3,Atencao,0.6531002087175991,50.0,3.796666666666667
270160,AL,3,Atencao,0.5248184360899462,51.470588235294116,3.9285714285714284
270170,AL,3,Atencao,0.6684564749169379,48.64864864864865,4.157
270180,AL,3,Atencao,0.6705482811990938,46.96969696969697,3.811428571428572
270190,AL,3,Atencao,0.6249736031555314,39.130434782608695,3.8850000000000002
270200,AL,0,Consolidado,0.3135434509805176,73.33333333333333,4.176666666666667
270210,AL,0,Consolidado,0.26927595163309165,83.9506172839506,4.142857142857143
270220,AL,3,Atencao,0.6574187301920207,37.5,4.3516666666666675
270230,AL,0,Consolidado,0.11658452343058727,95.18072289156626,4.504210526315789
270235,AL,3,Atencao,0.5482262534192485,62.03703703703704,4.347333333333334
270240,AL,1,Critico,0.7681653538049916,30.923694779116467,4.488095238095237
270250,AL,3,Atencao,0.5168678894584883,58.06451612903226,3.986666666666667
270255,AL,1,Critico,0.7252220339644468,30.909090909090907,4.035
270260,AL,3,Atencao,0.6909891188000905,50.0,4.289166666666666
270270,AL,3,Atencao,0.6473034502225091,38.23529411764706,4.42
270280,AL,1,Critico,0.6592909041910747,40.909090909090914,4.148000000000001
270290,AL,1,Critico,0.7095313286288057,37.5,4.077500000000001
270300,AL,0,Consolidado,0.29923402740156346,65.0,4.108
270310,AL,1,Critico,0.7874084919744667,27.884615384615387,4.2947058823529405
270320,AL,3,Atencao,0.592184593003866,50.0,4.263636363636363
270330,AL,3,Atencao,0.4194462859997001,67.85714285714286,4.183750000000001
270340,AL,3,Atencao,0.6061994633853557,48.57142857142857,4.194
270350,AL,3,Atencao,0.39362858505644055,69.23076923076923,4.5375
270360,AL,1,Critico,0.8046277542610527,23.076923076923077,4.3757142857142854
270370,AL,1,Critico,0.6820018417355678,37.93103448275862,4.363333333333333
270375,AL,0,Consolidado,0.34976407764481326,79.24528301886792,4.491250000000001
270380,AL,1,Critico,0.7639369224347649,30.526315789473685,4.087272727272727
270400,AL,3,Atencao,0.5505103647008178,54.700854700854705,4.392352941176469
270410,AL,3,Atencao,0.6296009228767965,50.877192982456144,4.45
270420,AL,3,Atencao,0.64515754478264,45.23809523809524,4.267333333333333
270430,AL,1,Critico,0.6821852721554198,40.094899169632264,4.55308510638298
270440,AL,1,Critico,0.6753223843073303,35.9375,3.8876923076923076
270450,AL,1,Critico,0.6978485344954621,38.18181818181819,4.386666666666666
270460,AL,3,Atencao,0.3588268907834337,66.66666666666666,4.203333333333333
270470,AL,1,Critico,0.6434475515398818,39.27576601671309,4.647058823529412
270480,AL,3,Atencao,0.6269160919225767,46.93877551020408,4.1
270500,AL,1,Critico,0.6537253348245449,31.914893617021278,4.058333333333333
270510,AL,3,Atencao,0.6714894816010472,42.608695652173914,4.3725
270520,AL,1,Critico,0.7082415645805393,33.6734693877551,4.442857142857142
270540,AL,1,Critico,0.7381082957631493,26.666666666666668,3.7785714285714285
270550,AL,3,Atencao,0.42722927626703344,67.47967479674797,4.353333333333333
270560,AL,1,Critico,0.7400725974914428,29.6875,4.305
270570,AL,3,Atencao,0.6471846383093266,41.48936170212766,4.1
270580,AL,1,Critico,0.7261232719612021,34.090909090909086,4.112
270600,AL,3,Atencao,0.4172225123862133,62.637362637362635,4.078571428571428
270610,AL,1,Critico,0.6946259725834402,26.31578947368421,4.343333333333333
270620,AL,3,Atencao,0.6497744083519453,48.0,3.9225
270630,AL,1,Critico,0.730678944985475,34.86590038314176,4.34948717948718
270640,AL,3,Atencao,0.5679851294953129,49.572649572649574,4.083636363636364
270642,AL,1,Critico,0.6359899677152715,54.54545454545454,4.2316666666666665
270644,AL,3,Atencao,0.6239176837547737,43.01075268817204,4.4799999999999995
270650,AL,1,Critico,0.6926431504217788,41.30434782608695,4.47
270660,AL,1,Critico,0.7067415669924286,41.935483870967744,4.253333333333333
270670,AL,1,Critico,0.6470376648344238,44.0,4.402333333333331
270680,AL,1,Critico,0.7068837602002898,41.42857142857143,4.276
270690,AL,1,Critico,0.6617903338032368,38.53211009174312,4.476153846153846
270710,AL,1,Critico,0.8031934428393859,26.027397260273972,4.223846153846154
270720,AL,1,Critico,0.6822446138000137,29.268292682926827,3.9920000000000004
270730,AL,1,Critico,0.6909217791754145,42.3728813559322,4.459090909090909
270740,AL,1,Critico,0.7810611935264244,31.70731707317073,4.496250000000001
270750,AL,3,Atencao,0.3637073111334296,76.11940298507463,4.171666666666666
270760,AL,3,Atencao,0.49188425820471066,61.64383561643836,3.8160000000000003
270770,AL,1,Critico,0.705633077949008,37.28155339805825,4.554411764705882
270780,AL,3,Atencao,0.5353740898867818,51.11111111111111,4.5649999999999995
270790,AL,1,Critico,0.7369719992736782,38.23529411764706,4.473999999999999
270800,AL,1,Critico,0.6846181772539217,36.407766990291265,4.193076923076924
270810,AL,0,Consolidado,0.06980547078853369,100.0,4.25
270820,AL,3,Atencao,0.38331870319016237,63.33333333333333,4.127142857142857
270830,AL,0,Consolidado,0.18213817522752346,90.76923076923077,4.339
270840,AL,3,Atencao,0.5902626620510528,52.601156069364166,4.0556
270850,AL,3,Atencao,0.616307664783588,44.50867052023121,4.256666666666667
270860,AL,3,Atencao,0.5572601171241016,52.46636771300448,4.506666666666667
270870,AL,1,Critico,0.6454525801228486,42.3728813559322,4.66
270880,AL,1,Critico,0.6871352768554151,34.751773049645394,4.217619047619047
270890,AL,3,Atencao,0.6018901983746877,52.293577981651374,4.646666666666667
270895,AL,3,Atencao,0.5391590563230411,59.70149253731343,3.87125
270900,AL,3,Atencao,0.594548661749689,50.0,4.307499999999999
270910,AL,1,Critico,0.667863974838476,41.17647058823529,4.261111111111111
270915,AL,3,Atencao,0.538467787161265,54.19354838709678,4.558421052631579
270920,AL,1,Critico,0.7001029656902223,39.705882352941174,3.934285714285714
270930,AL,0,Consolidado,0.11731534145768445,90.84745762711864,4.292000000000001
270940,AL,3,Atencao,0.6412732254087787,50.0,4.024666666666666
280020,SE,1,Critico,0.8292336043748739,25.64102564102564,4.145
280030,SE,1,Critico,0.7008558817058166,35.320512820512825,4.738119658119657
280040,SE,1,Critico,0.7825461942188793,36.36363636363637,4.290000000000001
280050,SE,1,Critico,0.7347161296319278,37.3134328358209,4.487500000000001
280060,SE,1,Critico,0.7797433233582953,28.799999999999997,4.726666666666667
280067,SE,1,Critico,0.7520515674837659,30.37974683544304,4.492727272727272
280070,SE,1,Critico,0.7501069159615907,34.69387755102041,4.195
280100,SE,1,Critico,0.7359966427280293,26.53061224489796,4.446000000000001
280120,SE,1,Critico,0.8054615888760231,27.67295597484277,4.309444444444446
280130,SE,1,Critico,0.72948774733329,33.587786259541986,4.323999999999999
280140,SE,1,Critico,0.7434473146422379,37.03703703703704,4.308888888888888
280150,SE,1,Critico,0.8307252208275033,20.3125,4.571428571428571
280170,SE,1,Critico,0.783175526571318,32.467532467532465,4.2153846153846155
280200,SE,1,Critico,0.7561282835981926,20.0,4.4925
280210,SE,1,Critico,0.7405961014051404,26.94063926940639,4.448333333333333
280220,SE,1,Critico,0.7884505835281085,34.61538461538461,4.380000000000001
280230,SE,1,Critico,0.7743546393390995,28.26086956521739,4.472857142857142
280240,SE,1,Critico,0.7881683006311689,24.324324324324326,4.116666666666667
280270,SE,1,Critico,0.821223408390944,31.11111111111111,4.298333333333333
280280,SE,1,Critico,0.7130771014972852,25.263157894736842,4.034545454545454
280290,SE,1,Critico,0.7267035045426262,37.16216216216216,4.570571428571427
280300,SE,3,Atencao,0.5055274126979128,55.49132947976878,4.01
280320,SE,1,Critico,0.7540384721896137,34.55882352941176,4.359629629629631
280330,SE,3,Atencao,0.592612463741482,58.9041095890411,4.432
280340,SE,1,Critico,0.7604485631646631,29.03225806451613,4.247999999999999
280350,SE,1,Critico,0.6650885313900625,42.00626959247649,4.507826086956522
280360,SE,1,Critico,0.7983840924982802,25.31645569620253,4.452307692307693
280370,SE,1,Critico,0.7181133903252709,33.33333333333333,4.265000000000001
280380,SE,1,Critico,0.6972449321284907,39.285714285714285,4.516666666666667
280390,SE,1,Critico,0.7371096973622796,38.095238095238095,4.482857142857143
280400,SE,1,Critico,0.7967615683951117,21.818181818181817,4.441111111111111
280410,SE,3,Atencao,0.5727452531756348,50.0,4.5360000000000005
280420,SE,1,Critico,0.7481750356971526,19.672131147540984,4.298571428571429
280440,SE,1,Critico,0.7723102037175056,30.681818181818183,4.3081249999999995
280450,SE,1,Critico,0.7281089007311679,39.77272727272727,4.510000000000001
280460,SE,1,Critico,0.7540235272235042,30.58823529411765,4.3963636363636365
280470,SE,3,Atencao,0.6485431181574893,62.96296296296296,4.382
280480,SE,1,Critico,0.8024167546884793,28.590078328981722,4.647454545454544
280490,SE,1,Critico,0.8082917660444335,18.181818181818183,3.9015384615384616
280510,SE,1,Critico,0.8594549968728827,8.0,4.4399999999999995
280520,SE,1,Critico,0.7520960629473493,30.0,4.390000000000001
280530,SE,1,Critico,0.744135448677538,38.70967741935484,4.493333333333333
280540,SE,1,Critico,0.8306338585528594,27.027027027027028,4.168235294117648
280550,SE,1,Critico,0.7030119803547626,28.57142857142857,4.25
280560,SE,1,Critico,0.8107352746309057,16.3265306122449,4.209090909090908
280570,SE,1,Critico,0.7329717880846469,29.268292682926827,4.443846153846154
280580,SE,1,Critico,0.7087579490233853,43.47826086956522,4.138124999999999
280590,SE,1,Critico,0.8032946682245626,25.0,4.4075
280600,SE,1,Critico,0.6765908085239655,34.146341463414636,4.545000000000001
280610,SE,1,Critico,0.7026620067002997,40.54054054054054,4.68
280620,SE,1,Critico,0.6877115878179921,38.46153846153847,4.321666666666666
280630,SE,1,Critico,0.8113315084956452,36.36363636363637,4.198333333333332
280640,SE,1,Critico,0.7960925652878101,27.500000000000004,4.32
280660,SE,1,Critico,0.6968140222863451,26.190476190476193,4.550000000000001
280670,SE,3,Atencao,0.5263973331202841,57.94701986754966,4.5779411764705875
280680,SE,1,Critico,0.770319162219782,37.93103448275862,4.34
280710,SE,1,Critico,0.7108021888959472,37.24137931034483,4.362592592592593
280720,SE,1,Critico,0.5890495781170412,34.48275862068966,4.322
280740,SE,3,Atencao,0.6377681732989064,48.38709677419355,4.298260869565218
280750,SE,3,Atencao,0.6539811196371474,42.857142857142854,4.127142857142857
280760,SE,1,Critico,0.7617317638144689,38.80597014925373,4.340714285714286
290010,BA,1,Critico,0.6991013791333969,42.857142857142854,4.484
290020,BA,1,Critico,0.8140484635088541,22.535211267605636,4.102307692307693
290030,BA,1,Critico,0.7136696592562758,40.0,4.076666666666667
290035,BA,1,Critico,0.6412293992060272,34.146341463414636,4.04375
290040,BA,1,Critico,0.7909704524609922,25.925925925925924,4.203749999999999
290060,BA,1,Critico,0.7785846088184231,40.0,4.445
290070,BA,1,Critico,0.7284289051352085,35.38461538461539,4.497222222222222
290080,BA,1,Critico,0.7037263957692393,36.44859813084112,4.544615384615384
290090,BA,1,Critico,0.766501943479223,26.923076923076923,4.21
290100,BA,3,Atencao,0.5779862005425207,59.22330097087378,4.313076923076923
290110,BA,3,Atencao,0.6793672792650204,53.57142857142857,4.33
290115,BA,1,Critico,0.7162885481302024,37.234042553191486,4.399166666666666
290120,BA,1,Critico,0.7308269563362904,30.612244897959183,4.433333333333334
290130,BA,3,Atencao,0.6219082119829789,40.816326530612244,4.332222222222222
290135,BA,1,Critico,0.7741651016157107,38.46153846153847,4.20625
290140,BA,1,Critico,0.7288183832205348,28.26086956521739,4.59625
290150,BA,3,Atencao,0.6387122269620789,47.22222222222222,4.406
290160,BA,1,Critico,0.7357331465087059,36.36363636363637,4.234285714285714
290170,BA,1,Critico,0.7748292547266408,33.33333333333333,4.232500000000001
290180,BA,1,Critico,0.7607622029315364,21.428571428571427,4.37375
290190,BA,1,Critico,0.8445313112001688,17.17171717171717,3.9890000000000003
290195,BA,1,Critico,0.7035448606423633,37.93103448275862,4.510000000000001
290200,BA,1,Critico,0.7205727489255794,44.11764705882353,4.495454545454545
290205,BA,1,Critico,0.7122549203790719,39.130434782608695,4.3375
290210,BA,1,Critico,0.8209468264685675,21.428571428571427,4.153333333333334
290220,BA,1,Critico,0.8316619927458543,21.428571428571427,4.4079999999999995
290225,BA,1,Critico,0.8445716645121475,6.896551724137931,4.2425
290230,BA,1,Critico,0.5576376800357394,45.714285714285715,4.282857142857143
290240,BA,1,Critico,0.7052627907776554,54.761904761904766,4.3566666666666665
290250,BA,1,Critico,0.7049764575649147,26.865671641791046,4.586153846153847
290260,BA,1,Critico,0.718512639419298,36.58536585365854,4.248181818181818
290265,BA,1,Critico,0.7713507689080775,35.294117647058826,4.221666666666668
290270,BA,1,Critico,0.7825854753830728,26.633165829145728,4.221590909090909
290280,BA,3,Atencao,0.6142174711307025,44.66019417475729,4.5627272727272725
290290,BA,1,Critico,0.7445367520914962,31.343283582089555,4.382777777777776
290300,BA,1,Critico,0.7127513232275063,36.11111111111111,4.199999999999999
290320,BA,1,Critico,0.7111258572733294,40.57971014492754,4.727358490566038
290323,BA,1,Critico,0.7852794478157152,26.08695652173913,4.2975
290327,BA,1,Critico,0.6333518340423183,39.53488372093023,4.498181818181818
290330,BA,1,Critico,0.7371364824866656,30.303030303030305,4.345
290340,BA,1,Critico,0.7339217422703747,35.44303797468354,4.423333333333333
290350,BA,1,Critico,0.668415315717399,42.10526315789473,4.481
290360,BA,1,Critico,0.7911768083559096,16.666666666666664,4.072727272727272
290370,BA,3,Atencao,0.6333337205518296,51.66666666666667,4.512727272727273
290380,BA,1,Critico,0.7599495728463393,29.310344827586203,4.106666666666667
290390,BA,1,Critico,0.7366267604886381,35.973597359735976,4.3163888888888895
290395,BA,1,Critico,0.7305837789738572,29.411764705882355,4.3244444444444445
290400,BA,3,Atencao,0.6249489058455615,43.13725490196079,4.5633333333333335
290405,BA,1,Critico,0.694787775786597,41.66666666666667,4.364999999999999
290410,BA,1,Critico,0.7290737362690155,41.269841269841265,4.235714285714286
290420,BA,2,Intermediario,0.5250073753271994,58.06451612903226,4.498
290430,BA,3,Atencao,0.5825859805280822,53.44827586206896,4.424285714285714
290440,BA,1,Critico,0.6698243963441304,48.484848484848484,4.527142857142858
290460,BA,3,Atencao,0.6038260569508778,53.66795366795367,4.652692307692309
290470,BA,1,Critico,0.7924884191459973,26.666666666666668,4.306000000000001
290480,BA,3,Atencao,0.5721525291796636,44.0,4.553333333333334
290490,BA,1,Critico,0.7698175740982743,27.0,4.318823529411764
290500,BA,3,Atencao,0.586872127176996,47.05882352941176,4.731428571428572
290520,BA,1,Critico,0.6459274128891356,40.44943820224719,4.511935483870969
290530,BA,1,Critico,0.7956824500936742,21.73913043478261,4.361111111111112
290540,BA,1,Critico,0.7329334074901526,37.755102040816325,4.308333333333334
290550,BA,1,Critico,0.8122441007678161,32.075471698113205,4.301
290560,BA,1,Critico,0.7540424102744127,28.235294117647058,4.4
290570,BA,1,Critico,0.7301214337961462,36.788990825688074,4.669750000000002
290580,BA,1,Critico,0.7912855915317697,24.0,4.281363636363636
290590,BA,1,Critico,0.7484009668423551,33.82352941176471,4.316249999999998
290600,BA,1,Critico,0.7107051624792128,39.83402489626556,4.345882352941177
290610,BA,1,Critico,0.7549784663430043,31.428571428571427,4.245555555555556
290620,BA,1,Critico,0.7607049960033108,33.9622641509434,4.355384615384615
290630,BA,1,Critico,0.7800740350363756,32.773109243697476,4.43
290650,BA,1,Critico,0.731469947583265,31.555555555555554,4.540857142857144
290660,BA,3,Atencao,0.6296733202918572,51.06382978723404,4.694285714285715
290670,BA,1,Critico,0.7205575124240833,27.631578947368425,4.548333333333332
290680,BA,1,Critico,0.7973960319299266,31.03448275862069,4.271000000000001
290682,BA,1,Critico,0.7992737960875087,14.545454545454545,4.2942857142857145
290685,BA,1,Critico,0.680086941461979,51.724137931034484,4.403333333333334
290687,BA,1,Critico,0.7802910865779845,23.958333333333336,4.514615384615385
290689,BA,1,Critico,0.6582654083398283,44.11764705882353,4.33
290690,BA,1,Critico,0.6354528233661522,41.57303370786517,4.4174999999999995
290700,BA,1,Critico,0.7559641217184169,30.434782608695656,4.437142857142857
290710,BA,1,Critico,0.7633891858724007,27.049180327868854,4.317222222222222
290720,BA,1,Critico,0.8668860751775623,18.385650224215247,4.299310344827586
290730,BA,1,Critico,0.7042129568157272,37.634408602150536,4.373846153846155
290750,BA,1,Critico,0.6648067731349908,35.51401869158878,4.624999999999998
290755,BA,3,Atencao,0.595390094309921,65.38461538461539,4.478
290760,BA,1,Critico,0.7735519025934512,21.62162162162162,4.211
290770,BA,1,Critico,0.7279327365675421,37.5,4.228750000000001
290780,BA,1,Critico,0.735371072456505,25.423728813559322,4.257499999999999
290790,BA,1,Critico,0.7768142941655419,28.915662650602407,4.198181818181818
290800,BA,1,Critico,0.7060406594998617,36.36363636363637,4.402727272727272
290810,BA,3,Atencao,0.5854455359752847,46.57534246575342,4.4
290820,BA,1,Critico,0.7645859597048595,28.35820895522388,4.484545454545454
290840,BA,1,Critico,0.7646915685726324,26.737967914438503,4.515937500000001
290850,BA,1,Critico,0.720956927526468,36.734693877551024,4.4175
290860,BA,1,Critico,0.7256315692761514,36.76470588235294,4.054666666666668
290890,BA,1,Critico,0.8076448121308665,26.865671641791046,4.266363636363637
290900,BA,3,Atencao,0.48821077048987194,72.72727272727273,4.625
290910,BA,3,Atencao,0.679386623422487,50.847457627118644,4.447142857142857
290920,BA,1,Critico,0.755711730708968,38.70967741935484,4.329999999999999
290930,BA,1,Critico,0.7438217564479186,32.72727272727273,4.469047619047619
290940,BA,1,Critico,0.6657376295392281,46.808510638297875,4.366923076923078
290960,BA,3,Atencao,0.62443806812379,47.540983606557376,4.216666666666667
290970,BA,3,Atencao,0.645362172115349,47.91666666666667,4.54125
290980,BA,1,Critico,0.7360069484268769,36.76470588235294,4.495555555555557
290990,BA,1,Critico,0.7920628653170442,24.418604651162788,4.271818181818183
291000,BA,1,Critico,0.6887973971532096,42.5531914893617,4.377142857142857
291005,BA,1,Critico,0.7388786646414278,30.472103004291846,4.554736842105264
291010,BA,3,Atencao,0.630307002809063,44.642857142857146,4.442500000000001
291030,BA,1,Critico,0.7296608642189681,28.57142857142857,4.39
291040,BA,1,Critico,0.6771271464621098,39.0625,4.35
291060,BA,1,Critico,0.8209096844802234,20.28985507246377,4.34923076923077
291070,BA,1,Critico,0.7498202626420989,32.065217391304344,4.379999999999999
291072,BA,1,Critico,0.724583111655116,37.15846994535519,4.646176470588235
291075,BA,3,Atencao,0.6343762701075245,52.77777777777778,4.148
291077,BA,3,Atencao,0.5753736475307267,68.0,4.438
291080,BA,1,Critico,0.7500350627162707,32.996632996633,4.561403508771931
291085,BA,1,Critico,0.7789443833369402,22.22222222222222,4.364615384615385
291100,BA,1,Critico,0.7655983285686413,20.689655172413794,4.459999999999999
291110,BA,1,Critico,0.807484524148217,25.0,4.336428571428572
291120,BA,1,Critico,0.6849205549357065,33.72093023255814,4.3500000000000005
291130,BA,3,Atencao,0.5979543384778844,54.166666666666664,4.593333333333334
291140,BA,1,Critico,0.7860332753267637,23.076923076923077,4.259090909090908
291150,BA,1,Critico,0.6714780784645188,33.33333333333333,4.443333333333333
291160,BA,1,Critico,0.7484545129028475,33.33333333333333,4.503076923076923
291165,BA,1,Critico,0.7413401845003557,32.25806451612903,4.638
291170,BA,3,Atencao,0.6093826794931311,47.63406940063091,4.661851851851852
291180,BA,1,Critico,0.818555195540348,15.789473684210526,4.499999999999999
291185,BA,1,Critico,0.7462587874467325,43.47826086956522,4.1525
291190,BA,1,Critico,0.8018241266753261,25.0,4.200666666666665
291200,BA,3,Atencao,0.44280803446127365,54.54545454545454,4.776
291220,BA,1,Critico,0.7635218625944024,28.57142857142857,4.531000000000001
291230,BA,3,Atencao,0.5390804444555921,60.526315789473685,4.32625
291240,BA,1,Critico,0.7378162940771215,33.89830508474576,4.52
291250,BA,1,Critico,0.623080876322896,34.78260869565217,4.523636363636364
291270,BA,1,Critico,0.7909695267619088,22.82608695652174,4.386153846153847
291280,BA,3,Atencao,0.5711597430998835,56.09756097560976,4.581666666666667
291290,BA,1,Critico,0.7319157640843109,36.0,4.431818181818182
291300,BA,3,Atencao,0.6083091380502317,50.0,4.491111111111112
291310,BA,1,Critico,0.7864259178860326,26.82926829268293,4.52
291320,BA,1,Critico,0.6917678445637513,37.903225806451616,4.510666666666666
291340,BA,3,Atencao,0.583405335868778,48.214285714285715,4.493
291345,BA,1,Critico,0.7165348724502808,30.434782608695656,4.2749999999999995
291350,BA,1,Critico,0.6451782439441724,37.735849056603776,4.415555555555556
291360,BA,1,Critico,0.7732718472216876,29.883138564273793,4.4512068965517235
291370,BA,1,Critico,0.7740355401314059,27.722772277227726,4.296499999999999
291380,BA,1,Critico,0.6863202842569972,42.857142857142854,4.26
291390,BA,1,Critico,0.7672875631391307,24.81203007518797,4.473571428571429
291400,BA,1,Critico,0.7559834682382687,32.972972972972975,4.188857142857142
291410,BA,3,Atencao,0.44509652555125445,61.53846153846154,4.676
291420,BA,3,Atencao,0.5884138695044642,40.0,4.508
291440,BA,1,Critico,0.6657886153692414,40.42553191489361,4.3076923076923075
291460,BA,3,Atencao,0.6359630875430284,44.15094339622642,4.5147619047619045
291465,BA,1,Critico,0.7845759824678189,29.71014492753623,4.532
291470,BA,1,Critico,0.6637731751881801,40.51282051282051,4.426538461538461
291480,BA,1,Critico,0.762256743721825,28.82096069868996,4.44673469387755
291490,BA,1,Critico,0.7561361224479892,31.63265306122449,4.404444444444444
291500,BA,3,Atencao,0.6481735746097061,47.5,4.362727272727272
291510,BA,1,Critico,0.7787967287708074,31.818181818181817,4.055000000000001
291520,BA,1,Critico,0.6852934595084288,39.743589743589745,4.445
291530,BA,1,Critico,0.7634581785379757,24.242424242424242,4.383333333333334
291535,BA,1,Critico,0.7766839560057275,24.489795918367346,4.225384615384615
291540,BA,1,Critico,0.8428999479603791,18.51851851851852,4.473333333333334
291550,BA,1,Critico,0.7449782005883604,38.46153846153847,4.386
291560,BA,1,Critico,0.6699135815965144,42.96875,4.2778125
291570,BA,1,Critico,0.6650039213008233,36.0,4.2225
291580,BA,1,Critico,0.799140871523743,24.175824175824175,4.4786666666666655
291610,BA,1,Critico,0.729390654787982,43.75,4.477499999999999
291620,BA,1,Critico,0.7508129035258514,31.818181818181817,4.422499999999999
291630,BA,1,Critico,0.8088269139944861,24.0,4.506666666666667
291640,BA,1,Critico,0.7198174131673585,43.04932735426009,4.653333333333332
291650,BA,3,Atencao,0.6567690248581702,44.96124031007752,4.171333333333333
291660,BA,1,Critico,0.7564972362018626,31.818181818181817,4.430000000000001
291670,BA,1,Critico,0.7289172867753533,34.375,4.27
291680,BA,1,Critico,0.6791285048765662,38.983050847457626,4.452500000000001
291685,BA,3,Atencao,0.5540803510042884,46.05263157894737,4.306666666666667
291690,BA,1,Critico,0.7438436189502704,30.434782608695656,4.45
291700,BA,1,Critico,0.8013174788083488,22.429906542056074,4.227407407407408
291710,BA,3,Atencao,0.6734905223426391,49.01960784313725,4.418181818181818
291720,BA,3,Atencao,0.5782405718415152,45.88235294117647,4.5218181818181815
291730,BA,1,Critico,0.6941263442387168,28.07017543859649,4.48
291733,BA,1,Critico,0.706547181992516,34.375,4.258
291735,BA,1,Critico,0.6466704637205919,38.63636363636363,4.488
291740,BA,2,Intermediario,0.48771667274263997,67.56756756756756,4.601249999999999
291750,BA,1,Critico,0.7698890534339621,30.522088353413658,4.480434782608695
291760,BA,3,Atencao,0.5840402324014246,52.67857142857143,4.247000000000001
291770,BA,1,Critico,0.7262275225637523,39.04761904761905,4.436153846153847
291780,BA,1,Critico,0.725942975695512,35.08771929824561,4.336875
291790,BA,3,Atencao,0.6539273650349235,45.45454545454545,4.098571428571428
291800,BA,1,Critico,0.7021495715683781,38.93557422969188,4.5058139534883725
291810,BA,1,Critico,0.7793113955219403,31.25,4.263478260869567
291830,BA,1,Critico,0.731287976982981,34.090909090909086,4.197000000000001
291835,BA,1,Critico,0.6412228439659816,44.554455445544555,4.203846153846154
291840,BA,1,Critico,0.7671385457318315,29.526462395543174,4.497471264367817
291850,BA,1,Critico,0.7577116398562579,44.0,4.271111111111111
291855,BA,1,Critico,0.7419633790973529,25.0,4.386666666666667
291880,BA,1,Critico,0.6202286261204019,45.09803921568628,4.385999999999999
291910,BA,1,Critico,0.8280759433160905,20.0,4.164285714285715
291915,BA,1,Critico,0.8004195652216524,30.075187969924812,4.451333333333333
291920,BA,1,Critico,0.7732453973769657,31.2280701754386,4.578983050847457
291930,BA,1,Critico,0.720766970004569,46.666666666666664,4.52
291940,BA,0,Consolidado,0.3668917715923197,75.75757575757575,4.5275
291950,BA,1,Critico,0.7055235158643692,38.75,4.568999999999999
291955,BA,1,Critico,0.7410574669346464,28.622540250447226,4.895666666666667
291960,BA,1,Critico,0.8019866347797162,23.52941176470588,3.8840000000000003
291970,BA,3,Atencao,0.6259569523352004,50.68493150684932,4.497142857142857
291980,BA,1,Critico,0.7083955157389927,32.29166666666667,4.339285714285715
291992,BA,1,Critico,0.7446027744027198,27.27272727272727,4.583333333333333
291995,BA,3,Atencao,0.5155848932219376,50.0,4.545
292000,BA,1,Critico,0.7503160820859156,23.076923076923077,4.4425
292010,BA,1,Critico,0.724538276393796,42.30769230769231,4.141666666666666
292020,BA,1,Critico,0.7610866999988329,23.943661971830984,4.271666666666667
292030,BA,3,Atencao,0.36833142998608204,72.72727272727273,4.1850000000000005
292040,BA,1,Critico,0.6852349055979006,29.166666666666668,4.455555555555555
292045,BA,1,Critico,0.7514394850879654,44.827586206896555,4.374545454545454
292050,BA,1,Critico,0.5905610586442411,48.57142857142857,4.570909090909091
292060,BA,1,Critico,0.5856455846928337,40.845070422535215,4.108571428571427
292080,BA,1,Critico,0.8298108751752282,12.903225806451612,4.458749999999998
292090,BA,1,Critico,0.7965310417774336,10.909090909090908,4.27
292100,BA,3,Atencao,0.5388526296044455,53.13807531380753,4.595714285714287
292105,BA,3,Atencao,0.6509070391369517,44.89795918367347,4.303333333333333
292110,BA,3,Atencao,0.594136695669122,49.557522123893804,4.514375
292120,BA,1,Critico,0.6656737565134626,34.78260869565217,4.208461538461538
292130,BA,1,Critico,0.7075872943095629,37.83783783783784,4.382000000000001
292140,BA,1,Critico,0.7613930595428025,38.095238095238095,4.4023076923076925
292145,BA,3,Atencao,0.6044576931307183,55.172413793103445,4.508
292150,BA,1,Critico,0.7743752326232041,25.0,4.206206896551725
292160,BA,1,Critico,0.7492206688609928,26.82926829268293,4.1325
292170,BA,1,Critico,0.7499992409429315,31.818181818181817,4.291363636363637
292180,BA,3,Atencao,0.43038120237015604,72.09302325581395,4.457777777777778
292190,BA,1,Critico,0.6709507641109698,45.714285714285715,4.418888888888889
292200,BA,3,Atencao,0.6112872177812694,49.63503649635037,4.579999999999999
292205,BA,1,Critico,0.8005930414208965,35.8974358974359,4.40625
292210,BA,1,Critico,0.7678801510247385,24.444444444444443,4.346153846153846
292220,BA,3,Atencao,0.6471169343003351,57.14285714285714,4.324
292225,BA,1,Critico,0.7916870539891915,27.77777777777778,4.260909090909091
292230,BA,1,Critico,0.6963017881058954,35.2112676056338,4.375000000000001
292240,BA,3,Atencao,0.5634636293647295,50.90909090909091,4.548571428571429
292260,BA,3,Atencao,0.6532054944525643,51.42857142857142,4.2524999999999995
292265,BA,1,Critico,0.7775925394868346,25.0,4.182857142857143
292270,BA,1,Critico,0.7485876016053852,24.489795918367346,4.402222222222222
292273,BA,3,Atencao,0.6795081256314498,48.0,4.325
292275,BA,3,Atencao,0.5845237378287645,50.0,4.163333333333333
292280,BA,1,Critico,0.7257840312544928,30.76923076923077,4.244
292285,BA,1,Critico,0.7527533950480467,15.0,4.315
292290,BA,1,Critico,0.7877278217347444,30.0,4.162
292300,BA,3,Atencao,0.6108436730098147,49.275362318840585,4.556111111111111
292303,BA,3,Atencao,0.4145409057092441,50.0,4.723333333333333
292305,BA,1,Critico,0.7628353573687544,26.31578947368421,4.373333333333333
292310,BA,1,Critico,0.7847114409088006,31.818181818181817,4.173333333333334
292320,BA,1,Critico,0.703911767453617,37.07865168539326,4.353846153846154
292330,BA,1,Critico,0.6489775733315631,40.0,4.1225
292335,BA,1,Critico,0.7857552375610763,25.925925925925924,4.395555555555556
292340,BA,1,Critico,0.6774899890095307,39.285714285714285,4.388888888888888
292350,BA,1,Critico,0.6615595980475824,54.285714285714285,4.632000000000001
292360,BA,3,Atencao,0.6165127272146455,52.17391304347826,4.655
292370,BA,1,Critico,0.8142937630851201,22.429906542056074,4.348000000000001
292380,BA,3,Atencao,0.6470648460382545,51.80722891566265,4.248749999999999
292390,BA,1,Critico,0.7318224477298785,32.69230769230769,4.35
292400,BA,1,Critico,0.7856214944742724,28.967254408060455,4.532727272727273
292420,BA,1,Critico,0.8082868260456719,16.666666666666664,3.9755555555555557
292430,BA,1,Critico,0.6398519268008748,45.26315789473684,4.553076923076923
292440,BA,1,Critico,0.8086758992141547,16.312056737588655,3.8923999999999994
292450,BA,3,Atencao,0.5086300919933602,51.85185185185185,4.494
292460,BA,1,Critico,0.7208015575581757,40.476190476190474,4.503636363636363
292465,BA,3,Atencao,0.5626828281839481,32.0,4.5175
292470,BA,3,Atencao,0.503891640427772,51.85185185185185,4.659999999999999
292480,BA,1,Critico,0.6505228572336399,31.57894736842105,4.246363636363637
292490,BA,1,Critico,0.6000401869152714,42.30769230769231,4.3100000000000005
292500,BA,1,Critico,0.7450121137577255,21.052631578947366,4.511818181818182
292510,BA,1,Critico,0.659822697575198,45.98930481283423,4.503666666666667
292520,BA,3,Atencao,0.5165340914236244,51.96850393700787,4.522666666666666
292525,BA,1,Critico,0.7646372541512853,28.04878048780488,4.415454545454545
292530,BA,3,Atencao,0.6221219601780432,44.707207207207205,4.631153846153845
292540,BA,1,Critico,0.7778580842794304,30.76923076923077,4.4590000000000005
292550,BA,1,Critico,0.7093541391086857,40.0,4.333043478260869
292560,BA,1,Critico,0.8360399904185962,30.76923076923077,4.571818181818181
292570,BA,1,Critico,0.764340368858635,32.142857142857146,4.361666666666666
292580,BA,1,Critico,0.77362631777661,27.160493827160494,4.333846153846154
292590,BA,1,Critico,0.7179691192085835,35.41666666666667,4.166363636363637
292593,BA,3,Atencao,0.5723335361974404,64.28571428571429,4.512499999999999
292595,BA,1,Critico,0.6654518195543616,38.75,4.22
292600,BA,1,Critico,0.765796009752686,28.26086956521739,4.26
292610,BA,1,Critico,0.8222143943654218,22.916666666666664,4.478571428571429
292630,BA,1,Critico,0.7143027364421561,36.84210526315789,4.327058823529412
292640,BA,1,Critico,0.5972862819866064,49.494949494949495,4.381333333333334
292650,BA,1,Critico,0.7635474473522955,36.92307692307693,4.106363636363636
292660,BA,1,Critico,0.698728686089849,33.50515463917525,4.353928571428572
292665,BA,1,Critico,0.5911365855478466,37.03703703703704,4.445714285714286
292670,BA,3,Atencao,0.5528187513489843,53.333333333333336,4.77375
292680,BA,3,Atencao,0.5306668581389656,47.5,4.614285714285714
292700,BA,1,Critico,0.696733797379285,38.582677165354326,4.078095238095239
292710,BA,1,Critico,0.7814545795009893,16.9811320754717,4.550000000000001
292720,BA,1,Critico,0.7403010494353621,33.33333333333333,4.182666666666667
292730,BA,3,Atencao,0.6191628231336224,53.0,4.531538461538462
292740,BA,1,Critico,0.6986835296339422,39.02390438247012,4.520567226890756
292750,BA,1,Critico,0.7860011852125204,33.33333333333333,4.2254545454545465
292760,BA,1,Critico,0.7790925255653945,24.561403508771928,4.234285714285714
292770,BA,1,Critico,0.6873686643325988,36.41618497109826,4.616470588235295
292780,BA,1,Critico,0.6690662351089786,16.666666666666664,4.413333333333333
292790,BA,3,Atencao,0.6052525573187358,45.45454545454545,4.526666666666666
292800,BA,1,Critico,0.7908646557529636,25.806451612903224,4.362666666666667
292805,BA,1,Critico,0.7621004856945306,29.411764705882355,4.172
292810,BA,1,Critico,0.77118262738091,28.8135593220339,4.282000000000001
292820,BA,1,Critico,0.7357489301844174,32.967032967032964,4.302941176470589
292840,BA,1,Critico,0.6792389983860944,39.130434782608695,4.3015384615384615
292850,BA,1,Critico,0.7864210075519599,44.827586206896555,4.358333333333334
292860,BA,1,Critico,0.6836093850190433,46.24277456647399,4.402424242424243
292870,BA,1,Critico,0.7091065345512536,38.095238095238095,4.531290322580645
292880,BA,1,Critico,0.7579253443400505,36.04060913705584,4.527200000000001
292890,BA,3,Atencao,0.5986467190677204,47.59036144578313,4.473000000000001
292895,BA,1,Critico,0.6732650826439868,45.0,4.5840000000000005
292900,BA,1,Critico,0.754678337793089,37.142857142857146,4.239999999999999
292905,BA,3,Atencao,0.6384088790245032,48.19277108433735,4.427777777777778
292910,BA,1,Critico,0.6405558973752782,38.70967741935484,4.1535714285714285
292920,BA,1,Critico,0.7804464148402592,26.47058823529412,4.582173913043478
292925,BA,1,Critico,0.7409457464014251,35.294117647058826,4.235
292930,BA,1,Critico,0.7515387688354972,33.70786516853933,4.364666666666666
292935,BA,1,Critico,0.7800758675509548,26.666666666666668,4.26
292937,BA,1,Critico,0.7886242024960437,19.35483870967742,4.385999999999999
292940,BA,3,Atencao,0.7583344608136662,80.0,4.373333333333334
292950,BA,1,Critico,0.6130821280465693,52.57731958762887,4.492500000000001
292960,BA,3,Atencao,0.47517513027805763,62.5,4.241999999999999
292970,BA,1,Critico,0.8089282575241085,27.586206896551722,4.247777777777777
292975,BA,3,Atencao,0.5924223025946209,53.84615384615385,4.361111111111111
292980,BA,1,Critico,0.8333786116544757,5.714285714285714,4.384444444444445
292990,BA,1,Critico,0.6644528319515909,37.857142857142854,4.505599999999999
293000,BA,3,Atencao,0.5679081919935502,46.42857142857143,4.574285714285715
293010,BA,1,Critico,0.8228504882299387,23.214285714285715,4.4237931034482765
293015,BA,1,Critico,0.7625906729167795,28.57142857142857,4.4796
293020,BA,1,Critico,0.8029254004247517,21.29032258064516,4.376153846153846
293030,BA,1,Critico,0.7533228775485012,28.57142857142857,4.3475
293040,BA,1,Critico,0.7350552721673259,32.25806451612903,4.227500000000001
293050,BA,1,Critico,0.8219963016205007,25.252525252525253,4.341304347826086
293060,BA,1,Critico,0.7688324219750835,27.27272727272727,4.387142857142857
293070,BA,1,Critico,0.6588849974029559,40.35087719298245,4.523559322033899
293076,BA,1,Critico,0.6479094849925,34.61538461538461,4.188000000000001
293077,BA,1,Critico,0.7570952841492112,26.61290322580645,4.555
293080,BA,1,Critico,0.7679079035114859,22.22222222222222,4.2772727272727264
293090,BA,1,Critico,0.6889195848340393,42.10526315789473,4.25875
293100,BA,3,Atencao,0.5618115340173517,55.932203389830505,4.487692307692307
293105,BA,3,Atencao,0.45403398490450636,64.70588235294117,4.5600000000000005
293110,BA,1,Critico,0.7948210524458947,18.75,4.42
293120,BA,3,Atencao,0.6562400885070218,48.07692307692308,4.24
293130,BA,1,Critico,0.7114459243431389,42.0,4.056666666666667
293135,BA,1,Critico,0.6390900162580451,45.542635658914726,4.676153846153846
293140,BA,1,Critico,0.7291118029436902,21.73913043478261,4.406
293150,BA,1,Critico,0.7749419589178376,26.582278481012654,4.287857142857144
293160,BA,3,Atencao,0.6265412270126692,47.27272727272727,4.294444444444445
293170,BA,1,Critico,0.7852503432573572,24.137931034482758,4.355
293180,BA,3,Atencao,0.6233836409640061,55.88235294117647,4.327777777777778
293190,BA,1,Critico,0.7438129494920388,30.630630630630627,4.395714285714286
293200,BA,1,Critico,0.648394273029188,39.24050632911392,4.416666666666666
293210,BA,3,Atencao,0.676509413155372,57.99999999999999,4.329999999999999
293220,BA,1,Critico,0.7685107933331055,35.13513513513514,4.3925
293230,BA,1,Critico,0.7031717328304644,45.65217391304348,4.30090909090909
293240,BA,1,Critico,0.7647875558642915,26.666666666666668,4.332222222222223
293245,BA,1,Critico,0.808028424576508,16.94915254237288,4.458
293250,BA,3,Atencao,0.6119107063187251,52.459016393442624,4.407
293260,BA,3,Atencao,0.5983080007819729,52.17391304347826,4.646999999999999
293270,BA,1,Critico,0.7760115414100182,25.64102564102564,4.368571428571429
293280,BA,1,Critico,0.738420552244454,30.0,4.222222222222222
293290,BA,1,Critico,0.7607619496883886,29.646017699115045,4.359047619047619
293300,BA,1,Critico,0.7360513578900838,25.71428571428571,4.455333333333334
293305,BA,1,Critico,0.7729367697379567,17.142857142857142,4.29
293310,BA,1,Critico,0.658693473062005,46.15384615384615,4.346
293315,BA,1,Critico,0.8073252520028962,34.54545454545455,4.366666666666666
293317,BA,1,Critico,0.6512473618914857,48.0,4.258
293320,BA,1,Critico,0.7012969807735916,40.243902439024396,4.5464
293325,BA,3,Atencao,0.5233674702054459,65.0,4.6
293330,BA,1,Critico,0.6346884499640134,46.07113316790736,4.679462365591398
293340,BA,3,Atencao,0.6065150974693462,44.44444444444444,4.29
293345,BA,3,Atencao,0.5562921157775075,56.92307692307692,4.486666666666666
293350,BA,1,Critico,0.7204063314355436,43.54838709677419,4.206666666666667
293360,BA,1,Critico,0.7559665351813709,32.64248704663213,4.295862068965518
310010,MG,0,Consolidado,0.24427315419794618,81.81818181818183,5.08
310020,MG,2,Intermediario,0.4050625035019566,71.25,5.057142857142858
310030,MG,2,Intermediario,0.24279241312771002,86.95652173913044,4.966666666666667
310080,MG,0,Consolidado,0.1167701607876253,87.5,5.183333333333334
310100,MG,3,Atencao,0.509156204923284,54.166666666666664,4.67625
310110,MG,2,Intermediario,0.4886989937623195,52.475247524752476,5.01357142857143
310120,MG,0,Consolidado,0.31887106906174767,80.0,5.055
310140,MG,0,Consolidado,0.24501692325830898,80.0,5.205
310150,MG,2,Intermediario,0.4628069390227077,65.0,4.804615384615383
310160,MG,2,Intermediario,0.4457127933450958,65.59139784946237,5.214210526315789
310163,MG,0,Consolidado,0.31817171374945613,83.33333333333334,5.513333333333334
310170,MG,1,Critico,0.6261553060301444,45.02923976608187,4.585000000000001
310180,MG,2,Intermediario,0.4643224550516213,56.00000000000001,5.05
310190,MG,2,Intermediario,0.46795287452149475,60.86956521739131,5.28
310200,MG,0,Consolidado,0.33364589620069784,79.62962962962963,5.152
310205,MG,0,Consolidado,0.1731380485301407,89.1891891891892,5.013333333333334
310220,MG,0,Consolidado,0.3198584263648562,71.42857142857143,4.640000000000001
310230,MG,2,Intermediario,0.38216936028869514,75.67567567567568,4.865
310240,MG,3,Atencao,0.49140337743708373,50.0,4.3933333333333335
310260,MG,2,Intermediario,0.4171750977021911,71.22302158273382,5.272307692307693
310270,MG,3,Atencao,0.41471847770060016,64.0,4.476666666666667
310285,MG,3,Atencao,0.36307962424816564,69.23076923076923,4.406666666666666
310290,MG,2,Intermediario,0.35524616325277614,63.888888888888886,5.188333333333334
310340,MG,3,Atencao,0.4922662270544445,62.903225806451616,4.515625
310350,MG,2,Intermediario,0.5066798350168443,60.099750623441395,5.140322580645162
310370,MG,0,Consolidado,0.2998694194483532,72.0,4.6466666666666665
310375,MG,2,Intermediario,0.39755179005069086,81.3953488372093,5.125
310390,MG,0,Consolidado,0.267526985266902,81.81818181818183,5.21
310400,MG,2,Intermediario,0.36885236689037937,74.14187643020595,5.331935483870969
310410,MG,0,Consolidado,0.2127129961998092,85.18518518518519,5.053333333333334
310420,MG,0,Consolidado,0.23184080924225675,84.31372549019608,5.304999999999999
310430,MG,0,Consolidado,0.2646221673565258,77.19298245614034,5.1
310450,MG,1,Critico,0.6338393595481653,51.388888888888886,4.574
310460,MG,0,Consolidado,0.2391057418588623,88.67924528301887,5.031666666666666
310470,MG,3,Atencao,0.5233395607061412,60.46511627906976,4.492
310480,MG,3,Atencao,0.6023463570106221,52.38095238095239,4.805
310490,MG,0,Consolidado,0.33586166446473814,75.55555555555556,4.921666666666666
310500,MG,0,Consolidado,0.23743559209966048,80.95238095238095,4.832
310510,MG,2,Intermediario,0.3287174752825381,71.05263157894737,5.1450000000000005
310530,MG,0,Consolidado,0.22321275818233025,82.05128205128204,5.295
310540,MG,2,Intermediario,0.4729268620219238,60.0,5.26
310560,MG,2,Intermediario,0.3280043235038447,74.57627118644068,5.24076923076923
310590,MG,0,Consolidado,0.27576918290547153,69.23076923076923,5.24
310600,MG,2,Intermediario,0.4005751421663394,57.14285714285714,5.03
310620,MG,2,Intermediario,0.4345520943152468,66.56543745480839,5.205927835051548
310630,MG,2,Intermediario,0.4765915930665124,64.44444444444444,5.0687500000000005
310640,MG,0,Consolidado,0.09970854114696721,92.3076923076923,4.923333333333334
310665,MG,0,Consolidado,0.34224233995927644,76.19047619047619,4.460000000000001
310670,MG,2,Intermediario,0.46365666759853563,61.07462686567165,5.2175
310690,MG,2,Intermediario,0.49432046984705685,47.61904761904761,5.072
310710,MG,2,Intermediario,0.39272839679272203,64.55696202531645,5.062307692307693
310720,MG,3,Atencao,0.4737073013145659,59.09090909090909,5.0600000000000005
310730,MG,2,Intermediario,0.3079901442605537,73.96449704142012,4.67625
310740,MG,2,Intermediario,0.4158937680520195,57.92349726775956,5.221538461538461
310750,MG,2,Intermediario,0.5375402499099231,64.28571428571429,5.105
310760,MG,2,Intermediario,0.4072709284673341,70.83333333333334,4.97
310780,MG,0,Consolidado,0.2837673117754295,83.33333333333334,4.841666666666667
310790,MG,2,Intermediario,0.46846808928953915,53.62318840579711,5.205
310800,MG,0,Consolidado,0.30900231517564974,79.62962962962963,4.7139999999999995
310810,MG,0,Consolidado,0.3022278920564068,83.33333333333334,5.095000000000001
310820,MG,2,Intermediario,0.34744453047920104,60.71428571428571,5.033333333333333
310825,MG,3,Atencao,0.5534234527368014,54.166666666666664,4.26375
310830,MG,0,Consolidado,0.3211227320290696,71.9298245614035,5.264285714285714
310840,MG,0,Consolidado,0.30457021118237637,77.58620689655173,5.064
310855,MG,0,Consolidado,0.3088193630351962,84.04255319148936,4.9
310860,MG,0,Consolidado,0.31546446566119146,82.5,4.481428571428571
310890,MG,2,Intermediario,0.4402711469557289,58.82352941176471,5.128181818181818
310900,MG,2,Intermediario,0.28064585387221747,82.14285714285714,5.434375
310910,MG,2,Intermediario,0.35780498294771207,61.29032258064516,5.15
310920,MG,0,Consolidado,0.2563815910827225,76.92307692307693,4.695
310930,MG,3,Atencao,0.5049548015203781,57.57575757575758,4.692500000000001
310940,MG,3,Atencao,0.5842289027949585,40.36697247706422,4.572307692307693
310945,MG,3,Atencao,0.599868566965057,54.83870967741935,4.912
310950,MG,2,Intermediario,0.2746892717238565,80.0,5.112
310970,MG,2,Intermediario,0.3670906319332602,65.3061224489796,5.168333333333333
310990,MG,2,Intermediario,0.4318374875441917,66.0,5.17
311000,MG,2,Intermediario,0.35237169471734864,74.50980392156863,5.277777777777779
311030,MG,2,Intermediario,0.46226718867262934,68.85245901639344,5.3475
311050,MG,2,Intermediario,0.5284456602236726,53.0,5.177142857142856
311060,MG,2,Intermediario,0.3338948988975132,71.81818181818181,5.2909999999999995
311070,MG,0,Consolidado,0.33452651497017266,78.26086956521739,5.032
311090,MG,3,Atencao,0.5283885690195959,53.57142857142857,5.0075
311100,MG,0,Consolidado,0.30762727123761996,79.51807228915662,5.156666666666666
311110,MG,2,Intermediario,0.3215664250990226,80.43478260869566,5.181250000000001
311120,MG,0,Consolidado,0.29646824977181846,76.19047619047619,5.211666666666666
311130,MG,2,Intermediario,0.350589969801514,62.5,5.043333333333334
311140,MG,2,Intermediario,0.4291559702162739,63.46153846153846,5.09
311150,MG,2,Intermediario,0.47084442537994203,56.86274509803921,5.23
311160,MG,2,Intermediario,0.3911875557789446,63.888888888888886,4.975
311180,MG,3,Atencao,0.4829888851366542,61.36363636363637,5.1175
311190,MG,2,Intermediario,0.3431701209490779,70.83333333333334,5.1899999999999995
311200,MG,0,Consolidado,0.16483128689484036,88.09523809523809,5.12
311210,MG,2,Intermediario,0.4409139959368467,60.526315789473685,4.8825
311230,MG,0,Consolidado,0.32954128908166913,72.37569060773481,4.693076923076923
311260,MG,2,Intermediario,0.42629338781577203,63.888888888888886,5.202
311270,MG,2,Intermediario,0.4568396465699055,60.60606060606061,4.528888888888889
311280,MG,0,Consolidado,0.2550848715732967,88.63636363636364,5.336666666666667
311290,MG,0,Consolidado,0.3822440644657959,90.32258064516128,4.762
311300,MG,3,Atencao,0.48187781377613176,57.14285714285714,4.216666666666667
311320,MG,0,Consolidado,0.26576427083365567,76.5432098765432,5.09375
311330,MG,2,Intermediario,0.5229018721197637,62.5,4.895
311340,MG,2,Intermediario,0.4924823518953818,59.63302752293578,4.876818181818182
311350,MG,2,Intermediario,0.41504907137910096,79.48717948717949,4.903333333333333
311360,MG,0,Consolidado,0.21114208711884738,92.3076923076923,5.29
311370,MG,3,Atencao,0.5305333999033746,62.82051282051282,4.568181818181818
311390,MG,0,Consolidado,0.3141575539828063,69.23076923076923,4.8825
311400,MG,0,Consolidado,0.3229446953985016,69.04761904761905,5.03
311410,MG,0,Consolidado,0.3508104180252459,66.0377358490566,5.038
311420,MG,2,Intermediario,0.38261720656549997,65.85365853658537,5.106666666666667
311430,MG,0,Consolidado,0.2772583766500037,79.41176470588235,5.194444444444445
311440,MG,2,Intermediario,0.44150218916250006,70.49180327868852,5.192857142857143
311450,MG,0,Consolidado,0.27483062090225613,78.57142857142857,5.035714285714286
311455,MG,2,Intermediario,0.4965767744484393,55.00000000000001,5.201666666666666
311480,MG,0,Consolidado,0.27041042027880025,70.0,5.0649999999999995
311510,MG,0,Consolidado,0.31383725080779196,80.95238095238095,5.199999999999999
311530,MG,2,Intermediario,0.561271035096278,52.121212121212125,4.968095238095238
311535,MG,0,Consolidado,0.351679734310934,75.0,5.386666666666667
311545,MG,3,Atencao,0.555975015798364,48.717948717948715,4.5
311550,MG,2,Intermediario,0.34938243386916296,72.15189873417721,5.034285714285715
311570,MG,3,Atencao,0.38745549739910695,48.148148148148145,4.923333333333333
311580,MG,0,Consolidado,0.19689208962970667,96.7741935483871,5.0675
311600,MG,2,Intermediario,0.3600045403744952,78.26086956521739,4.7675
311610,MG,3,Atencao,0.533462267499305,61.111111111111114,4.361
311615,MG,3,Atencao,0.5154048496379345,62.7906976744186,4.355555555555556
311640,MG,0,Consolidado,0.25989418015907345,86.95652173913044,5.333333333333333
311650,MG,3,Atencao,0.3821544326477665,70.37037037037037,4.6125
311660,MG,2,Intermediario,0.3624217854676352,73.68421052631578,5.213636363636364
311670,MG,0,Consolidado,0.25674291108139335,61.76470588235294,5.119999999999999
311680,MG,0,Consolidado,0.2894974126529311,86.66666666666667,4.516
311710,MG,2,Intermediario,0.332509650804297,70.27027027027027,5.1475
311730,MG,2,Intermediario,0.52116878003236,54.88721804511278,4.9799999999999995
311750,MG,2,Intermediario,0.40043772593689786,67.96116504854369,4.728000000000001
311770,MG,0,Consolidado,0.21594101130795793,83.33333333333334,5.046
311780,MG,2,Intermediario,0.39314802887569683,73.80952380952381,5.164000000000001
311787,MG,2,Intermediario,0.4812988885729888,61.53846153846154,5.220000000000001
311790,MG,0,Consolidado,0.29115886958942877,83.33333333333334,5.13
311800,MG,2,Intermediario,0.4379623996142784,66.20370370370371,5.22608695652174
311820,MG,2,Intermediario,0.41151773235868794,70.0,5.04
311830,MG,2,Intermediario,0.3056192900538328,79.27063339731286,5.29763157894737
311840,MG,3,Atencao,0.4625908230487135,67.94871794871796,4.805454545454546
311860,MG,2,Intermediario,0.4567313410220766,62.807377049180324,5.232844036697248
311870,MG,2,Intermediario,0.298051539109152,74.07407407407408,5.003333333333333
311880,MG,2,Intermediario,0.3132399015927518,79.54545454545455,4.424375
311890,MG,0,Consolidado,0.3715518566484735,66.66666666666666,4.8525
311910,MG,3,Atencao,0.40788919755917574,66.3157894736842,4.674
311930,MG,2,Intermediario,0.36597764732126853,73.17073170731707,5.088181818181819
311940,MG,2,Intermediario,0.5416015114031,56.317689530685925,5.123333333333331
311950,MG,3,Atencao,0.41506850922623134,63.33333333333333,4.298
311990,MG,0,Consolidado,0.1213019962104679,100.0,5.495
311995,MG,0,Consolidado,0.24163518719537885,80.95238095238095,5.253333333333334
312010,MG,3,Atencao,0.465952640436664,66.66666666666666,4.693333333333333
312015,MG,3,Atencao,0.5668647262080353,59.09090909090909,4.4
312020,MG,0,Consolidado,0.2779089106163158,81.81818181818183,5.047499999999999
312040,MG,0,Consolidado,0.25599889487614474,85.18518518518519,5.316666666666666
312050,MG,0,Consolidado,0.3035418692650733,80.0,4.975
312060,MG,0,Consolidado,0.19008221919851773,80.0,5.22
312070,MG,2,Intermediario,0.36472268486854115,58.620689655172406,5.140000000000001
312080,MG,0,Consolidado,0.23508868119028334,86.20689655172413,5.146
312083,MG,2,Intermediario,0.3173948588972534,75.0,4.975
312087,MG,0,Consolidado,0.26281952966944616,78.37837837837837,4.6825
312090,MG,2,Intermediario,0.357977640792689,71.47239263803681,4.939333333333333
312100,MG,0,Consolidado,0.18350642414204685,94.44444444444444,4.7875
312110,MG,0,Consolidado,0.33325733634924726,67.74193548387096,5.0775
312120,MG,2,Intermediario,0.35615997701952323,78.04878048780488,5.1575
312125,MG,2,Intermediario,0.57771784314856,58.97435897435898,5.036666666666667
312140,MG,0,Consolidado,0.24949690255625412,92.0,5.095
312160,MG,2,Intermediario,0.4107181291321641,71.21951219512195,4.858181818181818
312200,MG,2,Intermediario,0.45936905985930154,50.617283950617285,4.795714285714286
312220,MG,0,Consolidado,0.25648972349610305,80.0,4.8774999999999995
312230,MG,2,Intermediario,0.33442983793152387,72.13375796178345,5.3001851851851844
312235,MG,3,Atencao,0.5038302716569256,51.162790697674424,4.72
312240,MG,2,Intermediario,0.41927298512471095,68.96551724137932,5.02
312245,MG,3,Atencao,0.5371884776583155,48.275862068965516,4.605
312270,MG,2,Intermediario,0.31751808328351516,73.91304347826086,5.16
312290,MG,0,Consolidado,0.2778408191123804,81.81818181818183,5.032500000000001
312300,MG,2,Intermediario,0.4277193885078092,66.66666666666666,5.26
312310,MG,2,Intermediario,0.4674284617764862,60.0,4.641666666666666
312320,MG,0,Consolidado,0.3123328375002106,77.27272727272727,5.0200000000000005
312330,MG,0,Consolidado,0.18800444635273206,83.33333333333334,4.925000000000001
312352,MG,0,Consolidado,0.38505536740375745,88.46153846153845,4.6466666666666665
312360,MG,2,Intermediario,0.4653751628785636,62.62626262626263,5.168333333333334
312370,MG,2,Intermediario,0.4883796056117438,58.97435897435898,4.8925
312380,MG,3,Atencao,0.3892071819781989,65.51724137931035,4.906666666666667
312390,MG,0,Consolidado,0.21143127914702475,89.28571428571429,5.175000000000001
312400,MG,2,Intermediario,0.35266485612396203,58.490566037735846,4.835
312410,MG,2,Intermediario,0.48242238830170486,61.86868686868687,5.076296296296296
312420,MG,2,Intermediario,0.42354930012832837,68.81720430107528,4.777777777777779
312430,MG,0,Consolidado,0.35543902322181886,83.33333333333334,4.505
312440,MG,2,Intermediario,0.41342449792054414,64.86486486486487,4.7459999999999996
312450,MG,2,Intermediario,0.31236452580928786,74.35897435897436,5.255
312480,MG,2,Intermediario,0.37803154844903697,47.05882352941176,5.294
312490,MG,2,Intermediario,0.4762415938133439,66.66666666666666,5.053333333333334
312500,MG,3,Atencao,0.5866020175675153,60.0,4.783333333333333
312510,MG,2,Intermediario,0.45554218925985346,66.18705035971223,5.319166666666667
312540,MG,0,Consolidado,0.2672359214148759,87.5,4.58
312560,MG,3,Atencao,0.44432970519875536,58.06451612903226,4.4
312570,MG,2,Intermediario,0.4405745805737111,51.35135135135135,4.878749999999999
312590,MG,0,Consolidado,0.2521108343794072,85.18518518518519,4.68
312595,MG,2,Intermediario,0.3680798892225717,67.21311475409836,4.6025
312600,MG,2,Intermediario,0.3175648312988033,72.22222222222221,5.445
312610,MG,2,Intermediario,0.31063409289168087,79.62962962962963,5.265263157894738
312620,MG,3,Atencao,0.35778849458132267,56.41025641025641,4.74
312670,MG,1,Critico,0.6178636831568571,47.368421052631575,4.478571428571429
312680,MG,3,Atencao,0.4822242001355955,59.375,4.6375
312690,MG,2,Intermediario,0.49578498406345173,54.285714285714285,4.994999999999999
312700,MG,2,Intermediario,0.46718249665503175,59.09090909090909,5.1160000000000005
312710,MG,2,Intermediario,0.45256001032387805,60.76555023923444,5.155555555555556
312720,MG,2,Intermediario,0.4517231366445401,64.28571428571429,4.92
312730,MG,3,Atencao,0.5432534810314832,33.33333333333333,5.0649999999999995
312760,MG,0,Consolidado,0.24078621007346104,84.0,4.781428571428571
312770,MG,2,Intermediario,0.4435147396208224,64.86796785304249,5.0078461538461525
312780,MG,0,Consolidado,0.2776763622665389,80.3921568627451,4.5424999999999995
312800,MG,2,Intermediario,0.4309434840449294,54.54545454545454,4.884166666666667
312810,MG,2,Intermediario,0.38914443206261945,70.83333333333334,5.128333333333334
312830,MG,2,Intermediario,0.41260407924919373,67.90123456790124,5.156
312840,MG,0,Consolidado,0.25734995999614385,78.94736842105263,4.865
312860,MG,2,Intermediario,0.40258441875980544,88.88888888888889,5.14
312870,MG,2,Intermediario,0.48771613332012786,61.951219512195124,5.014999999999999
312880,MG,2,Intermediario,0.47817952957368876,73.33333333333333,5.016666666666667
312890,MG,0,Consolidado,0.36547825980077725,79.48717948717949,5.036666666666666
312920,MG,2,Intermediario,0.5021498053494947,69.23076923076923,5.175
312930,MG,3,Atencao,0.6062494688840352,47.05882352941176,4.89
312940,MG,0,Consolidado,0.17424514402729493,96.29629629629629,4.975
312950,MG,2,Intermediario,0.4281205080289086,63.2183908045977,5.133333333333334
312960,MG,3,Atencao,0.38539800352852077,70.0,4.57
312965,MG,2,Intermediario,0.4169908229150859,57.14285714285714,4.3275
312970,MG,2,Intermediario,0.421044989718945,58.2089552238806,5.292
312980,MG,2,Intermediario,0.4741023623299821,59.21875,5.1571428571428575
313005,MG,3,Atencao,0.39377341572698205,71.42857142857143,4.3566666666666665
313010,MG,2,Intermediario,0.4374940491659087,62.10045662100456,5.183333333333333
313020,MG,2,Intermediario,0.34054330587262427,73.80952380952381,5.154999999999999
313030,MG,0,Consolidado,0.11750618494019585,100.0,5.126666666666667
313040,MG,2,Intermediario,0.2998171310219091,80.0,5.213333333333334
313050,MG,2,Intermediario,0.53621563003266,60.46511627906976,5.1466666666666665
313055,MG,0,Consolidado,0.31778426122083103,80.0,4.98
313070,MG,2,Intermediario,0.5926891176801121,50.0,5.29
313090,MG,0,Consolidado,0.2970984351640182,84.90566037735849,4.9125000000000005
313100,MG,2,Intermediario,0.46949605679066847,52.17391304347826,5.025
313110,MG,3,Atencao,0.49380548098385296,62.06896551724138,4.6049999999999995
313115,MG,0,Consolidado,0.36700395711255723,71.7948717948718,4.914285714285714
313120,MG,0,Consolidado,0.29750437243934463,79.74683544303798,5.055
313130,MG,2,Intermediario,0.35562159335780963,72.30392156862744,5.231
313150,MG,2,Intermediario,0.4830721332937978,46.42857142857143,5.0600000000000005
313160,MG,3,Atencao,0.4356096523430214,60.0,5.015000000000001
313170,MG,2,Intermediario,0.4541448956461786,64.70588235294117,5.1770000000000005
313180,MG,0,Consolidado,0.28916926431099077,71.42857142857143,4.875
313190,MG,2,Intermediario,0.4022397237366001,73.44398340248964,5.270588235294118
313210,MG,3,Atencao,0.5276727802617976,69.11764705882352,4.387142857142857
313220,MG,0,Consolidado,0.302957788657739,72.1311475409836,5.232
313230,MG,3,Atencao,0.4670130438808526,62.5,4.545
313240,MG,2,Intermediario,0.3848770970101717,69.84126984126983,5.202413793103448
313250,MG,0,Consolidado,0.33521446186110154,79.28994082840237,4.601333333333334
313270,MG,3,Atencao,0.5258949910253883,49.42528735632184,4.514545454545455
313290,MG,2,Intermediario,0.3850009545749188,66.66666666666666,5.221666666666667
313300,MG,2,Intermediario,0.3730244822299579,82.0,5.104
313310,MG,0,Consolidado,0.2913166513723995,88.37209302325581,5.208
313320,MG,2,Intermediario,0.42084632634905045,63.63636363636363,5.140000000000001
313330,MG,3,Atencao,0.5399127705611432,55.69620253164557,4.538
313340,MG,2,Intermediario,0.3749159517214183,73.80952380952381,5.29
313350,MG,2,Intermediario,0.24652505582150694,73.21428571428571,5.0166666666666675
313360,MG,2,Intermediario,0.49287817622212027,67.24137931034483,5.3375
313370,MG,2,Intermediario,0.3180446358359136,72.6027397260274,5.225
313375,MG,0,Consolidado,0.2575924221665179,88.63636363636364,5.3180000000000005
313380,MG,2,Intermediario,0.30513441705530514,81.53310104529616,5.283703703703703
313400,MG,3,Atencao,0.5845748002261296,66.66666666666666,4.295714285714285
313410,MG,2,Intermediario,0.36231119330258577,61.904761904761905,5.215
313420,MG,2,Intermediario,0.44982671519973466,61.93029490616622,5.0765217391304365
313440,MG,2,Intermediario,0.4629063963491453,63.63636363636363,5.026923076923077
313460,MG,2,Intermediario,0.3604666971919813,74.71264367816092,5.1
313470,MG,3,Atencao,0.5783336753595985,57.446808510638306,4.338
313480,MG,0,Consolidado,0.26874161146959524,79.3103448275862,5.24
313490,MG,2,Intermediario,0.38511904544105435,57.73195876288659,5.194285714285714
313505,MG,1,Critico,0.5462624996707063,55.494505494505496,4.428235294117647
313510,MG,3,Atencao,0.46805003297702497,62.9746835443038,4.6213043478260865
313520,MG,1,Critico,0.6048543584080871,42.80821917808219,4.315294117647059
313535,MG,2,Intermediario,0.3755945133781409,70.37037037037037,4.508333333333333
313540,MG,0,Consolidado,0.23204565327212306,92.85714285714286,5.0
313550,MG,0,Consolidado,0.32366117806564737,75.80645161290323,4.551428571428572
313560,MG,3,Atencao,0.5279487757004178,64.0,4.586666666666666
313570,MG,2,Intermediario,0.5132645525986267,68.18181818181817,4.65
313580,MG,3,Atencao,0.5015724914909425,56.00000000000001,4.378181818181818
313590,MG,2,Intermediario,0.353684910257845,75.0,5.075
313600,MG,3,Atencao,0.500102441272401,54.71698113207547,4.23625
313620,MG,2,Intermediario,0.3313060033456049,77.3851590106007,5.2575
313630,MG,2,Intermediario,0.36860190229331186,73.83177570093457,4.861111111111111
313660,MG,0,Consolidado,0.3616958549966241,75.0,4.944
313665,MG,2,Intermediario,0.4869534224424258,61.43790849673203,5.109999999999999
313670,MG,2,Intermediario,0.5676969619798251,52.72988505747126,5.077586206896555
313690,MG,0,Consolidado,0.25866025692893163,76.81159420289855,5.1125
313700,MG,1,Critico,0.650677949263107,45.45454545454545,4.532
313720,MG,0,Consolidado,0.3318747861327708,75.72815533980582,5.152
313730,MG,3,Atencao,0.5269446566670257,55.00000000000001,4.645
313740,MG,0,Consolidado,0.27729140387344764,76.74418604651163,5.023333333333333
313750,MG,0,Consolidado,0.3532285846009484,81.60919540229885,5.30125
313753,MG,0,Consolidado,0.2545637105125987,75.0,5.016666666666667
313760,MG,2,Intermediario,0.3807355720273789,66.8122270742358,5.32578947368421
313770,MG,2,Intermediario,0.3669179491180567,60.256410256410255,4.755714285714286
313780,MG,2,Intermediario,0.39009840417233876,71.08433734939759,5.284285714285714
313800,MG,2,Intermediario,0.46950087470082297,52.38095238095239,5.15
313810,MG,3,Atencao,0.39767108001806006,56.52173913043478,4.6225
313820,MG,2,Intermediario,0.42104083398319647,61.03151862464183,5.2612499999999995
313840,MG,2,Intermediario,0.4719151693203001,62.637362637362635,4.840000000000002
313860,MG,2,Intermediario,0.5012650805739276,59.32203389830508,4.7628571428571425
313862,MG,2,Intermediario,0.44555496177820714,50.0,5.0275
313865,MG,0,Consolidado,0.37271713543875584,76.19047619047619,4.616666666666667
313867,MG,0,Consolidado,0.21255377376513646,95.65217391304348,4.956666666666667
313868,MG,3,Atencao,0.39583160856562544,76.66666666666667,4.22
313870,MG,0,Consolidado,0.30356713918252015,62.5,5.255000000000001
313880,MG,0,Consolidado,0.3102686290855388,78.57142857142857,4.961666666666666
313890,MG,3,Atencao,0.43978946998202273,75.0,4.66
313900,MG,0,Consolidado,0.27654128194478955,72.09302325581395,5.170769230769231
313920,MG,0,Consolidado,0.32093830686929287,70.0,4.494
313925,MG,3,Atencao,0.5319465947469425,56.00000000000001,4.73
313930,MG,1,Critico,0.6698083535191782,35.44303797468354,4.446
313940,MG,2,Intermediario,0.4039450655828503,66.40625,4.950689655172413
313950,MG,2,Intermediario,0.39602988981932713,70.32967032967034,4.877999999999999
313960,MG,2,Intermediario,0.47580578619670144,57.30337078651685,4.794
313970,MG,2,Intermediario,0.34820167964704063,64.0,4.78
313980,MG,2,Intermediario,0.473516321850529,66.07142857142857,5.085
313990,MG,0,Consolidado,0.3823093673031442,82.22222222222221,4.881666666666667
314000,MG,2,Intermediario,0.4596424629553331,60.68702290076335,5.175833333333333
314010,MG,2,Intermediario,0.4804864612386163,77.27272727272727,4.785
314015,MG,2,Intermediario,0.3474148632743482,74.35897435897436,5.181428571428571
314050,MG,0,Consolidado,0.35387111132280713,67.1875,5.133333333333334
314053,MG,0,Consolidado,0.2613079027847861,71.05263157894737,4.7175
314055,MG,3,Atencao,0.4432064167279609,80.76923076923077,4.466666666666667
314070,MG,2,Intermediario,0.4140841388528984,58.10055865921788,5.139333333333332
314080,MG,2,Intermediario,0.40343657712515535,79.59183673469387,5.0920000000000005
314085,MG,1,Critico,0.7162349694953233,30.952380952380953,4.415714285714286
314090,MG,0,Consolidado,0.26918089785696125,79.16666666666666,4.65
314100,MG,0,Consolidado,0.3422148386051005,77.77777777777779,4.661666666666666
314110,MG,2,Intermediario,0.5126817804933178,52.80898876404494,5.101666666666667
314130,MG,0,Consolidado,0.27228768890884586,86.95652173913044,5.233333333333333
314140,MG,3,Atencao,0.4071411038542318,65.71428571428571,4.503636363636364
314160,MG,0,Consolidado,0.14589053924623047,85.71428571428571,4.8975
314170,MG,2,Intermediario,0.46486393935535947,68.18181818181817,4.92
314180,MG,0,Consolidado,0.3386504140249076,77.06422018348624,4.43
314200,MG,3,Atencao,0.5001699676373168,52.94117647058824,4.416666666666666
314210,MG,2,Intermediario,0.4510601601561935,72.41379310344827,4.858
314220,MG,0,Consolidado,0.24015582759055315,86.8421052631579,4.925000000000001
314240,MG,0,Consolidado,0.23480013699646235,86.20689655172413,5.3175
314260,MG,2,Intermediario,0.3475142839100462,75.86206896551724,5.176666666666667
314270,MG,3,Atencao,0.48691721119116144,60.65573770491803,4.4477777777777785
314280,MG,2,Intermediario,0.460936799746809,68.91891891891892,5.1000000000000005
314290,MG,0,Consolidado,0.2824929452416028,75.38461538461539,4.738571428571428
314300,MG,0,Consolidado,0.30793261601058497,86.20689655172413,5.092
314310,MG,2,Intermediario,0.3100622032084953,71.42857142857143,5.143076923076923
314320,MG,3,Atencao,0.5535440266574596,50.66666666666667,5.048
314330,MG,2,Intermediario,0.3894601448748929,68.62880886426593,4.87912087912088
314340,MG,2,Intermediario,0.4235291883987221,61.29032258064516,5.367999999999999
314345,MG,0,Consolidado,0.3445537320251958,70.37037037037037,4.4175
314350,MG,0,Consolidado,0.311736468170398,76.74418604651163,4.9925
314380,MG,0,Consolidado,0.2666322436693122,80.0,5.123333333333334
314390,MG,2,Intermediario,0.409234462849629,69.52908587257618,4.966585365853658
314400,MG,0,Consolidado,0.3304641190708417,69.0,4.580000000000001
314410,MG,2,Intermediario,0.44273521032057805,62.903225806451616,5.227142857142857
314430,MG,3,Atencao,0.49165876840086375,63.63636363636363,4.780714285714285
314435,MG,0,Consolidado,0.3312918120517191,68.75,5.005
314450,MG,0,Consolidado,0.19930629830657048,87.87878787878788,4.984999999999999
314460,MG,2,Intermediario,0.4265399370311969,71.42857142857143,4.972999999999999
314465,MG,3,Atencao,0.4642868418798388,60.0,4.481428571428572
314470,MG,2,Intermediario,0.4024876104634413,65.21739130434783,5.222857142857142
314480,MG,2,Intermediario,0.4182281710797966,68.50152905198776,5.330500000000002
314500,MG,2,Intermediario,0.31467629685783,72.22222222222221,5.185714285714285
314510,MG,2,Intermediario,0.2945220658286778,67.94871794871796,5.258
314520,MG,2,Intermediario,0.4369833597637087,64.95726495726495,5.011923076923076
314530,MG,0,Consolidado,0.31217381791996784,74.75728155339806,4.274375
314535,MG,3,Atencao,0.4601826172974079,53.84615384615385,4.29
314560,MG,0,Consolidado,0.28803111040398593,72.72727272727273,5.119999999999999
314587,MG,2,Intermediario,0.3892733803546647,71.15384615384616,4.753333333333333
314590,MG,2,Intermediario,0.3348997709840788,71.24183006535948,5.386428571428572
314600,MG,2,Intermediario,0.30314507576765815,72.91666666666666,5.234545454545454
314610,MG,2,Intermediario,0.37398578776278973,67.75510204081633,5.159666666666669
314620,MG,3,Atencao,0.42429061582897015,64.28571428571429,4.556666666666667
314630,MG,3,Atencao,0.569861552949177,60.526315789473685,4.441818181818181
314640,MG,0,Consolidado,0.23956907888942255,78.26086956521739,5.119999999999999
314650,MG,0,Consolidado,0.31084669550311506,82.75862068965517,5.215
314655,MG,3,Atencao,0.37230329679698043,65.0,4.234999999999999
314675,MG,3,Atencao,0.5153971388564792,45.45454545454545,4.3
314690,MG,2,Intermediario,0.3650760231324903,67.85714285714286,4.74
314700,MG,2,Intermediario,0.3998075306579617,69.21052631578948,4.991714285714286
314710,MG,2,Intermediario,0.377193262893531,67.81609195402298,5.198620689655172
314720,MG,2,Intermediario,0.42339736096042774,70.1492537313433,5.195714285714286
314730,MG,2,Intermediario,0.35168867845168905,72.6027397260274,5.223333333333334
314740,MG,2,Intermediario,0.4766992233297953,65.68627450980392,4.9433333333333325
314760,MG,0,Consolidado,0.2431980884131986,85.41666666666666,5.135
314770,MG,0,Consolidado,0.2721668232632771,74.28571428571429,5.319999999999999
314790,MG,2,Intermediario,0.3419865147798649,74.11764705882354,5.251428571428571
314795,MG,0,Consolidado,0.2336047558032177,86.95652173913044,4.31
314800,MG,2,Intermediario,0.3250935084385502,74.23076923076923,5.234722222222221
314810,MG,2,Intermediario,0.414668919805142,68.65671641791045,5.142666666666667
314820,MG,0,Consolidado,0.3042847781831079,90.0,4.8149999999999995
314830,MG,0,Consolidado,0.2249039403885663,89.28571428571429,4.8100000000000005
314840,MG,0,Consolidado,0.24539031033775957,76.19047619047619,4.6
314850,MG,0,Consolidado,0.22107174036869034,86.8421052631579,4.470000000000001
314860,MG,2,Intermediario,0.33084478027733877,72.88135593220339,4.444285714285714
314870,MG,3,Atencao,0.5057528651177438,56.32183908045977,4.5737499999999995
314875,MG,0,Consolidado,0.38721342330993086,82.6086956521739,4.733333333333333
314910,MG,0,Consolidado,0.3335596309874944,88.88888888888889,5.0275
314915,MG,1,Critico,0.699644423730521,50.0,4.371428571428571
314930,MG,2,Intermediario,0.4045484352380698,64.82213438735178,5.2005
314960,MG,0,Consolidado,0.35832072180980473,81.81818181818183,5.125
314970,MG,0,Consolidado,0.23632239466967042,81.35593220338984,5.1066666666666665
314980,MG,2,Intermediario,0.3100014113521723,75.0,5.123333333333333
314990,MG,0,Consolidado,0.3260892596914784,81.25,5.2025
314995,MG,1,Critico,0.6270743780032012,35.714285714285715,5.016
315000,MG,0,Consolidado,0.25046297998517864,100.0,4.859999999999999
315015,MG,2,Intermediario,0.4234104791858002,74.07407407407408,4.8966666666666665
315050,MG,0,Consolidado,0.21686315242216336,81.81818181818183,5.12
315053,MG,2,Intermediario,0.4807613777020161,68.0,4.92
315057,MG,3,Atencao,0.5457652064673689,48.837209302325576,4.38
315060,MG,0,Consolidado,0.3698595256766078,75.0,4.99
315070,MG,2,Intermediario,0.3562603965598794,74.28571428571429,5.075
315080,MG,2,Intermediario,0.3644530300546796,68.75,4.659999999999999
315100,MG,0,Consolidado,0.2971543444977973,75.67567567567568,5.18
315110,MG,2,Intermediario,0.4446076103232543,64.28571428571429,4.9
315120,MG,2,Intermediario,0.4763176315848811,62.75303643724697,4.858095238095238
315130,MG,0,Consolidado,0.30235143592550673,85.71428571428571,4.9799999999999995
315140,MG,0,Consolidado,0.2759152482106083,77.6595744680851,5.059
315150,MG,2,Intermediario,0.4220866213582658,65.48672566371681,5.1025
315160,MG,2,Intermediario,0.5283831226980832,50.81967213114754,4.925
315170,MG,2,Intermediario,0.2975672348244561,77.77777777777779,5.239999999999999
315180,MG,2,Intermediario,0.4229295323662858,67.96536796536796,5.424687499999999
315200,MG,2,Intermediario,0.39740339771801486,72.93233082706767,4.952999999999999
315210,MG,2,Intermediario,0.4200643445876113,66.49214659685863,5.0200000000000005
315213,MG,3,Atencao,0.37779264320415723,60.86956521739131,4.465
315217,MG,3,Atencao,0.3736059065687982,58.82352941176471,4.364000000000001
315220,MG,3,Atencao,0.38868452783722757,71.54471544715447,4.535294117647059
315240,MG,3,Atencao,0.5387159797495402,55.55555555555556,4.464285714285714
315250,MG,2,Intermediario,0.45512962242177507,62.396694214876035,5.3117857142857146
315260,MG,0,Consolidado,0.28868614563965816,96.0,5.196666666666666
315270,MG,0,Consolidado,0.2447774297384952,83.78378378378379,5.1225000000000005
315280,MG,2,Intermediario,0.5480445808812038,50.76923076923077,5.076666666666666
315290,MG,2,Intermediario,0.4028514220592548,74.28571428571429,5.09
315340,MG,0,Consolidado,0.3040865361828955,83.63636363636363,4.934
315350,MG,2,Intermediario,0.41665482293268086,66.66666666666666,4.988
315360,MG,3,Atencao,0.48647241442711625,65.9090909090909,5.0249999999999995
315390,MG,2,Intermediario,0.4792036667134269,68.62745098039215,5.361666666666666
315400,MG,0,Consolidado,0.33114168727391646,70.3125,4.677142857142857
315410,MG,3,Atencao,0.4415637146509838,60.0,4.6475
315415,MG,2,Intermediario,0.3837689976151917,78.125,4.893333333333333
315420,MG,2,Intermediario,0.3679876997325013,71.42857142857143,5.29
315430,MG,2,Intermediario,0.400638885994837,67.27272727272727,4.89
315445,MG,3,Atencao,0.3736466957435108,57.692307692307686,4.6225
315450,MG,0,Consolidado,0.38739822723272443,89.28571428571429,4.414
315460,MG,2,Intermediario,0.5092260378311531,58.55654761904761,5.074683544303799
315480,MG,2,Intermediario,0.45734239890127576,46.51162790697674,5.13
315490,MG,3,Atencao,0.4674087114909722,52.63157894736842,4.859999999999999
315530,MG,0,Consolidado,0.16137822573557767,87.5,5.199999999999999
315540,MG,2,Intermediario,0.5385982560877407,58.69565217391305,4.9825
315550,MG,2,Intermediario,0.3956230901727927,66.66666666666666,5.2275
315560,MG,0,Consolidado,0.2670558379510821,76.14678899082568,4.497857142857142
315570,MG,0,Consolidado,0.2740782303004771,85.36585365853658,5.173749999999999
315580,MG,2,Intermediario,0.3704232223896396,63.1578947368421,5.026666666666666
315600,MG,3,Atencao,0.49010265405326414,59.45945945945946,4.135714285714285
315630,MG,2,Intermediario,0.3988822844600111,63.04347826086957,5.05
315650,MG,0,Consolidado,0.24536199396007527,95.65217391304348,4.220000000000001
315660,MG,0,Consolidado,0.29709153191821536,83.33333333333334,4.3225
315670,MG,2,Intermediario,0.43638695113145326,67.16101694915254,5.150666666666667
315680,MG,3,Atencao,0.45326934964540216,71.73913043478261,4.4887500000000005
315690,MG,2,Intermediario,0.36105713476193296,72.17391304347827,5.249166666666666
315700,MG,0,Consolidado,0.3283583070055049,76.3975155279503,4.516249999999999
315710,MG,3,Atencao,0.5756718180168895,63.63636363636363,4.6033333333333335
315720,MG,2,Intermediario,0.4069484135007584,66.91176470588235,5.1692857142857145
315730,MG,0,Consolidado,0.3250398864929049,76.92307692307693,4.875
315733,MG,2,Intermediario,0.577778879191053,63.33333333333333,5.015
315765,MG,0,Consolidado,0.2577262234933061,75.0,4.585
315770,MG,2,Intermediario,0.4820464165733822,54.94505494505495,5.047499999999999
315780,MG,2,Intermediario,0.46413014280177034,60.310880829015545,5.1486363636363635
315790,MG,2,Intermediario,0.41813328726276283,75.0,4.823333333333333
315800,MG,2,Intermediario,0.43247240727799324,63.26530612244898,4.8475
315820,MG,0,Consolidado,0.295167422094984,74.0,4.604285714285715
315830,MG,2,Intermediario,0.3092711038469719,73.07692307692307,5.109999999999999
315890,MG,0,Consolidado,0.20171438489606208,85.71428571428571,4.604285714285714
315895,MG,2,Intermediario,0.39900476259795953,71.63120567375887,5.031818181818181
315900,MG,2,Intermediario,0.36036013871610123,85.0,5.112500000000001
315920,MG,0,Consolidado,0.20264855212583407,80.0,5.3125
315935,MG,3,Atencao,0.48783285037568147,50.0,4.9399999999999995
315960,MG,2,Intermediario,0.36334913913338285,69.23076923076923,5.236250000000001
315980,MG,2,Intermediario,0.4035105707854584,65.21739130434783,4.966666666666667
315990,MG,0,Consolidado,0.22816824674400635,79.1044776119403,4.9799999999999995
316030,MG,3,Atencao,0.44782952335149,61.111111111111114,4.338333333333333
316040,MG,0,Consolidado,0.2283449563282486,88.76404494382022,5.30375
316045,MG,0,Consolidado,0.3465769231985969,76.0,4.532
316070,MG,2,Intermediario,0.4333487324582405,68.90756302521008,5.005000000000001
316080,MG,3,Atencao,0.4147547348265632,50.0,5.005
316090,MG,2,Intermediario,0.33881220639535364,61.904761904761905,5.455
316095,MG,0,Consolidado,0.11431474150893742,87.5,4.956666666666667
316100,MG,0,Consolidado,0.2913736920689273,76.19047619047619,4.864285714285715
316110,MG,3,Atencao,0.548340241269885,53.69649805447471,4.391304347826087
316120,MG,0,Consolidado,0.20612220119203273,96.0,4.976666666666667
316130,MG,2,Intermediario,0.32954339466261373,84.0,4.99
316150,MG,0,Consolidado,0.22745782018363267,87.87878787878788,4.84
316180,MG,2,Intermediario,0.3853054411783549,64.58333333333334,5.180000000000001
316190,MG,0,Consolidado,0.178106628367453,83.6734693877551,5.215714285714285
316200,MG,0,Consolidado,0.31824209535617887,73.19587628865979,4.974545454545455
316210,MG,2,Intermediario,0.42509511106541287,65.27777777777779,4.9591666666666665
316220,MG,0,Consolidado,0.2149310915908317,90.9090909090909,5.345000000000001
316225,MG,3,Atencao,0.43334832662936223,66.66666666666666,4.553333333333334
316240,MG,3,Atencao,0.43158850726433695,68.91891891891892,4.169375
316245,MG,1,Critico,0.634190391568342,40.909090909090914,4.403333333333333
316250,MG,2,Intermediario,0.36785695875036883,69.6113074204947,5.183599999999998
316255,MG,0,Consolidado,0.3304684770441013,69.44444444444444,4.99
316257,MG,2,Intermediario,0.3138910177503097,71.42857142857143,4.9975000000000005
316260,MG,0,Consolidado,0.33132818768079,72.41379310344827,5.02
316270,MG,0,Consolidado,0.28433061645758373,84.61538461538461,4.751818181818181
316280,MG,0,Consolidado,0.23723024033097262,75.92592592592592,4.7425
316290,MG,2,Intermediario,0.40285320599924385,65.88235294117646,4.992857142857143
316292,MG,2,Intermediario,0.3963752899034466,63.04347826086957,5.112857142857143
316294,MG,2,Intermediario,0.257521374942771,79.06976744186046,5.3340000000000005
316295,MG,2,Intermediario,0.39587360378958464,71.21212121212122,5.31375
316350,MG,3,Atencao,0.40946206113783673,69.56521739130434,4.466
316370,MG,2,Intermediario,0.31406052979980736,77.1604938271605,5.205833333333334
316380,MG,0,Consolidado,0.3070364845698575,78.57142857142857,4.802
316400,MG,0,Consolidado,0.33243992377738374,78.57142857142857,4.6875
316420,MG,3,Atencao,0.4510909904226274,57.89473684210527,4.605
316430,MG,2,Intermediario,0.34991238715909245,70.0,5.113333333333333
316440,MG,0,Consolidado,0.24654427857833186,73.07692307692307,5.2575
316447,MG,2,Intermediario,0.37851294322226037,81.25,4.865
316460,MG,2,Intermediario,0.3391913518816893,75.0,4.816666666666666
316470,MG,2,Intermediario,0.3443236241134197,70.6959706959707,5.248095238095238
316500,MG,0,Consolidado,0.14258912278322464,97.14285714285714,5.1475
316510,MG,0,Consolidado,0.30448495585703006,83.33333333333334,5.09
316520,MG,0,Consolidado,0.1611438492654991,90.32258064516128,4.785
316530,MG,2,Intermediario,0.3585118414819933,77.27272727272727,5.215
316540,MG,2,Intermediario,0.46894026703352787,65.625,5.26
316550,MG,0,Consolidado,0.3302752685048575,66.66666666666666,4.640000000000001
316553,MG,0,Consolidado,0.23767507876981783,80.21390374331551,5.354
316555,MG,3,Atencao,0.5177506800785647,52.63157894736842,4.188
316557,MG,2,Intermediario,0.4967402541424521,54.54545454545454,5.04
316570,MG,0,Consolidado,0.2646069612769691,84.21052631578947,5.06
316600,MG,0,Consolidado,0.22113991944310005,87.5,4.93
316620,MG,0,Consolidado,0.1910419811673814,92.0,4.922000000000001
316630,MG,0,Consolidado,0.29717122647482963,78.26086956521739,4.506666666666667
316670,MG,2,Intermediario,0.4791318113429384,60.71428571428571,4.835000000000001
316680,MG,2,Intermediario,0.4238275567910705,63.07692307692307,4.9825
316690,MG,0,Consolidado,0.3565631825848175,63.41463414634146,4.9399999999999995
316720,MG,2,Intermediario,0.42829512247908763,65.91230551626592,5.080576923076922
316740,MG,2,Intermediario,0.40911789628819306,75.86206896551724,5.0649999999999995
316760,MG,2,Intermediario,0.3693440872837727,65.47619047619048,4.79125
316780,MG,0,Consolidado,0.23813023143156578,91.30434782608695,5.1899999999999995
316800,MG,0,Consolidado,0.343764898001416,73.24840764331209,4.747777777777777
316810,MG,2,Intermediario,0.41570706587565637,61.53846153846154,5.303333333333334
316840,MG,3,Atencao,0.43904522955079517,65.71428571428571,4.837
316850,MG,3,Atencao,0.4125039259531119,65.78947368421053,4.9475
316860,MG,2,Intermediario,0.4816446789841763,59.78021978021978,4.714186046511627
316870,MG,2,Intermediario,0.34141784261931557,72.3076923076923,5.213913043478261
316880,MG,2,Intermediario,0.4240997765290985,75.0,5.246666666666667
316890,MG,2,Intermediario,0.3826807090996042,64.28571428571429,5.336666666666667
316900,MG,2,Intermediario,0.42998910751304426,62.5,4.98
316910,MG,0,Consolidado,0.30158709305030457,77.14285714285715,5.175
316930,MG,2,Intermediario,0.4669902142247491,62.34309623430963,5.140909090909091
316935,MG,0,Consolidado,0.3037503685085889,74.78991596638656,5.010000000000001
316940,MG,2,Intermediario,0.3535273757090612,74.54545454545455,5.12
316950,MG,2,Intermediario,0.528251270294961,54.166666666666664,4.828
316960,MG,2,Intermediario,0.6008089257544426,48.03921568627451,5.1
316970,MG,3,Atencao,0.385895844280798,67.85714285714286,4.7425
316980,MG,2,Intermediario,0.4422767443870607,57.14285714285714,5.125
316990,MG,2,Intermediario,0.3643929902293662,71.63323782234957,5.073235294117646
317000,MG,3,Atencao,0.42808608248161295,56.666666666666664,4.255
317005,MG,3,Atencao,0.436939192730712,68.91891891891892,4.856666666666667
317010,MG,2,Intermediario,0.5307529582189265,56.24012638230648,5.227941176470587
317020,MG,2,Intermediario,0.4928195977503525,58.159163987138264,5.330578512396693
317040,MG,2,Intermediario,0.4692016393757366,61.30952380952381,5.013181818181819
317047,MG,3,Atencao,0.409457299346745,55.00000000000001,4.91
317050,MG,2,Intermediario,0.38242445539888464,74.35897435897436,4.9375
317052,MG,3,Atencao,0.48106612744435334,62.857142857142854,4.4383333333333335
317057,MG,0,Consolidado,0.22861703425134092,90.47619047619048,4.734999999999999
317065,MG,0,Consolidado,0.3696699969969932,90.0,4.906666666666667
317070,MG,2,Intermediario,0.4502358556038301,61.43958868894601,5.333200000000001
317075,MG,0,Consolidado,0.3623484726875493,73.80952380952381,5.03
317080,MG,3,Atencao,0.4100108257432658,67.56756756756756,4.708666666666665
317090,MG,3,Atencao,0.4553661965892119,66.23376623376623,4.211428571428573
317100,MG,2,Intermediario,0.5016044941905885,55.88235294117647,5.3
317107,MG,0,Consolidado,0.37852999223922357,73.07692307692307,4.672499999999999
317120,MG,2,Intermediario,0.42118548905510733,61.87290969899666,5.144848484848485
317130,MG,2,Intermediario,0.3568829183007627,68.1592039800995,5.0227272727272725
317160,MG,3,Atencao,0.4296569057324391,58.333333333333336,4.478333333333333
317170,MG,2,Intermediario,0.407767897159769,65.51724137931035,4.966666666666667
317180,MG,3,Atencao,0.5165402777651672,59.61538461538461,4.911666666666666
317190,MG,0,Consolidado,0.27954912648429714,95.0,4.516666666666667
317200,MG,2,Intermediario,0.39779582584602785,68.46153846153847,4.964166666666668
317210,MG,2,Intermediario,0.4474477325406107,66.66666666666666,4.81
320010,ES,0,Consolidado,0.1669318223160108,90.29850746268657,4.928888888888889
320013,ES,0,Consolidado,0.14015556896724443,98.33333333333333,4.9071428571428575
320016,ES,0,Consolidado,0.27931848283425964,78.57142857142857,4.466666666666666
320020,ES,0,Consolidado,0.2747494373587591,76.78571428571429,4.74
320030,ES,0,Consolidado,0.268933493167645,88.63636363636364,5.318333333333333
320035,ES,0,Consolidado,0.3413862904655725,67.3913043478261,4.796
320040,ES,0,Consolidado,0.21076674226484565,82.6923076923077,5.142666666666667
320050,ES,3,Atencao,0.4834724855886781,46.42857142857143,4.8100000000000005
320060,ES,2,Intermediario,0.3540761587945782,74.14141414141415,5.093030303030304
320070,ES,0,Consolidado,0.3152617554735769,78.84615384615384,4.888333333333333
320080,ES,2,Intermediario,0.3739831158409152,69.16666666666667,5.161764705882354
320090,ES,0,Consolidado,0.24903589708616358,81.68316831683168,4.680000000000001
320100,ES,0,Consolidado,0.27024776588689947,85.71428571428571,4.807500000000001
320110,ES,2,Intermediario,0.4197915207388214,69.04761904761905,4.655000000000001
320115,ES,0,Consolidado,0.26701831017935407,82.75862068965517,4.821111111111111
320120,ES,2,Intermediario,0.4045494667759759,64.17525773195877,5.0034426229508195
320130,ES,2,Intermediario,0.48371214176988403,60.07838745800672,5.013298969072166
320140,ES,0,Consolidado,0.2891006599717222,73.23943661971832,5.05625
320150,ES,0,Consolidado,0.309135662515341,80.32407407407408,5.002564102564103
320160,ES,0,Consolidado,0.3796988899174962,68.20809248554913,4.834666666666666
320170,ES,0,Consolidado,0.2616412556093127,79.66101694915254,5.12
320180,ES,3,Atencao,0.5399098542308515,51.724137931034484,4.806666666666667
320190,ES,0,Consolidado,0.2346426160194686,84.11764705882354,5.139545454545453
320200,ES,0,Consolidado,0.21949850443935878,83.33333333333334,4.934
320210,ES,0,Consolidado,0.2635603637297927,84.52380952380952,4.7345454545454535
320220,ES,2,Intermediario,0.4635604353268948,60.75949367088608,4.9775
320225,ES,2,Intermediario,0.3469723079125379,70.2127659574468,5.026
320230,ES,0,Consolidado,0.3234161610107829,73.33333333333333,4.792000000000001
320240,ES,2,Intermediario,0.33921307506255943,75.37190082644628,5.034878048780489
320245,ES,0,Consolidado,0.23661708592271422,79.56204379562044,4.984285714285714
320250,ES,0,Consolidado,0.3489283263530706,75.92592592592592,4.9959999999999996
320255,ES,0,Consolidado,0.286010701406497,81.81818181818183,4.87
320260,ES,0,Consolidado,0.32082266790529984,73.68421052631578,5.252
320265,ES,2,Intermediario,0.3105864462863525,63.793103448275865,4.834
320270,ES,0,Consolidado,0.2699716242628953,78.72340425531915,5.123333333333333
320280,ES,2,Intermediario,0.4058094244115628,66.35071090047393,5.044444444444445
320290,ES,0,Consolidado,0.2542628197387964,80.0,5.13
320300,ES,0,Consolidado,0.3583815822533705,81.63265306122449,5.0025
320305,ES,0,Consolidado,0.3016024990138186,78.28947368421053,4.786875
320310,ES,0,Consolidado,0.34813261957890795,69.64285714285714,4.7700000000000005
320313,ES,2,Intermediario,0.33686842719324117,75.80645161290323,5.117142857142857
320316,ES,0,Consolidado,0.1841667633570634,87.5,5.0520000000000005
320320,ES,2,Intermediario,0.43387386770685593,68.33740831295843,4.965581395348838
320330,ES,0,Consolidado,0.11734674328791139,93.05555555555556,4.79625
320332,ES,2,Intermediario,0.373692046917656,72.38805970149254,4.972777777777777
320334,ES,0,Consolidado,0.2450894227509932,84.33734939759037,5.148888888888888
320335,ES,2,Intermediario,0.2921165931561535,67.3469387755102,5.022500000000001
320340,ES,3,Atencao,0.42335586749709536,67.36842105263158,4.731
320350,ES,0,Consolidado,0.36356040910836224,73.14814814814815,4.827142857142857
320360,ES,0,Consolidado,0.2171984591234413,75.75757575757575,4.783333333333333
320370,ES,0,Consolidado,0.22818267263569808,87.75510204081633,4.623
320380,ES,0,Consolidado,0.38332005796726426,71.42857142857143,4.786666666666666
320390,ES,0,Consolidado,0.2194398323707395,84.5771144278607,4.947272727272727
320400,ES,0,Consolidado,0.23083809455848658,81.66666666666667,4.79
320405,ES,0,Consolidado,0.3187834847269261,78.26086956521739,4.836666666666667
320410,ES,0,Consolidado,0.2515600134483506,78.15126050420169,4.800000000000001
320420,ES,2,Intermediario,0.41497921317755226,66.66666666666666,5.05
320425,ES,0,Consolidado,0.23847366153711036,72.97297297297297,4.776666666666666
320430,ES,2,Intermediario,0.408771333941925,80.28169014084507,4.824999999999999
320435,ES,0,Consolidado,0.28434627744571844,78.37837837837837,5.034285714285715
320440,ES,0,Consolidado,0.31187726500093504,83.01886792452831,5.036
320450,ES,0,Consolidado,0.27522793623325836,76.08695652173914,4.949999999999999
320455,ES,0,Consolidado,0.21837113571898242,85.36585365853658,5.26
320460,ES,0,Consolidado,0.21797512083752668,88.04347826086956,5.178888888888888
320465,ES,0,Consolidado,0.19910389792292532,90.0,4.875
320470,ES,0,Consolidado,0.29272526047345276,82.01438848920863,4.931666666666667
320480,ES,2,Intermediario,0.38295848128794924,76.47058823529412,4.8775
320490,ES,2,Intermediario,0.3938977813813157,73.12925170068027,4.883499999999999
320495,ES,0,Consolidado,0.23902953503266045,72.22222222222221,5.016666666666667
320500,ES,2,Intermediario,0.48628168798019145,60.023041474654384,5.060093457943924
320501,ES,3,Atencao,0.39506003267032924,62.42038216560509,4.662727272727272
320503,ES,0,Consolidado,0.366876699293055,76.92307692307693,4.978888888888889
320506,ES,0,Consolidado,0.20109967233983586,86.36363636363636,5.178333333333334
320510,ES,2,Intermediario,0.3861487054685495,68.76355748373102,4.966250000000001
320517,ES,0,Consolidado,0.23648441359106698,82.43243243243244,4.912222222222222
320520,ES,2,Intermediario,0.40828314468491833,67.61297798377753,5.086219512195119
320530,ES,2,Intermediario,0.38566633865018224,70.1086956521739,5.070158730158731
330010,RJ,2,Intermediario,0.5038626788845599,61.133069828722,4.954
330015,RJ,2,Intermediario,0.46393995038446323,58.82352941176471,5.17
330020,RJ,2,Intermediario,0.5595007931003932,54.223968565815326,4.838478260869567
330022,RJ,2,Intermediario,0.4581808422966846,56.52173913043478,5.16125
330023,RJ,2,Intermediario,0.41082479373692976,67.91666666666667,5.025882352941178
330025,RJ,2,Intermediario,0.548457923515496,57.82312925170068,4.942
330030,RJ,1,Critico,0.6238543669502313,49.01960784313725,4.963636363636363
330040,RJ,2,Intermediario,0.4789667754238339,62.48062015503876,5.073999999999999
330045,RJ,1,Critico,0.7132928488791507,37.69516728624535,4.746161616161616
330050,RJ,2,Intermediario,0.49837081586988197,70.0,4.9921428571428565
330060,RJ,2,Intermediario,0.4504460110680436,70.17543859649122,4.859500000000001
330070,RJ,2,Intermediario,0.5428080418957762,57.62304921968787,4.8859375
330080,RJ,2,Intermediario,0.589882131706082,54.45026178010471,4.849545454545455
330090,RJ,2,Intermediario,0.4150989283485999,61.224489795918366,4.8711111111111105
330093,RJ,2,Intermediario,0.5346360230434729,50.0,5.05375
330095,RJ,2,Intermediario,0.5138504030024376,60.526315789473685,4.925
330100,RJ,1,Critico,0.6890653244931209,40.74550128534704,4.817532467532467
330110,RJ,2,Intermediario,0.5471546703225157,56.75675675675676,4.935384615384614
330115,RJ,1,Critico,0.7278141453874214,33.33333333333333,4.984999999999999
330120,RJ,2,Intermediario,0.5310299091379058,70.6896551724138,4.96
330130,RJ,2,Intermediario,0.5284534410308758,57.971014492753625,5.032
330140,RJ,3,Atencao,0.5802793896774341,51.162790697674424,4.794
330150,RJ,2,Intermediario,0.47533093461969644,61.76470588235294,5.095555555555555
330160,RJ,2,Intermediario,0.47877950317545714,72.1311475409836,5.1414285714285715
330170,RJ,1,Critico,0.6224997551706641,48.762190547636905,4.818853211009175
330180,RJ,2,Intermediario,0.49824823353615966,61.29032258064516,5.015000000000001
330185,RJ,2,Intermediario,0.5915024433187677,47.65957446808511,4.915500000000001
330187,RJ,2,Intermediario,0.42445795117237356,69.53125,5.12090909090909
330190,RJ,2,Intermediario,0.5736914362441922,51.77304964539007,4.880799999999999
330200,RJ,1,Critico,0.6575651516609423,41.15702479338843,4.933749999999999
330205,RJ,2,Intermediario,0.5110179357788174,66.66666666666666,5.03
330210,RJ,2,Intermediario,0.4081688778872484,69.73684210526315,4.921111111111111
330220,RJ,2,Intermediario,0.41319592441236014,64.59143968871595,5.003235294117648
330225,RJ,2,Intermediario,0.43421574978054805,64.51612903225806,5.093333333333334
330227,RJ,1,Critico,0.704145030270523,39.909297052154194,4.713333333333334
330230,RJ,1,Critico,0.6177838694348152,48.38709677419355,4.785
330240,RJ,2,Intermediario,0.49230109202395317,60.6926406926407,5.057272727272727
330245,RJ,2,Intermediario,0.3782429047625598,62.5,5.1240000000000006
330250,RJ,1,Critico,0.6197994438671485,47.15960324616772,4.833544303797469
330260,RJ,1,Critico,0.6356051151963862,42.57425742574257,5.127692307692309
330270,RJ,2,Intermediario,0.512520513145568,60.778443113772454,5.123846153846153
330280,RJ,2,Intermediario,0.5215222290508519,60.416666666666664,4.93
330285,RJ,1,Critico,0.7114203050714974,37.39495798319328,4.859999999999999
330290,RJ,2,Intermediario,0.4497628374674847,54.65116279069767,5.210624999999999
330300,RJ,2,Intermediario,0.40951545123635624,64.51612903225806,4.807142857142858
330310,RJ,2,Intermediario,0.5103600165585869,67.21311475409836,4.816000000000001
330320,RJ,1,Critico,0.6237800928677066,44.225352112676056,4.845000000000001
330330,RJ,2,Intermediario,0.5716258021476646,53.07203389830508,4.928901098901098
330340,RJ,2,Intermediario,0.4146541474950241,64.65116279069767,5.167733333333333
330350,RJ,1,Critico,0.7362262840828485,33.74749498997996,4.789504950495048
330360,RJ,2,Intermediario,0.4221167632724577,63.63636363636363,5.095714285714285
330370,RJ,2,Intermediario,0.5845289399864237,54.330708661417326,5.020000000000001
330380,RJ,2,Intermediario,0.5963256922751576,48.87640449438202,4.875624999999999
330385,RJ,2,Intermediario,0.3692297731894704,69.2982456140351,4.992142857142857
330390,RJ,2,Intermediario,0.45402046978274296,63.55140186915887,5.087777777777778
330395,RJ,2,Intermediario,0.5118496063604815,50.427350427350426,5.1081818181818175
330400,RJ,2,Intermediario,0.49605384944243686,62.264150943396224,5.075384615384616
330410,RJ,1,Critico,0.6546165060401613,45.09803921568628,4.786666666666666
330411,RJ,2,Intermediario,0.45727380361436964,65.0,5.2524999999999995
330412,RJ,2,Intermediario,0.5378226716402432,67.3913043478261,5.0120000000000005
330414,RJ,1,Critico,0.7036434058554075,37.32809430255403,4.73842105263158
330415,RJ,2,Intermediario,0.40213832950369216,67.88990825688074,4.968181818181818
330420,RJ,2,Intermediario,0.38165845676946575,66.82926829268293,5.152424242424243
330430,RJ,2,Intermediario,0.5397930161722078,61.065573770491795,4.824642857142858
330440,RJ,2,Intermediario,0.4209093526564183,60.416666666666664,5.0344444444444445
330450,RJ,2,Intermediario,0.46861911468851175,66.66666666666666,5.087142857142857
330452,RJ,2,Intermediario,0.41928806028669896,69.93957703927492,5.071538461538464
330455,RJ,2,Intermediario,0.48156816964063076,60.68618015059729,4.859142621599336
330460,RJ,2,Intermediario,0.4521546587185004,77.27272727272727,4.92
330470,RJ,2,Intermediario,0.3837096057429086,74.07407407407408,4.9719999999999995
330475,RJ,1,Critico,0.638583923010185,46.97674418604651,4.820000000000001
330480,RJ,1,Critico,0.6528231939784571,39.55223880597015,4.934
330490,RJ,1,Critico,0.640268421372619,46.11845888441633,4.845828220858897
330500,RJ,2,Intermediario,0.5474383821337313,59.13461538461539,4.8896428571428565
330510,RJ,1,Critico,0.7139409973327822,38.65147198480532,4.781927710843375
330513,RJ,2,Intermediario,0.30054367868607196,56.52173913043478,4.9275
330515,RJ,2,Intermediario,0.33805536721399776,75.29411764705883,5.131
330520,RJ,2,Intermediario,0.5297348627778766,51.82648401826484,4.89948717948718
330530,RJ,2,Intermediario,0.5233832593350219,54.285714285714285,5.201666666666666
330540,RJ,2,Intermediario,0.43084448141100085,73.41772151898735,4.98909090909091
330550,RJ,2,Intermediario,0.4560788333566049,61.60337552742617,4.9889743589743585
330555,RJ,1,Critico,0.6030354734841394,47.71573604060914,4.909736842105264
330560,RJ,2,Intermediario,0.5426422603515564,62.616822429906534,4.857777777777778
330575,RJ,2,Intermediario,0.5360244312877003,56.875,4.848571428571429
330580,RJ,2,Intermediario,0.4742065400654696,60.30150753768844,5.116666666666667
330590,RJ,2,Intermediario,0.306428907102019,83.33333333333334,4.9559999999999995
330600,RJ,2,Intermediario,0.5610276446178636,52.67175572519084,4.952187500000001
330610,RJ,2,Intermediario,0.5330467055739405,61.31386861313869,5.027741935483873
330620,RJ,2,Intermediario,0.44549615144806015,63.758389261744966,4.903333333333334
330630,RJ,2,Intermediario,0.46411869753617807,60.38834951456311,5.227682926829268
350010,SP,2,Intermediario,0.41566312022349267,64.1025641025641,5.48375
350030,SP,2,Intermediario,0.4762720292609831,59.30232558139535,5.208333333333333
350050,SP,2,Intermediario,0.6064087879304041,44.44444444444444,5.503333333333334
350055,SP,2,Intermediario,0.594496297140383,43.47826086956522,5.5
350070,SP,2,Intermediario,0.4509113198370518,62.66666666666667,5.299285714285715
350100,SP,2,Intermediario,0.40311381479005076,58.82352941176471,5.333333333333333
350115,SP,2,Intermediario,0.5486171123309772,48.484848484848484,5.319999999999999
350130,SP,2,Intermediario,0.3452143526744769,80.0,5.257499999999999
350160,SP,2,Intermediario,0.42645464530007293,64.70588235294117,5.4829411764705895
350170,SP,2,Intermediario,0.36107615225216355,66.66666666666666,5.2225
350190,SP,2,Intermediario,0.47306270073752443,71.42857142857143,5.439565217391305
350210,SP,2,Intermediario,0.43879632995905443,58.06451612903226,5.3100000000000005
350220,SP,2,Intermediario,0.5095344490046407,59.57446808510638,5.28875
350230,SP,2,Intermediario,0.6272585831479311,45.0,5.2075
350250,SP,2,Intermediario,0.5508727188500957,52.38095238095239,5.196470588235295
350270,SP,0,Consolidado,0.3098799066232425,76.0,5.042307692307692
350275,SP,2,Intermediario,0.5490242082667062,48.148148148148145,5.043
350280,SP,2,Intermediario,0.3331709358584727,72.16494845360825,5.314400000000003
350290,SP,2,Intermediario,0.5412714530359468,63.095238095238095,5.381333333333332
350310,SP,2,Intermediario,0.5369402547875242,60.0,5.273333333333333
350320,SP,2,Intermediario,0.40846287395840064,64.58333333333334,5.411836734693879
350330,SP,2,Intermediario,0.42791934683127764,60.73059360730594,5.411515151515151
350360,SP,0,Consolidado,0.3190514031626949,80.64516129032258,5.1975
350380,SP,2,Intermediario,0.5424924109173359,56.70103092783505,5.3133333333333335
350390,SP,2,Intermediario,0.4670470705900789,62.019230769230774,5.417
350400,SP,2,Intermediario,0.545977476227122,48.170731707317074,5.420624999999998
350410,SP,2,Intermediario,0.44978808899586353,69.39393939393939,5.417954545454545
350450,SP,2,Intermediario,0.5566429660971683,48.29545454545455,5.3109677419354835
350460,SP,2,Intermediario,0.4764209084827115,53.57142857142857,5.527499999999999
350520,SP,2,Intermediario,0.3314357103499872,69.38775510204081,5.321111111111111
350530,SP,0,Consolidado,0.25691109701184484,77.77777777777779,5.508
350550,SP,2,Intermediario,0.5102549984950732,62.12765957446808,5.264242424242425
350560,SP,2,Intermediario,0.5722500464021123,53.57142857142857,5.24
350570,SP,2,Intermediario,0.4083372625206048,66.66666666666666,5.360389610389613
350580,SP,2,Intermediario,0.6069164219187441,37.77777777777778,5.338333333333333
350590,SP,2,Intermediario,0.4668543105839462,60.43956043956044,5.317333333333333
350600,SP,2,Intermediario,0.47544898246158657,61.387900355871885,5.410714285714285
350610,SP,2,Intermediario,0.5399104718508716,57.14285714285714,5.3585714285714285
350635,SP,2,Intermediario,0.3982762471796399,70.09803921568627,5.0705
350650,SP,0,Consolidado,0.29572337864185855,76.47058823529412,5.337931034482757
350660,SP,2,Intermediario,0.5723558643011357,41.53846153846154,5.106999999999999
350670,SP,2,Intermediario,0.5321908585204772,54.285714285714285,5.2299999999999995
350690,SP,2,Intermediario,0.405125849402355,75.0,5.3325
350700,SP,2,Intermediario,0.4026802855050484,68.70229007633588,5.335500000000001
350710,SP,2,Intermediario,0.5473745590532704,55.00000000000001,5.27125
350740,SP,0,Consolidado,0.2196377427290715,78.26086956521739,5.343333333333333
350750,SP,2,Intermediario,0.525710422295919,58.454106280193244,5.362820512820512
350760,SP,2,Intermediario,0.5547226601073237,51.61290322580645,5.41425925925926
350780,SP,2,Intermediario,0.5531735285866767,52.94117647058824,5.485
350790,SP,2,Intermediario,0.5152118940085375,52.5,5.3025
350800,SP,2,Intermediario,0.44395259322703506,62.71186440677966,5.02375
350810,SP,2,Intermediario,0.41995403941776016,65.78947368421053,5.3725000000000005
350840,SP,2,Intermediario,0.44700933400231424,60.15625,5.333333333333334
350850,SP,2,Intermediario,0.635474005829703,47.58620689655172,5.3053846153846145
350860,SP,1,Critico,0.6343010943138352,22.448979591836736,5.132777777777778
350870,SP,2,Intermediario,0.4376660164028687,79.3103448275862,5.215
350880,SP,2,Intermediario,0.48594438047388316,60.46511627906976,5.251428571428571
350900,SP,2,Intermediario,0.5569491545088397,54.418604651162795,5.328888888888888
350920,SP,2,Intermediario,0.5610167390892317,52.752293577981646,5.253913043478261
350925,SP,3,Atencao,0.5161185314129796,54.43037974683544,5.0442857142857145
350930,SP,2,Intermediario,0.4419616480907346,57.14285714285714,5.39
350940,SP,2,Intermediario,0.5346213184717882,57.14285714285714,5.220000000000001
350950,SP,2,Intermediario,0.4214846635788103,66.26984126984127,5.407961165048542
350960,SP,2,Intermediario,0.6034460981710434,45.90163934426229,5.4395999999999995
350970,SP,2,Intermediario,0.5391604163215258,57.692307692307686,5.291666666666667
350990,SP,3,Atencao,0.49079107756424384,68.96551724137932,4.856249999999999
351000,SP,2,Intermediario,0.39560867481443146,78.57142857142857,5.346
351020,SP,0,Consolidado,0.32778038692248507,76.74418604651163,5.215882352941176
351030,SP,2,Intermediario,0.6152782906510809,48.214285714285715,5.217142857142858
351040,SP,2,Intermediario,0.4202483839667225,66.08695652173913,5.333684210526316
351050,SP,2,Intermediario,0.5236528648227289,61.07382550335571,5.2506818181818184
351060,SP,2,Intermediario,0.5073561354531564,59.77157360406091,5.184918032786885
351070,SP,2,Intermediario,0.4700773744756904,80.95238095238095,5.130000000000001
351080,SP,2,Intermediario,0.4739317975356754,63.63636363636363,5.263636363636364
351100,SP,3,Atencao,0.621863099247152,45.45454545454545,5.158571428571428
351110,SP,2,Intermediario,0.3739862030017514,68.08510638297872,5.278076923076924
351130,SP,2,Intermediario,0.5312731577414224,59.09090909090909,5.605
351140,SP,1,Critico,0.6658886856101403,27.659574468085108,5.243333333333333
351150,SP,2,Intermediario,0.4053890616456074,67.94871794871796,5.463076923076923
351160,SP,2,Intermediario,0.5639949305736192,52.83018867924528,5.206666666666666
351170,SP,2,Intermediario,0.4671398411216386,64.1025641025641,5.435714285714285
351200,SP,2,Intermediario,0.5324908663621306,56.75675675675676,5.29125
351210,SP,2,Intermediario,0.3407686118044142,72.41379310344827,5.254
351220,SP,2,Intermediario,0.5422075047770492,57.49999999999999,5.234545454545454
351230,SP,2,Intermediario,0.41240973883294646,62.857142857142854,5.306
351240,SP,2,Intermediario,0.38374658001075124,68.25396825396825,5.317777777777778
351280,SP,2,Intermediario,0.5129779071299393,57.84313725490197,5.394666666666667
351300,SP,2,Intermediario,0.6007638929382696,50.16339869281046,5.287564102564101
351310,SP,2,Intermediario,0.5227428641147213,54.6875,5.458749999999999
351340,SP,2,Intermediario,0.5442575468399957,56.81818181818182,5.153333333333332
351350,SP,1,Critico,0.6214329628461798,43.66197183098591,5.103448275862069
351360,SP,3,Atencao,0.5229427068848272,58.620689655172406,4.925714285714285
351370,SP,0,Consolidado,0.25630840302718594,82.35294117647058,5.481818181818182
351380,SP,2,Intermediario,0.4702854579329245,59.23984272608126,5.177066666666667
351410,SP,2,Intermediario,0.5291483141750734,57.77777777777777,5.244285714285714
351430,SP,2,Intermediario,0.3617753599135019,76.19047619047619,5.33
351440,SP,2,Intermediario,0.4549476596191477,63.51351351351351,5.439230769230769
351460,SP,2,Intermediario,0.4257158988387009,62.5,5.1975
351470,SP,0,Consolidado,0.09138274541586973,90.0,5.26
351490,SP,2,Intermediario,0.5344058027811084,57.99999999999999,5.4425
351500,SP,2,Intermediario,0.5919473776156723,48.421052631578945,5.161406249999999
351510,SP,2,Intermediario,0.49505205828747656,54.966887417218544,5.194999999999999
351515,SP,1,Critico,0.6141803176107188,40.625,5.17
351518,SP,2,Intermediario,0.29854376656776654,70.37037037037037,5.413076923076923
351540,SP,0,Consolidado,0.22386856320835777,82.75862068965517,5.28
351550,SP,2,Intermediario,0.4692197909110353,58.0952380952381,5.358499999999999
351570,SP,2,Intermediario,0.44093825327617825,66.32911392405063,5.183611111111112
351620,SP,2,Intermediario,0.3589841059714234,67.73211567732116,5.399080459770117
351630,SP,2,Intermediario,0.5549281983703638,50.116550116550115,5.093783783783784
351640,SP,2,Intermediario,0.5840366231077624,51.95195195195195,5.220555555555555
351670,SP,2,Intermediario,0.5257758013391463,61.29032258064516,5.2825
351690,SP,2,Intermediario,0.4049549723414006,61.904761904761905,5.262499999999999
351720,SP,2,Intermediario,0.4631387679682247,59.375,5.244000000000001
351740,SP,2,Intermediario,0.5474095187479634,52.0,5.242857142857143
351750,SP,2,Intermediario,0.38250730933936306,68.18181818181817,5.388
351760,SP,3,Atencao,0.4657724484712442,61.111111111111114,4.795714285714285
351770,SP,0,Consolidado,0.30997980916374834,77.5,5.203333333333333
351820,SP,2,Intermediario,0.3500118821492228,65.11627906976744,5.226666666666667
351830,SP,2,Intermediario,0.3090564620375752,76.25,5.372941176470587
351840,SP,2,Intermediario,0.5254963823278065,51.445086705202314,5.307142857142858
351850,SP,2,Intermediario,0.409641536978329,72.97297297297297,5.156666666666666
351860,SP,0,Consolidado,0.2973643613580661,83.09859154929578,5.241249999999999
351870,SP,2,Intermediario,0.589290428866123,49.42528735632184,5.01125
351880,SP,2,Intermediario,0.5836382336338234,51.47392290249433,5.216889763779529
351905,SP,2,Intermediario,0.4476613754977434,57.14285714285714,5.34
351907,SP,2,Intermediario,0.5401301277305957,55.53191489361702,5.394909090909093
351930,SP,2,Intermediario,0.406405778566587,76.47058823529412,5.343076923076923
351940,SP,2,Intermediario,0.45583679685971723,50.0,5.115
351960,SP,2,Intermediario,0.6015090160643547,44.79166666666667,5.285714285714285
351970,SP,2,Intermediario,0.5579729255965711,49.72375690607735,5.1308888888888875
352000,SP,0,Consolidado,0.3020348069780875,74.35897435897436,5.19
352010,SP,2,Intermediario,0.5483892769940151,57.77777777777777,5.14875
352020,SP,2,Intermediario,0.552235222995574,50.0,5.306
352030,SP,2,Intermediario,0.45511149858682,68.33333333333333,5.015000000000001
352040,SP,1,Critico,0.6537494284000192,49.42528735632184,5.169999999999999
352042,SP,2,Intermediario,0.4078930771382524,62.5,5.2075
352044,SP,2,Intermediario,0.25895206179991886,83.33333333333334,5.52625
352050,SP,2,Intermediario,0.46050727252318735,61.70634920634921,5.564583333333333
352090,SP,2,Intermediario,0.5250053225501176,62.96296296296296,5.175
352100,SP,1,Critico,0.6259939180157529,31.506849315068493,5.24
352110,SP,2,Intermediario,0.44780835990856643,56.52173913043478,5.1775
352130,SP,3,Atencao,0.4243046848717029,59.25925925925925,5.001666666666666
352140,SP,2,Intermediario,0.4645018398105175,71.42857142857143,5.3757142857142854
352180,SP,2,Intermediario,0.6025476476804987,43.93939393939394,5.181666666666667
352190,SP,0,Consolidado,0.23187364329800997,89.65517241379311,5.22
352210,SP,2,Intermediario,0.6075352826706265,48.20717131474104,5.135135135135136
352220,SP,2,Intermediario,0.5313288040704713,55.3072625698324,5.228852459016394
352230,SP,2,Intermediario,0.5102898205603483,48.328267477203646,5.260357142857145
352240,SP,2,Intermediario,0.5369697211119911,60.63829787234043,5.1193333333333335
352250,SP,2,Intermediario,0.5423060658485239,53.687315634218294,5.166140350877193
352260,SP,2,Intermediario,0.42545614805161275,60.60606060606061,5.387499999999999
352270,SP,0,Consolidado,0.31884499529307786,79.1044776119403,5.29
352280,SP,0,Consolidado,0.37476332037543564,88.46153846153845,5.003333333333333
352290,SP,2,Intermediario,0.5674824286758804,51.515151515151516,5.285
352310,SP,2,Intermediario,0.5132105228111018,56.37305699481865,5.14827160493827
352320,SP,2,Intermediario,0.5530941305462791,51.35135135135135,5.184500000000001
352330,SP,2,Intermediario,0.4722697906591778,69.81132075471697,4.835714285714285
352340,SP,2,Intermediario,0.33828678351308505,71.57894736842105,5.479677419354838
352350,SP,2,Intermediario,0.5411433311144986,58.139534883720934,5.26
352360,SP,2,Intermediario,0.3919392377451357,69.56521739130434,5.203333333333333
352390,SP,2,Intermediario,0.4557815544447135,63.32179930795848,5.341666666666669
352400,SP,2,Intermediario,0.6102814031814079,53.17460317460318,5.428947368421053
352410,SP,2,Intermediario,0.5957346747562862,52.17391304347826,5.195
352430,SP,2,Intermediario,0.5293380031289519,62.76595744680851,5.280588235294118
352440,SP,2,Intermediario,0.567576117375255,49.36386768447837,5.31542372881356
352450,SP,2,Intermediario,0.41259552844385383,68.0,5.365
352460,SP,2,Intermediario,0.525729028089629,60.0,4.92
352470,SP,2,Intermediario,0.37996970365517246,70.47619047619048,5.508571428571428
352480,SP,2,Intermediario,0.36012559349089396,68.91891891891892,5.5078571428571435
352500,SP,2,Intermediario,0.5688993450406994,47.093023255813954,5.200769230769231
352510,SP,2,Intermediario,0.6209181185756054,39.175257731958766,5.335000000000001
352520,SP,2,Intermediario,0.6278959959793448,45.21739130434783,5.372727272727272
352530,SP,2,Intermediario,0.5409791115430738,58.620689655172406,5.390606060606061
352550,SP,2,Intermediario,0.5145011830958852,55.55555555555556,5.2975
352570,SP,2,Intermediario,0.4817724807061463,62.5,5.3012500000000005
352590,SP,2,Intermediario,0.36752327453613437,67.53782668500688,5.537261904761905
352600,SP,0,Consolidado,0.24678266140135804,88.57142857142857,5.478
352610,SP,3,Atencao,0.5434582893092875,46.666666666666664,4.920999999999999
352620,SP,2,Intermediario,0.44375733835211456,59.25925925925925,5.042
352640,SP,2,Intermediario,0.5144245629704448,61.702127659574465,5.249000000000001
352670,SP,2,Intermediario,0.4637015279280794,65.19607843137256,5.298750000000001
352680,SP,2,Intermediario,0.44754254799962967,68.51851851851852,5.481
352690,SP,2,Intermediario,0.4529271237157613,60.58091286307054,5.433055555555556
352710,SP,0,Consolidado,0.24970172270421098,82.17054263565892,5.386363636363637
352720,SP,2,Intermediario,0.6106826309314531,49.64028776978417,5.222666666666667
352730,SP,2,Intermediario,0.5247572055579244,56.48854961832062,5.354999999999999
352740,SP,2,Intermediario,0.4026374342038711,64.0,5.388333333333334
352760,SP,1,Critico,0.648057128209197,38.095238095238095,5.174
352800,SP,2,Intermediario,0.45879792994662616,63.33333333333333,5.431666666666667
352850,SP,2,Intermediario,0.46232298139690176,64.64088397790056,5.184324324324325
352860,SP,2,Intermediario,0.43184716671998286,52.17391304347826,5.1925
352900,SP,2,Intermediario,0.4284212670542874,64.53488372093024,5.40875
352920,SP,2,Intermediario,0.44665359749631417,57.57575757575758,5.30625
352930,SP,2,Intermediario,0.354264892910321,67.85714285714286,5.422083333333333
352940,SP,2,Intermediario,0.35623102291435327,74.58279845956355,5.238
352970,SP,1,Critico,0.747544291605425,29.03225806451613,5.093333333333334
352980,SP,2,Intermediario,0.42854173936368145,68.18181818181817,5.2075
352990,SP,2,Intermediario,0.4443390031714077,60.0,4.839411764705882
353010,SP,2,Intermediario,0.5489043365290387,44.11764705882353,5.191666666666666
353020,SP,0,Consolidado,0.16827804230429755,92.5925925925926,5.117500000000001
353030,SP,2,Intermediario,0.4521687804854325,57.49999999999999,5.432307692307693
353050,SP,2,Intermediario,0.3498581612593903,68.13186813186813,5.291666666666666
353060,SP,2,Intermediario,0.6074065471138435,49.36708860759494,5.289999999999998
353070,SP,2,Intermediario,0.4539904400509133,60.37735849056604,5.402093023255814
353080,SP,2,Intermediario,0.5206839305794511,58.45070422535211,5.456206896551724
353110,SP,1,Critico,0.6517976414747778,40.689655172413794,5.170869565217392
353130,SP,2,Intermediario,0.4945827004416511,55.55555555555556,5.317692307692308
353140,SP,2,Intermediario,0.4157808568727089,67.5,5.366666666666667
353150,SP,2,Intermediario,0.5297125152336661,63.63636363636363,5.406
353180,SP,2,Intermediario,0.6179051403998187,42.94871794871795,5.340952380952381
353190,SP,2,Intermediario,0.6176731414549774,47.45762711864407,5.192499999999999
353240,SP,2,Intermediario,0.48227401241824175,62.16216216216216,5.152222222222221
353282,SP,3,Atencao,0.4662047037975844,65.0,4.912857142857144
353300,SP,2,Intermediario,0.4925968195913656,72.72727272727273,5.205
353325,SP,2,Intermediario,0.4491354680226497,73.91304347826086,5.119999999999999
353340,SP,2,Intermediario,0.5143354950788088,55.319148936170215,5.5415789473684205
353350,SP,0,Consolidado,0.3080389626186382,68.18181818181817,5.300833333333334
353390,SP,2,Intermediario,0.3187156768842219,71.02803738317756,5.376
353430,SP,2,Intermediario,0.5312441322597218,65.57377049180327,5.3625
353440,SP,2,Intermediario,0.6063652066184327,49.962880475129914,5.234311926605503
353460,SP,2,Intermediario,0.5055014563083231,57.692307692307686,5.435
353470,SP,2,Intermediario,0.536302971446676,51.08695652173913,5.332142857142858
353475,SP,0,Consolidado,0.16271080025054235,85.71428571428571,5.303333333333334
353500,SP,0,Consolidado,0.3439658014324156,83.33333333333334,5.255
353510,SP,0,Consolidado,0.2913698466913662,80.0,5.197500000000001
353530,SP,2,Intermediario,0.47727726712905394,56.75675675675676,5.36125
353540,SP,0,Consolidado,0.11460779599386475,87.87878787878788,5.1883333333333335
353550,SP,2,Intermediario,0.5289064502769848,50.0,5.2813333333333325
353560,SP,2,Intermediario,0.5082103540388897,54.761904761904766,5.095000000000001
353580,SP,1,Critico,0.6388238426317153,37.77777777777778,5.20375
353600,SP,0,Consolidado,0.3357765030218299,72.72727272727273,4.983999999999999
353620,SP,2,Intermediario,0.45107843554052024,63.888888888888886,5.0600000000000005
353630,SP,2,Intermediario,0.4196812526511006,66.66666666666666,5.423333333333333
353640,SP,0,Consolidado,0.3033208771285755,76.92307692307693,5.155
353650,SP,2,Intermediario,0.46391327417799216,62.84403669724771,5.561739130434782
353670,SP,2,Intermediario,0.6159253641889312,45.88235294117647,5.333888888888889
353700,SP,2,Intermediario,0.5572191336299454,50.0,5.41375
353710,SP,0,Consolidado,0.08168263786071057,91.95402298850574,5.418333333333333
353720,SP,1,Critico,0.6313904138900005,50.0,4.922000000000001
353730,SP,2,Intermediario,0.43578780964491465,59.59595959595959,5.265000000000001
353740,SP,0,Consolidado,0.23349823359646926,86.11111111111111,5.316666666666666
353750,SP,2,Intermediario,0.42602467549089945,62.96296296296296,5.1625
353760,SP,1,Critico,0.6174253362750738,43.57142857142857,5.114583333333333
353780,SP,2,Intermediario,0.46191521343586855,75.0,5.207857142857143
353790,SP,2,Intermediario,0.4534922576279796,63.07692307692307,5.282222222222222
353800,SP,2,Intermediario,0.4544942843659773,65.90163934426229,5.319436619718312
353810,SP,2,Intermediario,0.464806670209242,52.38095238095239,5.324999999999999
353820,SP,0,Consolidado,0.2809093907870271,74.07407407407408,5.408
353850,SP,2,Intermediario,0.38911836673653766,72.72727272727273,5.138
353860,SP,2,Intermediario,0.5184877480332483,56.25,5.319230769230768
353870,SP,2,Intermediario,0.48787805249790234,64.60905349794238,5.407037037037037
353880,SP,2,Intermediario,0.35729913007076375,74.28571428571429,5.352666666666665
353890,SP,1,Critico,0.6090486794202512,36.36363636363637,5.3425
353900,SP,2,Intermediario,0.31236322334326116,80.0,5.395
353910,SP,1,Critico,0.6635224488923601,45.614035087719294,5.055714285714285
353920,SP,2,Intermediario,0.39103424348697885,72.91666666666666,5.32
353930,SP,2,Intermediario,0.5415995539729842,52.74725274725275,5.395
353940,SP,1,Critico,0.6201168440705119,29.166666666666668,5.475
353950,SP,2,Intermediario,0.42316352561190734,75.0,5.178333333333334
353980,SP,2,Intermediario,0.5641848722239535,51.569506726457405,5.3342857142857145
354000,SP,2,Intermediario,0.46956903077506906,56.41025641025641,5.478000000000001
354020,SP,2,Intermediario,0.4392021740835227,67.94871794871796,5.046666666666667
354060,SP,2,Intermediario,0.366144873464443,72.64150943396226,5.3675
354070,SP,2,Intermediario,0.5785571631796679,39.39393939393939,5.320833333333333
354075,SP,1,Critico,0.6161382028370328,41.46341463414634,5.005
354080,SP,2,Intermediario,0.4577523222400585,56.41025641025641,5.3175
354090,SP,2,Intermediario,0.4432748590334297,67.64705882352942,5.375
354100,SP,2,Intermediario,0.5719876158684408,50.0,5.245081967213115
354130,SP,0,Consolidado,0.34931682145331416,75.60975609756098,5.216923076923077
354140,SP,2,Intermediario,0.4799911966875734,61.5625,5.422545454545456
354150,SP,0,Consolidado,0.3113481320915699,76.27118644067797,5.359999999999999
354160,SP,2,Intermediario,0.342262486159338,72.3404255319149,5.259090909090909
354170,SP,2,Intermediario,0.4048001363894697,60.0,5.297499999999999
354190,SP,2,Intermediario,0.406710280861316,60.86956521739131,5.06
354210,SP,0,Consolidado,0.3496287682235884,80.0,5.364999999999999
354220,SP,2,Intermediario,0.46845465170323414,55.55555555555556,5.321666666666668
354240,SP,2,Intermediario,0.4485696588832737,61.76470588235294,5.36875
354250,SP,0,Consolidado,0.19556039948112605,85.71428571428571,5.21
354260,SP,2,Intermediario,0.4528197543951158,52.0,5.048
354270,SP,2,Intermediario,0.535655911515967,51.85185185185185,5.329999999999999
354300,SP,3,Atencao,0.4265916398884841,71.69811320754717,4.804166666666666
354330,SP,2,Intermediario,0.39868411210973514,61.42131979695431,5.440256410256409
354340,SP,2,Intermediario,0.5167792151326421,55.73604060913706,5.289504950495047
354370,SP,2,Intermediario,0.33369369869725596,82.75862068965517,5.205
354390,SP,2,Intermediario,0.5439103045533382,52.25225225225225,5.346875000000002
354400,SP,2,Intermediario,0.5092733850903666,51.724137931034484,5.410833333333334
354410,SP,2,Intermediario,0.4543332746475571,60.256410256410255,5.243333333333334
354420,SP,0,Consolidado,0.18978043205821463,95.0,4.873333333333333
354425,SP,0,Consolidado,0.24159762646735697,80.64516129032258,5.242
354430,SP,2,Intermediario,0.4274681833478181,51.515151515151516,5.336666666666667
354500,SP,2,Intermediario,0.4385209837566044,68.96551724137932,5.255714285714285
354515,SP,2,Intermediario,0.437998641328566,71.42857142857143,5.743333333333333
354520,SP,2,Intermediario,0.3873841792284262,67.44186046511628,5.499259259259259
354530,SP,2,Intermediario,0.5894614650354347,43.29896907216495,5.271176470588236
354560,SP,2,Intermediario,0.4534434000990757,54.54545454545454,5.416
354580,SP,2,Intermediario,0.4081162651541496,69.96587030716724,5.482666666666667
354600,SP,2,Intermediario,0.6057310998989167,36.0,5.225999999999999
354630,SP,2,Intermediario,0.5248588443518413,57.57575757575758,5.223333333333333
354640,SP,2,Intermediario,0.3746928312222142,68.05555555555556,5.301666666666667
354660,SP,2,Intermediario,0.5325672041263063,55.26315789473685,5.474444444444445
354670,SP,2,Intermediario,0.45016566399735947,69.0909090909091,5.315555555555556
354680,SP,2,Intermediario,0.41507878117441477,68.0,5.2214285714285715
354750,SP,2,Intermediario,0.4177984675188537,57.14285714285714,5.368333333333334
354760,SP,0,Consolidado,0.3175020927159306,79.48717948717949,5.285555555555556
354770,SP,0,Consolidado,0.2796262709832077,82.6086956521739,5.056
354780,SP,2,Intermediario,0.48006624957214145,63.18181818181819,5.4034328358208965
354800,SP,2,Intermediario,0.45828832499692124,64.44444444444444,5.288749999999999
354805,SP,2,Intermediario,0.45832171778316183,57.14285714285714,5.2620000000000005
354850,SP,2,Intermediario,0.5514261105567608,52.12264150943396,5.143870967741936
354860,SP,2,Intermediario,0.5225096369129769,65.0,5.506
354870,SP,2,Intermediario,0.5475965533390597,54.4264819091609,5.419513888888892
354880,SP,2,Intermediario,0.4392303362379161,68.11594202898551,5.688709677419354
354890,SP,2,Intermediario,0.4541118335731148,62.174940898345156,5.437391304347827
354910,SP,2,Intermediario,0.467336082202621,60.83333333333333,5.444090909090908
354940,SP,2,Intermediario,0.390406915397158,62.31884057971014,5.383636363636364
354970,SP,2,Intermediario,0.3931583703561935,66.66666666666666,5.39705882352941
354980,SP,2,Intermediario,0.5351699926299341,56.81492109038737,5.404124999999999
354990,SP,2,Intermediario,0.4405507730220056,62.528560548362535,5.451102362204724
354995,SP,2,Intermediario,0.5304910506203281,55.172413793103445,5.27
355010,SP,2,Intermediario,0.47352313037146754,60.0,5.373846153846154
355020,SP,0,Consolidado,0.3436589726734931,73.33333333333333,5.064210526315789
355030,SP,2,Intermediario,0.5227879297097424,56.6132843265949,5.142790697674418
355040,SP,2,Intermediario,0.5276759033658642,62.71186440677966,5.464
355060,SP,2,Intermediario,0.5588992522605908,47.55244755244755,5.31
355070,SP,1,Critico,0.630424618815934,41.83673469387755,5.172727272727272
355080,SP,2,Intermediario,0.4018541762540552,88.46153846153845,5.17
355100,SP,2,Intermediario,0.601389813310249,50.99009900990099,5.057192982456142
355150,SP,2,Intermediario,0.6462220918517672,57.27272727272727,5.215
355170,SP,2,Intermediario,0.548215251694169,57.08812260536399,5.3603571428571435
355180,SP,2,Intermediario,0.5613665491910199,68.75,4.843333333333334
355190,SP,2,Intermediario,0.4655810054697556,52.17391304347826,5.17
355210,SP,2,Intermediario,0.46334440815260974,54.347826086956516,5.442727272727273
355220,SP,2,Intermediario,0.5320087386396855,54.495268138801265,5.459492753623192
355240,SP,2,Intermediario,0.48552522449680424,58.28460038986355,5.400566037735848
355250,SP,2,Intermediario,0.5629155793089007,53.86740331491713,5.279393939393938
355270,SP,2,Intermediario,0.47986991449015454,62.16216216216216,5.274
355280,SP,2,Intermediario,0.5995120391581995,49.7029702970297,5.274901960784312
355300,SP,2,Intermediario,0.3502383629395024,78.125,5.1866666666666665
355330,SP,2,Intermediario,0.5037495483113534,57.57575757575758,5.1425
355340,SP,0,Consolidado,0.343475952635761,86.8421052631579,5.30375
355360,SP,0,Consolidado,0.28211155196575954,72.72727272727273,5.204
355370,SP,2,Intermediario,0.334241174958012,68.88888888888889,5.332105263157893
355380,SP,2,Intermediario,0.5414073166365104,69.23076923076923,5.150909090909091
355395,SP,0,Consolidado,0.12647292503919497,97.22222222222221,5.368571428571429
355400,SP,2,Intermediario,0.5520854068899155,56.25,5.311
355410,SP,2,Intermediario,0.5596941539673805,54.58823529411765,5.393918918918919
355430,SP,2,Intermediario,0.2958170775711073,70.83333333333334,5.22875
355450,SP,2,Intermediario,0.45389165044871116,61.53846153846154,5.386666666666666
355480,SP,2,Intermediario,0.5487940440246087,55.932203389830505,5.302666666666667
355500,SP,2,Intermediario,0.5102080192512577,51.45631067961165,5.415294117647058
355510,SP,0,Consolidado,0.07640095843951737,86.36363636363636,5.5
355540,SP,1,Critico,0.7130261772831475,36.702127659574465,5.043529411764707
355560,SP,0,Consolidado,0.19836651554946505,88.0,5.366666666666666
355600,SP,2,Intermediario,0.4157331388830401,62.06896551724138,5.406666666666666
355610,SP,0,Consolidado,0.20760940560415522,85.71428571428571,5.220000000000001
355620,SP,2,Intermediario,0.6042768404601616,49.06832298136646,5.5018518518518515
355630,SP,2,Intermediario,0.360205146681167,65.11627906976744,5.1814285714285715
355635,SP,2,Intermediario,0.40883926648589575,42.857142857142854,5.3
355640,SP,2,Intermediario,0.45616190415067165,68.36734693877551,5.24153846153846
355645,SP,2,Intermediario,0.43615648158555403,63.888888888888886,5.3861904761904755
355650,SP,2,Intermediario,0.5558992517146996,50.672645739910315,5.336521739130435
355670,SP,2,Intermediario,0.5352328556776581,60.3448275862069,5.588823529411764
355680,SP,2,Intermediario,0.461677628968757,53.57142857142857,5.146
355690,SP,3,Atencao,0.5558155173196936,68.0,5.0600000000000005
355700,SP,2,Intermediario,0.547632164169554,53.50877192982456,5.367297297297298
355710,SP,2,Intermediario,0.4644446625738346,67.74193548387096,5.348695652173912
355720,SP,2,Intermediario,0.5720165305543646,61.904761904761905,5.1525
410010,PR,2,Intermediario,0.5182753474556582,63.63636363636363,5.056666666666667
410020,PR,3,Atencao,0.4597288114497981,51.724137931034484,4.845000000000001
410030,PR,0,Consolidado,0.24318049240690173,81.15942028985508,5.16
410040,PR,2,Intermediario,0.5955277659880007,50.9719222462203,5.18531914893617
410045,PR,0,Consolidado,0.32320586526567235,81.81818181818183,4.99
410050,PR,2,Intermediario,0.3253888148250371,70.11494252873564,5.154444444444445
410060,PR,2,Intermediario,0.3946427759471864,68.05555555555556,5.220000000000001
410070,PR,2,Intermediario,0.373332279038831,72.3404255319149,5.131428571428571
410080,PR,2,Intermediario,0.3811676820341094,74.35897435897436,5.15
410090,PR,0,Consolidado,0.32562961132568374,73.33333333333333,5.045
410100,PR,2,Intermediario,0.39290347223188843,66.66666666666666,5.21
410110,PR,2,Intermediario,0.4267046774185824,59.4059405940594,5.095555555555555
410120,PR,2,Intermediario,0.43205503053816724,70.51282051282051,5.0166666666666675
410130,PR,0,Consolidado,0.18419851633901474,97.05882352941177,5.079999999999999
410140,PR,0,Consolidado,0.26418302801517324,81.59509202453987,5.286862745098039
410150,PR,2,Intermediario,0.3345735495704699,73.82978723404256,5.409473684210526
410160,PR,2,Intermediario,0.3685767091789252,71.53846153846153,5.187142857142857
410170,PR,0,Consolidado,0.3134609056215222,84.375,5.175
410180,PR,2,Intermediario,0.4027648537752409,70.81659973226239,5.3797999999999995
410190,PR,0,Consolidado,0.22352072694990366,87.5,5.29875
410200,PR,0,Consolidado,0.24480208770805958,82.1917808219178,5.352500000000001
410230,PR,2,Intermediario,0.31911876656192234,80.21978021978022,5.372727272727273
410240,PR,2,Intermediario,0.32711531542879774,66.66666666666666,5.221333333333334
410250,PR,0,Consolidado,0.23561100930606943,88.09523809523809,4.989999999999999
410260,PR,2,Intermediario,0.33624943035337207,69.64285714285714,5.367142857142857
410280,PR,2,Intermediario,0.5006636176685234,60.317460317460316,5.205
410290,PR,2,Intermediario,0.3067124540014844,75.55555555555556,5.190999999999999
410300,PR,0,Consolidado,0.14347772951045082,96.0,5.404999999999999
410305,PR,2,Intermediario,0.44755344676098535,53.70370370370371,5.078571428571429
410310,PR,2,Intermediario,0.5634399470144235,50.63291139240506,4.984999999999999
410315,PR,0,Consolidado,0.18595354090450475,86.36363636363636,4.976666666666667
410320,PR,2,Intermediario,0.43783005590823026,68.88888888888889,5.235
410322,PR,2,Intermediario,0.29959851960596934,71.42857142857143,5.615
410330,PR,0,Consolidado,0.25229251907713723,72.72727272727273,5.262499999999999
410345,PR,0,Consolidado,0.2479416847660925,86.40776699029125,5.295
410350,PR,2,Intermediario,0.3227133537435832,62.7906976744186,5.17
410360,PR,2,Intermediario,0.47802451541584867,62.93103448275862,5.207272727272727
410370,PR,2,Intermediario,0.2964182042922617,81.63265306122449,5.417857142857143
410380,PR,0,Consolidado,0.21208803262106243,82.0,5.220000000000001
410390,PR,0,Consolidado,0.26650083625576,84.93150684931507,4.999999999999999
410395,PR,0,Consolidado,0.2093799099118543,80.64516129032258,4.92
410400,PR,2,Intermediario,0.3924941928747038,70.48611111111111,5.177368421052632
410405,PR,2,Intermediario,0.32684357358742744,80.0,5.234999999999999
410410,PR,2,Intermediario,0.24943279664529555,83.33333333333334,5.2175
410420,PR,2,Intermediario,0.36458488166861824,70.91757387247279,5.402142857142858
410425,PR,2,Intermediario,0.5069343095150277,51.162790697674424,5.263571428571429
410430,PR,2,Intermediario,0.3046157118468234,79.1005291005291,5.317096774193549
410440,PR,0,Consolidado,0.20732763571907106,78.125,4.927142857142857
410442,PR,2,Intermediario,0.39086828997137396,63.33333333333333,4.985454545454545
410445,PR,2,Intermediario,0.38880796127982853,68.75,4.958571428571429
410450,PR,0,Consolidado,0.29049735122453,81.37254901960785,5.388333333333334
410460,PR,2,Intermediario,0.32991803147288234,80.48780487804879,5.338571428571429
410465,PR,2,Intermediario,0.3569901293428693,76.41509433962264,5.276666666666666
410470,PR,2,Intermediario,0.38220523727616357,76.27118644067797,5.235
410480,PR,2,Intermediario,0.2946956194831068,75.46408393866021,5.411515151515152
410490,PR,2,Intermediario,0.32913427698803366,74.1514360313316,5.156000000000001
410500,PR,2,Intermediario,0.47893522098916125,56.00000000000001,5.204285714285715
410510,PR,2,Intermediario,0.48933364270510815,60.86956521739131,5.082000000000001
410520,PR,2,Intermediario,0.5788896170499379,56.75675675675676,4.821666666666667
410530,PR,0,Consolidado,0.22206601449808136,84.90566037735849,5.425714285714286
410540,PR,2,Intermediario,0.3058595982710395,73.07692307692307,5.305714285714286
410550,PR,0,Consolidado,0.30099281264029276,80.84507042253522,5.393076923076923
410560,PR,2,Intermediario,0.4324665259651315,60.29411764705882,5.033333333333333
410570,PR,2,Intermediario,0.3327490472099637,77.77777777777779,5.177692307692308
410580,PR,2,Intermediario,0.4522184652739832,61.15166261151662,5.370923076923077
410600,PR,2,Intermediario,0.5416942445453671,50.0,5.1325
410610,PR,2,Intermediario,0.4784549381307845,80.0,5.223333333333333
410620,PR,0,Consolidado,0.2992650417051246,77.11864406779661,5.270833333333333
410630,PR,2,Intermediario,0.26446036240550064,83.75,5.331
410640,PR,2,Intermediario,0.31838039808806884,70.77922077922078,5.404736842105263
410645,PR,2,Intermediario,0.3915865779132567,75.0,4.812
410650,PR,2,Intermediario,0.27860172756689605,75.49019607843137,5.36125
410655,PR,0,Consolidado,0.18257446355721277,90.47619047619048,4.98
410660,PR,0,Consolidado,0.33791725580052306,79.59183673469387,5.17
410680,PR,0,Consolidado,0.22126211371409235,80.95238095238095,5.027142857142858
410690,PR,2,Intermediario,0.40066175291839123,68.75987361769353,5.536061538461541
410700,PR,2,Intermediario,0.323220088831406,78.08219178082192,5.0825
410710,PR,2,Intermediario,0.3229142872123767,76.19047619047619,5.29
410720,PR,2,Intermediario,0.2345425596285796,83.47457627118644,5.437391304347826
410725,PR,2,Intermediario,0.48444780686133665,59.57446808510638,5.53
410730,PR,2,Intermediario,0.3586156725174485,69.23076923076923,5.5
410740,PR,0,Consolidado,0.21310874873132238,82.6086956521739,5.3825
410750,PR,0,Consolidado,0.22195911437477261,86.79245283018868,5.161428571428572
410753,PR,0,Consolidado,0.14347277485540239,88.0,5.455
410760,PR,0,Consolidado,0.2873819875962939,75.86206896551724,5.029
410765,PR,2,Intermediario,0.42265172785565297,67.9340937896071,5.328055555555555
410773,PR,0,Consolidado,0.25245720561724627,76.66666666666667,5.111666666666666
410775,PR,0,Consolidado,0.24898376874837186,78.57142857142857,5.2700000000000005
410780,PR,2,Intermediario,0.23237354506694458,76.0,5.4799999999999995
410785,PR,0,Consolidado,0.20858048132532203,87.09677419354838,5.1225
410790,PR,0,Consolidado,0.3239131676802547,71.42857142857143,5.04
410800,PR,2,Intermediario,0.43741490236036334,66.66666666666666,4.996666666666667
410820,PR,0,Consolidado,0.19776796093128493,95.65217391304348,5.51
410830,PR,2,Intermediario,0.3479578599280666,71.34786117836966,5.394050632911394
410832,PR,2,Intermediario,0.3231422057793942,84.44444444444444,5.326666666666667
410840,PR,2,Intermediario,0.29441001420776786,76.78571428571429,5.4772727272727275
410845,PR,0,Consolidado,0.27390206700238723,90.32258064516128,5.16
410850,PR,2,Intermediario,0.3816960470423228,65.21739130434783,5.08
410860,PR,2,Intermediario,0.39455350284028307,68.29268292682927,5.276
410865,PR,0,Consolidado,0.153827148636583,91.66666666666666,4.816666666666666
410870,PR,2,Intermediario,0.4408953743326336,62.857142857142854,4.913333333333333
410880,PR,2,Intermediario,0.4283745972348985,66.01307189542483,5.102777777777778
410890,PR,2,Intermediario,0.3134715986612841,82.6086956521739,5.130000000000001
410895,PR,0,Consolidado,0.31382948454931553,74.28571428571429,5.0075
410900,PR,0,Consolidado,0.2653604435033355,79.16666666666666,5.029999999999999
410930,PR,2,Intermediario,0.3021206987787512,69.41176470588235,4.956666666666667
410940,PR,2,Intermediario,0.3727078584896445,71.39807897545357,5.227142857142856
410950,PR,2,Intermediario,0.48334666437813545,50.0,4.781999999999999
410960,PR,2,Intermediario,0.4215579419509469,69.4980694980695,5.245294117647059
410965,PR,2,Intermediario,0.43942666971285316,65.625,5.109999999999999
410970,PR,2,Intermediario,0.3459638921471012,71.2,5.123888888888889
410975,PR,2,Intermediario,0.3753455434687847,75.0,4.8999999999999995
410980,PR,2,Intermediario,0.38017496439407167,67.84313725490196,5.3500000000000005
410990,PR,2,Intermediario,0.43208316434067734,53.48837209302325,5.175
411007,PR,2,Intermediario,0.35703785606438143,72.22222222222221,4.997777777777778
411010,PR,0,Consolidado,0.2784042373064681,83.79888268156425,5.185
411020,PR,2,Intermediario,0.34958438674809783,77.27272727272727,4.9314285714285715
411040,PR,0,Consolidado,0.2918802460023955,86.20689655172413,5.345
411050,PR,0,Consolidado,0.20692609354924468,86.48648648648648,5.17090909090909
411060,PR,2,Intermediario,0.41704704867308,64.28571428571429,5.102
411070,PR,0,Consolidado,0.20156549720310477,84.70588235294117,5.281891891891892
411080,PR,0,Consolidado,0.23456640603461756,90.19607843137256,5.098333333333334
411090,PR,2,Intermediario,0.42301391283615997,68.0,5.225
411095,PR,0,Consolidado,0.21148480879000162,85.9375,5.198333333333332
411110,PR,0,Consolidado,0.19304918911595592,95.83333333333334,5.346666666666667
411120,PR,2,Intermediario,0.3123567980710257,71.42857142857143,5.226
411125,PR,2,Intermediario,0.5386680028644829,56.91489361702128,4.964166666666667
411140,PR,0,Consolidado,0.23291173533130502,84.72222222222221,5.027777777777779
411150,PR,2,Intermediario,0.3946259270780868,78.94736842105263,5.206
411155,PR,0,Consolidado,0.24965851031069414,80.0,5.074999999999999
411170,PR,0,Consolidado,0.26662653405722825,83.33333333333334,5.0649999999999995
411180,PR,2,Intermediario,0.5655074030123862,54.3046357615894,5.20625
411190,PR,2,Intermediario,0.3911062617143906,69.47368421052632,5.28
411200,PR,0,Consolidado,0.2700912224527519,80.66666666666666,5.201176470588234
411210,PR,2,Intermediario,0.34348394454190706,77.33333333333333,5.36625
411220,PR,0,Consolidado,0.25757771303260873,75.0,5.220000000000001
411240,PR,0,Consolidado,0.29185146839781545,70.96774193548387,5.383333333333333
411250,PR,2,Intermediario,0.38016239114986683,64.86486486486487,4.989999999999999
411270,PR,2,Intermediario,0.45760757891539167,62.264150943396224,5.181666666666667
411275,PR,0,Consolidado,0.2092702691429882,91.66666666666666,5.1850000000000005
411280,PR,0,Consolidado,0.21283118214873897,85.24590163934425,5.2057142857142855
411290,PR,2,Intermediario,0.512855363993565,40.909090909090914,5.03
411295,PR,2,Intermediario,0.46558660748311315,52.17391304347826,5.346666666666666
411300,PR,2,Intermediario,0.38464312659009015,68.08510638297872,5.35
411320,PR,0,Consolidado,0.2898287038050153,81.25,5.228387096774193
411330,PR,2,Intermediario,0.37681511936693873,72.83236994219652,5.141666666666667
411345,PR,0,Consolidado,0.282059854735436,77.41935483870968,5.051666666666667
411350,PR,2,Intermediario,0.3340404618178915,69.3069306930693,5.253333333333333
411370,PR,2,Intermediario,0.33991930527183123,74.77432296890673,5.442828947368424
411373,PR,0,Consolidado,0.2008273340213696,86.95652173913044,5.09
411375,PR,2,Intermediario,0.4812525442903784,69.56521739130434,5.123333333333333
411390,PR,0,Consolidado,0.19767286950630591,92.53731343283582,5.234285714285714
411400,PR,0,Consolidado,0.25710279889994697,71.11111111111111,5.1014285714285705
411410,PR,2,Intermediario,0.46267899005978846,58.08823529411765,5.170000000000001
411420,PR,0,Consolidado,0.24102672485121596,89.01098901098901,5.301111111111111
411430,PR,2,Intermediario,0.35409387484913385,74.80314960629921,5.290000000000001
411440,PR,2,Intermediario,0.3758542110111631,71.76470588235294,5.161666666666667
411450,PR,2,Intermediario,0.3799333461344856,71.15384615384616,5.315714285714286
411460,PR,2,Intermediario,0.3190016711078499,76.72727272727272,5.359166666666668
411470,PR,2,Intermediario,0.5068018036040413,65.0,5.18
411480,PR,2,Intermediario,0.3479982576093402,78.23834196891191,5.457857142857143
411490,PR,2,Intermediario,0.2975307275676362,73.17073170731707,5.204
411500,PR,0,Consolidado,0.2753124420801033,77.14285714285715,5.13
411510,PR,2,Intermediario,0.5032986145037547,58.139534883720934,5.1025
411520,PR,2,Intermediario,0.2680435358049686,80.29871977240398,5.5557317073170704
411530,PR,2,Intermediario,0.3593028742155665,74.19354838709677,5.42
411535,PR,2,Intermediario,0.28158330044164537,75.0,5.6325
411540,PR,0,Consolidado,0.24688059175440227,80.28169014084507,5.3187500000000005
411545,PR,0,Consolidado,0.25756685026725834,73.91304347826086,5.056666666666667
411550,PR,2,Intermediario,0.41815290374666636,54.54545454545454,5.32
411560,PR,2,Intermediario,0.358979980028019,75.53191489361703,5.090999999999999
411570,PR,2,Intermediario,0.4125496706397711,65.4639175257732,5.399166666666668
411575,PR,0,Consolidado,0.23675094751943185,80.88235294117648,5.15
411580,PR,2,Intermediario,0.2796690675156143,77.18631178707224,5.265000000000001
411585,PR,0,Consolidado,0.11637903486462642,87.5,5.574999999999999
411605,PR,0,Consolidado,0.2023458123751409,89.47368421052632,5.285454545454545
411610,PR,0,Consolidado,0.2895915484806017,77.35849056603774,5.031428571428571
411620,PR,2,Intermediario,0.45496938922934915,63.85542168674698,5.055
411670,PR,2,Intermediario,0.2781407071591412,73.21428571428571,5.385
411680,PR,0,Consolidado,0.2078855509575779,78.57142857142857,4.761666666666667
411690,PR,2,Intermediario,0.32920229840752396,75.60975609756098,5.274
411695,PR,0,Consolidado,0.16227270190179036,97.05882352941177,5.4383333333333335
411700,PR,2,Intermediario,0.25692416016103214,73.68421052631578,5.27
411705,PR,2,Intermediario,0.37125641377118523,70.96774193548387,5.0
411710,PR,2,Intermediario,0.30599940000765896,73.84615384615385,5.368333333333333
411720,PR,0,Consolidado,0.19395065265057962,88.0,5.045
411721,PR,2,Intermediario,0.2607373378634949,73.91304347826086,5.096666666666667
411722,PR,2,Intermediario,0.3157238404174261,70.37037037037037,5.62
411725,PR,0,Consolidado,0.28608726594415607,78.57142857142857,5.268
411727,PR,0,Consolidado,0.18565859259388412,96.15384615384616,5.098333333333334
411729,PR,0,Consolidado,0.12245110524471402,92.5925925925926,5.45
411730,PR,2,Intermediario,0.4875919906641256,57.6271186440678,4.872777777777777
411745,PR,0,Consolidado,0.16849405705875684,90.9090909090909,5.265000000000001
411750,PR,2,Intermediario,0.42907079100160234,64.7457627118644,5.288571428571429
411760,PR,2,Intermediario,0.5386592530037002,53.71024734982333,5.034375000000001
411770,PR,2,Intermediario,0.38394982143233347,70.58823529411765,5.32090909090909
411780,PR,2,Intermediario,0.36242216293770707,74.57627118644068,4.833333333333333
411790,PR,2,Intermediario,0.361566865746617,70.51282051282051,5.321111111111111
411800,PR,2,Intermediario,0.35954812445704337,76.36363636363637,5.213333333333334
411810,PR,0,Consolidado,0.23736116056768666,80.0,5.0600000000000005
411820,PR,2,Intermediario,0.46601732956150477,63.272727272727266,5.2357999999999985
411830,PR,2,Intermediario,0.4698118097213614,60.0,5.25
411840,PR,2,Intermediario,0.2873039321542536,75.2659574468085,5.303
411845,PR,0,Consolidado,0.1466607927648126,96.96969696969697,5.555
411850,PR,2,Intermediario,0.33156442384024404,75.90027700831024,5.479444444444442
411860,PR,0,Consolidado,0.31651677100556874,89.65517241379311,5.295
411870,PR,0,Consolidado,0.186029360776664,83.33333333333334,5.449999999999999
411880,PR,2,Intermediario,0.34914568860130385,68.85245901639344,5.195714285714286
411885,PR,2,Intermediario,0.4510562158016253,68.75,5.24
411890,PR,2,Intermediario,0.3692572167210969,53.84615384615385,5.273333333333333
411900,PR,0,Consolidado,0.19297418319971996,100.0,5.335
411910,PR,0,Consolidado,0.21204080528131505,82.71604938271605,5.2575
411915,PR,2,Intermediario,0.4916223675268744,60.820895522388064,5.488333333333333
411920,PR,2,Intermediario,0.3247818585681709,71.875,5.071666666666666
411930,PR,3,Atencao,0.4583545708563278,57.06214689265536,4.673636363636363
411940,PR,2,Intermediario,0.3475470665658873,77.04918032786885,5.222307692307692
411950,PR,2,Intermediario,0.5449525855334455,56.237623762376245,5.253225806451613
411960,PR,0,Consolidado,0.3389538404481699,73.45132743362832,5.029166666666666
411970,PR,2,Intermediario,0.25794082666639234,55.00000000000001,5.145
411980,PR,0,Consolidado,0.23510849311007384,84.61538461538461,5.395833333333334
411990,PR,2,Intermediario,0.3187576718674799,75.91059602649007,5.27015037593985
411995,PR,2,Intermediario,0.3990922267142598,68.48484848484848,5.286923076923077
412000,PR,0,Consolidado,0.2458786700776226,76.19047619047619,5.25
412020,PR,2,Intermediario,0.41552131858017805,71.42857142857143,5.41
412030,PR,0,Consolidado,0.24555718591987746,100.0,5.333333333333333
412033,PR,2,Intermediario,0.3192951791297748,66.66666666666666,5.17
412035,PR,0,Consolidado,0.2247455225995843,80.0,5.3100000000000005
412050,PR,2,Intermediario,0.5155805167305516,48.38709677419355,5.05
412060,PR,0,Consolidado,0.23848502905610885,85.11627906976744,5.015185185185184
412065,PR,2,Intermediario,0.36269954480791694,71.42857142857143,5.1125
412070,PR,0,Consolidado,0.15766347941708383,85.71428571428571,5.335
412080,PR,2,Intermediario,0.41357643745157957,72.22222222222221,5.423333333333333
412085,PR,0,Consolidado,0.1606434433200903,95.83333333333334,5.76
412090,PR,2,Intermediario,0.43130745794542236,66.66666666666666,5.172307692307692
412100,PR,3,Atencao,0.5814831489183803,44.776119402985074,5.06
412120,PR,2,Intermediario,0.32647781081269595,72.16494845360825,5.1971428571428575
412125,PR,0,Consolidado,0.2512943799796989,75.0,4.99
412130,PR,0,Consolidado,0.25027547034480646,86.20689655172413,4.955
412140,PR,0,Consolidado,0.24069339124766712,81.31868131868131,5.449166666666667
412150,PR,0,Consolidado,0.25169150039980903,84.61538461538461,5.1209999999999996
412160,PR,2,Intermediario,0.30887471709040926,83.33333333333334,5.29
412170,PR,2,Intermediario,0.30544468116013135,74.78991596638656,4.8972727272727266
412175,PR,2,Intermediario,0.2775783960363158,74.46808510638297,5.2325
412180,PR,0,Consolidado,0.2747103270889369,77.96610169491525,5.308571428571429
412190,PR,0,Consolidado,0.21345007534646715,83.33333333333334,4.82875
412200,PR,0,Consolidado,0.17300202406543516,94.36619718309859,5.176666666666667
412210,PR,0,Consolidado,0.2487703347539744,75.0,5.17
412215,PR,2,Intermediario,0.2821475653159945,73.0,4.93
412217,PR,2,Intermediario,0.37483064358131163,71.42857142857143,4.876666666666667
412220,PR,2,Intermediario,0.46376292349484005,60.22099447513812,5.038095238095238
412230,PR,0,Consolidado,0.18937787284912505,84.61538461538461,5.329473684210527
412240,PR,2,Intermediario,0.34620501630939277,71.97802197802197,5.254444444444445
412250,PR,0,Consolidado,0.2731547735831676,73.46938775510205,5.028333333333333
412260,PR,2,Intermediario,0.5344701027121832,48.93617021276596,5.2
412265,PR,0,Consolidado,0.33702999157055336,70.0,4.93
412270,PR,0,Consolidado,0.25764490875398777,80.0,5.385
412280,PR,0,Consolidado,0.1453823029967106,86.95652173913044,5.215
412300,PR,0,Consolidado,0.25998273091161384,81.81818181818183,5.31
412330,PR,2,Intermediario,0.3303824556082484,68.88888888888889,5.2275
412350,PR,2,Intermediario,0.2890013287692703,80.28169014084507,5.488235294117647
412370,PR,2,Intermediario,0.2678653919802248,66.66666666666666,5.21
412380,PR,0,Consolidado,0.23458046328209736,81.25,5.13
412385,PR,0,Consolidado,0.3415167262046072,77.08333333333334,4.88
412390,PR,2,Intermediario,0.273369585218655,72.72727272727273,5.041666666666666
412400,PR,2,Intermediario,0.41000589201628773,57.692307692307686,5.154999999999999
412402,PR,2,Intermediario,0.3221897415480039,68.42105263157895,5.333333333333333
412405,PR,2,Intermediario,0.26484907179720785,78.88888888888889,5.32
412410,PR,2,Intermediario,0.5000853288968502,55.08474576271186,5.10157894736842
412440,PR,0,Consolidado,0.2546178252866838,78.75,5.218
412460,PR,0,Consolidado,0.30981628324583066,83.87096774193549,5.27
412470,PR,2,Intermediario,0.296341692367488,74.19354838709677,5.005000000000001
412480,PR,0,Consolidado,0.19939818736048687,90.0,5.4725
412490,PR,0,Consolidado,0.1323046086568296,92.3076923076923,5.02
412500,PR,2,Intermediario,0.41536960096179615,76.47058823529412,4.9816666666666665
412510,PR,0,Consolidado,0.28768950088327844,80.82191780821918,5.043333333333334
412520,PR,0,Consolidado,0.2045022183404638,85.36585365853658,5.234
412540,PR,0,Consolidado,0.27376607743124637,83.33333333333334,5.196666666666666
412545,PR,0,Consolidado,0.2866295097940846,88.0,5.285
412550,PR,2,Intermediario,0.43367271266075996,67.71535580524345,5.429651162790699
412560,PR,0,Consolidado,0.3095076187502436,78.88888888888889,5.258636363636363
412570,PR,0,Consolidado,0.319008924310684,77.68595041322314,5.187647058823529
412575,PR,2,Intermediario,0.2827692422919492,50.0,5.1725
412580,PR,0,Consolidado,0.217550569685434,86.20689655172413,5.091666666666667
412600,PR,0,Consolidado,0.17876856107864064,83.87096774193549,5.08
412610,PR,0,Consolidado,0.3026167710087524,68.0,5.223333333333333
412620,PR,0,Consolidado,0.2726116291158045,76.92307692307693,5.047499999999999
412625,PR,2,Intermediario,0.5258011229196662,57.360406091370564,5.2472
412627,PR,0,Consolidado,0.19387255872500694,94.5945945945946,5.359999999999999
412630,PR,0,Consolidado,0.24047169252258785,83.69565217391305,4.901818181818181
412640,PR,0,Consolidado,0.1566324809179696,92.3076923076923,5.238333333333333
412650,PR,2,Intermediario,0.43540532796879916,66.07142857142857,5.213333333333333
412660,PR,0,Consolidado,0.22099476946217791,87.93103448275862,5.293333333333333
412667,PR,2,Intermediario,0.3913655941584011,78.43137254901961,4.84
412680,PR,2,Intermediario,0.42656027710749805,71.42857142857143,5.198333333333333
412700,PR,0,Consolidado,0.2349564114681162,92.15686274509804,5.25125
412710,PR,2,Intermediario,0.45904002736645405,65.42857142857143,5.299736842105263
412720,PR,0,Consolidado,0.1842272259501864,92.20779220779221,5.37875
412730,PR,0,Consolidado,0.3137449724927215,80.76923076923077,5.122857142857143
412740,PR,2,Intermediario,0.372201395093876,66.17647058823529,5.0922222222222215
412750,PR,0,Consolidado,0.2986459202701301,79.59183673469387,5.067777777777779
412760,PR,2,Intermediario,0.352016430235874,77.31958762886599,5.278888888888889
412770,PR,2,Intermediario,0.26087137351958034,80.20989505247377,5.4961403508771935
412780,PR,0,Consolidado,0.19387366234979683,85.18518518518519,5.220000000000001
412785,PR,2,Intermediario,0.2963063553982853,79.62962962962963,5.185
412788,PR,2,Intermediario,0.3781926807847873,69.0909090909091,4.8950000000000005
412790,PR,2,Intermediario,0.369107545032819,68.88888888888889,5.163333333333333
412795,PR,0,Consolidado,0.30843839054480465,78.57142857142857,5.43
412796,PR,0,Consolidado,0.21919503257786313,83.52941176470588,5.079999999999999
412800,PR,0,Consolidado,0.25011757975855686,80.76923076923077,5.276923076923077
412810,PR,2,Intermediario,0.4502074094353742,66.19047619047619,5.4105
412820,PR,2,Intermediario,0.33857815622616927,69.95708154506438,5.381944444444445
412840,PR,2,Intermediario,0.3486870432119181,81.08108108108108,5.296666666666667
412850,PR,0,Consolidado,0.2855828216441327,83.33333333333334,5.077777777777778
412853,PR,2,Intermediario,0.3178301823182721,77.58620689655173,5.119999999999999
412855,PR,2,Intermediario,0.4181506592086585,62.16216216216216,5.218
412860,PR,2,Intermediario,0.3367608326432442,60.0,5.268
412865,PR,0,Consolidado,0.26908244971737993,74.28571428571429,5.195
412870,PR,2,Intermediario,0.364535041164978,73.80952380952381,5.39
412880,PR,2,Intermediario,0.42587999211793975,69.44444444444444,5.148
420010,SC,2,Intermediario,0.5203401829601751,59.77011494252874,5.119000000000001
420020,SC,2,Intermediario,0.2829139218295522,80.0,5.69
420040,SC,2,Intermediario,0.41077467295353404,62.06896551724138,5.4025
420050,SC,2,Intermediario,0.41122256786199485,66.66666666666666,5.0325
420060,SC,2,Intermediario,0.2536287415185624,67.56756756756756,5.657500000000001
420100,SC,2,Intermediario,0.40305721392639615,58.82352941176471,5.333333333333333
420120,SC,2,Intermediario,0.3404995715559212,76.81159420289855,5.8100000000000005
420125,SC,2,Intermediario,0.4279114671034305,60.97560975609756,5.5375000000000005
420150,SC,2,Intermediario,0.30044267158998583,72.22222222222221,5.785
420170,SC,2,Intermediario,0.391753554618843,55.88235294117647,5.656666666666667
420190,SC,2,Intermediario,0.34001385660313055,77.77777777777779,5.630000000000001
420205,SC,2,Intermediario,0.5190999813652856,57.14285714285714,5.45
420213,SC,0,Consolidado,0.21680990412736384,76.19047619047619,5.09
420220,SC,2,Intermediario,0.4302571230477764,69.23076923076923,5.638
420240,SC,2,Intermediario,0.44974397444486414,63.09623430962343,5.5462162162162185
420250,SC,1,Critico,0.6750081212044508,34.61538461538461,5.363333333333333
420253,SC,2,Intermediario,0.4516640745749183,65.0,5.42
420260,SC,2,Intermediario,0.6487336432843893,43.90243902439025,5.4475
420270,SC,2,Intermediario,0.3850412567866986,64.51612903225806,5.3566666666666665
420280,SC,2,Intermediario,0.5085200789732248,63.975155279503106,5.558
420285,SC,2,Intermediario,0.44595971676259694,62.5,5.6175
420290,SC,2,Intermediario,0.4254211403099596,69.3050193050193,5.512903225806452
420300,SC,2,Intermediario,0.42664428777517444,62.41830065359477,5.2811111111111115
420310,SC,2,Intermediario,0.4661450161847898,70.96774193548387,5.5
420315,SC,2,Intermediario,0.48684322592348855,55.26315789473685,4.965
420330,SC,2,Intermediario,0.44770429985465127,58.730158730158735,5.507142857142856
420340,SC,1,Critico,0.6415861114859992,34.78260869565217,5.098000000000001
420350,SC,2,Intermediario,0.5212872640022603,67.3469387755102,5.376
420360,SC,2,Intermediario,0.4520858097165887,63.372093023255815,5.410909090909091
420370,SC,2,Intermediario,0.5624507527684283,48.888888888888886,5.424285714285714
420380,SC,2,Intermediario,0.3127827933519578,79.84189723320159,5.350769230769232
420390,SC,2,Intermediario,0.37121493238985315,68.04123711340206,5.562
420400,SC,2,Intermediario,0.3767297585149181,78.57142857142857,5.3325
420415,SC,2,Intermediario,0.3217766168385291,76.19047619047619,5.306666666666667
420420,SC,2,Intermediario,0.5068796110253279,58.487247141600704,5.387636363636364
420430,SC,2,Intermediario,0.37732545067735085,70.50938337801608,5.5827027027027025
420440,SC,2,Intermediario,0.28107291070918766,75.0,5.503333333333333
420450,SC,2,Intermediario,0.3828751077572373,71.25,5.7
420455,SC,2,Intermediario,0.4987890077678961,58.44155844155844,5.43
420460,SC,2,Intermediario,0.4948452598501705,58.60805860805861,5.454029850746269
420470,SC,2,Intermediario,0.3056225609434337,70.6896551724138,5.6033333333333335
420480,SC,2,Intermediario,0.5286974870557771,57.38636363636363,5.340833333333332
420500,SC,2,Intermediario,0.4272249090289345,68.11594202898551,5.12875
420530,SC,2,Intermediario,0.48940931560167245,61.66666666666667,5.522857142857142
420545,SC,2,Intermediario,0.48868717336456335,57.80346820809249,5.38
420550,SC,2,Intermediario,0.37068943287244477,72.51184834123224,5.315
420570,SC,2,Intermediario,0.3483672882501938,73.98373983739837,5.519285714285714
420580,SC,2,Intermediario,0.4866527509101466,68.75,5.458333333333333
420610,SC,2,Intermediario,0.3988734383148177,61.29032258064516,5.61
420620,SC,2,Intermediario,0.485756269057658,75.60975609756098,5.531428571428572
420630,SC,2,Intermediario,0.35965932353127916,76.76767676767676,5.721
420640,SC,0,Consolidado,0.22670536334377708,80.55555555555556,5.395
420650,SC,2,Intermediario,0.39381638030916793,67.85714285714286,5.4664705882352935
420660,SC,2,Intermediario,0.34214170328051474,70.83333333333334,5.6
420665,SC,2,Intermediario,0.598184254634566,52.63157894736842,5.3975
420670,SC,2,Intermediario,0.48613730517819737,57.446808510638306,5.321111111111112
420690,SC,2,Intermediario,0.3891425012445409,71.95121951219512,5.636
420700,SC,2,Intermediario,0.4159467868595189,69.03914590747331,5.562857142857142
420740,SC,2,Intermediario,0.36607178332462037,97.05882352941177,5.574999999999999
420750,SC,2,Intermediario,0.4698119957703741,63.51351351351351,5.61047619047619
420765,SC,0,Consolidado,0.18045490593205543,88.37209302325581,5.672499999999999
420768,SC,2,Intermediario,0.38753958715417114,80.76923076923077,5.6
420770,SC,2,Intermediario,0.4735176057363413,53.57142857142857,5.43
420780,SC,2,Intermediario,0.38623263377554723,72.09302325581395,5.4925
420790,SC,2,Intermediario,0.327262151982328,86.53846153846155,5.356
420800,SC,2,Intermediario,0.4388354787187421,73.52941176470588,5.493333333333333
420810,SC,2,Intermediario,0.47974652834519277,66.35514018691589,5.433999999999999
420840,SC,2,Intermediario,0.26669227770001874,78.64077669902912,5.500909090909091
420850,SC,2,Intermediario,0.37663153143985667,73.22834645669292,5.543000000000001
420870,SC,2,Intermediario,0.4869911527758143,52.17391304347826,5.408333333333333
420880,SC,2,Intermediario,0.543888877251,52.892561983471076,5.512857142857143
420890,SC,2,Intermediario,0.3528030181708356,69.87951807228916,5.613695652173912
420900,SC,2,Intermediario,0.4134250622601445,62.22222222222222,5.5512500000000005
420910,SC,2,Intermediario,0.4156196448153754,67.41335587489434,5.546607142857142
420915,SC,1,Critico,0.6759817342408578,39.285714285714285,5.383333333333334
420930,SC,2,Intermediario,0.5905100189964316,54.13290113452188,5.4248
420940,SC,2,Intermediario,0.5525881427076607,56.91056910569105,5.46
420950,SC,2,Intermediario,0.45745305758347793,45.714285714285715,5.640000000000001
420960,SC,2,Intermediario,0.41007807530434254,72.36842105263158,5.63
420970,SC,2,Intermediario,0.5447934986050783,50.79365079365079,5.158571428571428
420990,SC,2,Intermediario,0.5315345317159348,59.09090909090909,5.558
421000,SC,2,Intermediario,0.39513683073531014,59.70149253731343,5.66625
421003,SC,2,Intermediario,0.31729058253778897,70.37037037037037,5.97
421010,SC,2,Intermediario,0.3565696679556812,72.0,5.4505
421030,SC,2,Intermediario,0.37358731303646425,65.0,5.25
421040,SC,2,Intermediario,0.4657355826657357,69.6969696969697,5.3925
421050,SC,2,Intermediario,0.2568570093980786,80.82191780821918,5.577142857142857
421060,SC,2,Intermediario,0.333299625306446,75.22123893805309,5.775
421080,SC,2,Intermediario,0.5631932491760773,43.75,5.61
421090,SC,0,Consolidado,0.15118989243699868,91.30434782608695,5.63
421100,SC,2,Intermediario,0.4383293959356176,57.89473684210527,5.506666666666667
421105,SC,2,Intermediario,0.5109182522995848,58.97435897435898,5.28
421120,SC,2,Intermediario,0.4042196041250556,72.32142857142857,5.432222222222221
421125,SC,2,Intermediario,0.37157502825400135,80.95238095238095,5.57
421140,SC,2,Intermediario,0.3581261935434156,68.0,5.52
421160,SC,2,Intermediario,0.40970562018294326,76.92307692307693,5.615714285714286
421170,SC,2,Intermediario,0.42467428261403734,62.5,5.531818181818182
421175,SC,2,Intermediario,0.475737608495665,59.0,5.561428571428572
421180,SC,2,Intermediario,0.3225634710948642,70.83333333333334,5.343333333333333
421200,SC,2,Intermediario,0.25198441107349157,79.41176470588235,5.426666666666667
421210,SC,2,Intermediario,0.4570947694651945,67.27272727272727,5.538571428571428
421220,SC,2,Intermediario,0.37688404992682745,66.27906976744185,5.312857142857142
421230,SC,2,Intermediario,0.5385490553447309,47.91666666666667,5.598
421265,SC,2,Intermediario,0.6370867625744254,42.857142857142854,5.36375
421280,SC,2,Intermediario,0.509204583750903,58.91472868217055,5.507142857142856
421290,SC,2,Intermediario,0.3373728288369505,67.85714285714286,5.4475
421310,SC,2,Intermediario,0.23049288436490836,78.57142857142857,5.52
421320,SC,2,Intermediario,0.4174461418456383,70.24793388429752,5.6466666666666665
421330,SC,2,Intermediario,0.6094663826756755,45.0,5.4
421340,SC,2,Intermediario,0.4998538445603309,52.83018867924528,5.175000000000001
421360,SC,2,Intermediario,0.40083077191085614,69.23076923076923,5.300909090909091
421370,SC,2,Intermediario,0.44610817362458,61.0,5.498333333333334
421380,SC,2,Intermediario,0.38638457605349086,77.5,5.36
421400,SC,2,Intermediario,0.4849453829659937,57.407407407407405,5.5600000000000005
421420,SC,2,Intermediario,0.391534381470993,68.62745098039215,5.433333333333334
421450,SC,2,Intermediario,0.34384444700844835,80.64516129032258,5.449999999999999
421460,SC,2,Intermediario,0.36910339266539943,52.0,5.665
421470,SC,2,Intermediario,0.44470736682149214,70.0,5.590000000000001
421500,SC,2,Intermediario,0.42605075203093695,59.20398009950249,5.454999999999999
421510,SC,2,Intermediario,0.4610323434934812,72.3076923076923,5.578333333333333
421530,SC,2,Intermediario,0.3592688298708672,62.5,5.703333333333333
421540,SC,2,Intermediario,0.27045939250551465,86.95652173913044,5.66
421545,SC,2,Intermediario,0.5512287212298403,51.02040816326531,5.4775
421550,SC,2,Intermediario,0.46742869827611405,53.57142857142857,5.351666666666667
421565,SC,2,Intermediario,0.42541264190962325,67.5,5.4025
421567,SC,0,Consolidado,0.307004899915318,79.54545454545455,5.2219999999999995
421570,SC,2,Intermediario,0.46625429529478685,65.71428571428571,5.673333333333334
421580,SC,2,Intermediario,0.3231511800348392,78.26086956521739,5.584999999999999
421610,SC,2,Intermediario,0.3429820537796662,79.41176470588235,5.543333333333334
421625,SC,0,Consolidado,0.11434418876809345,90.0,5.7425
421635,SC,2,Intermediario,0.4849475834720357,65.625,5.5725
421650,SC,1,Critico,0.6424242507704175,38.84297520661157,5.2628571428571425
421670,SC,0,Consolidado,0.27708325340758583,81.81818181818183,5.365
421680,SC,2,Intermediario,0.4514146568910968,51.724137931034484,5.3100000000000005
421690,SC,2,Intermediario,0.3591492485574809,74.16666666666667,5.459999999999999
421700,SC,2,Intermediario,0.41423996358936616,67.90123456790124,5.706666666666667
421720,SC,2,Intermediario,0.44002974821284124,72.8395061728395,5.54470588235294
421725,SC,2,Intermediario,0.41279391827561407,60.86956521739131,5.865
421730,SC,0,Consolidado,0.2260644794381547,83.01886792452831,5.486666666666666
421740,SC,2,Intermediario,0.4299231083014328,71.42857142857143,5.59111111111111
421750,SC,2,Intermediario,0.3764333621257739,64.95726495726495,5.596
421760,SC,2,Intermediario,0.47115692406201864,54.166666666666664,5.5600000000000005
421770,SC,2,Intermediario,0.4883527368964705,59.67741935483871,5.412142857142857
421810,SC,2,Intermediario,0.3212368919092657,76.92307692307693,5.37
421820,SC,2,Intermediario,0.3806355372767272,71.29629629629629,5.742307692307692
421830,SC,2,Intermediario,0.5659889154896156,50.505050505050505,5.225714285714285
421835,SC,2,Intermediario,0.4434104952676533,54.54545454545454,5.84
421840,SC,2,Intermediario,0.4114750914674957,65.0,5.4975
421850,SC,2,Intermediario,0.3468616439348219,75.0,5.68
421860,SC,2,Intermediario,0.4246893166322525,50.0,5.6125
421870,SC,2,Intermediario,0.44235259069559413,64.32584269662921,5.522424242424243
421880,SC,2,Intermediario,0.4057391367900108,72.3404255319149,5.44
421890,SC,2,Intermediario,0.39932107519618076,61.76470588235294,5.402857142857143
421895,SC,2,Intermediario,0.5167332383307203,68.18181818181817,5.390000000000001
421900,SC,2,Intermediario,0.38063887323200446,59.30232558139535,5.7155555555555555
421917,SC,2,Intermediario,0.38408422072851967,73.07692307692307,5.37
421920,SC,2,Intermediario,0.2836152884302915,84.0,5.590000000000001
421930,SC,2,Intermediario,0.46196791751538335,70.68273092369478,5.540625
421940,SC,2,Intermediario,0.29837824576453686,66.66666666666666,5.76
421950,SC,2,Intermediario,0.40176258771901463,73.57512953367875,5.439
421970,SC,2,Intermediario,0.45447588802990524,63.92405063291139,5.464
421985,SC,2,Intermediario,0.47554819931436226,66.66666666666666,5.425000000000001
422000,SC,2,Intermediario,0.5734089706792426,51.724137931034484,5.3325
430003,RS,2,Intermediario,0.4881267910260844,76.19047619047619,5.2575
430010,RS,2,Intermediario,0.47570022858370264,62.903225806451616,5.354000000000001
430020,RS,2,Intermediario,0.304962189636181,70.0,5.54
430050,RS,2,Intermediario,0.3555055771335688,82.6086956521739,5.286666666666666
430060,RS,1,Critico,0.6617436984303294,42.98957126303592,5.241521739130435
430063,RS,2,Intermediario,0.467736862206065,80.0,4.796
430064,RS,2,Intermediario,0.42328231012997397,76.92307692307693,5.25
430080,RS,2,Intermediario,0.44999538976296777,58.97435897435898,5.723333333333333
430087,RS,2,Intermediario,0.39581933007653,67.64705882352942,5.293333333333333
430090,RS,2,Intermediario,0.4839465394220759,54.83870967741935,5.715
430100,RS,2,Intermediario,0.3223795710397958,66.66666666666666,5.591111111111111
430105,RS,2,Intermediario,0.5122514622565266,52.17391304347826,5.453333333333334
430110,RS,1,Critico,0.6880909383208506,35.41666666666667,5.106
430120,RS,0,Consolidado,0.3095800644620825,86.66666666666667,5.183750000000001
430160,RS,2,Intermediario,0.5760691623012145,46.742209631728045,5.1306382978723395
430163,RS,2,Intermediario,0.5776787461803888,54.41176470588235,5.293333333333334
430170,RS,0,Consolidado,0.266429670800262,88.0,5.515000000000001
430180,RS,2,Intermediario,0.4291132240547626,76.19047619047619,5.466666666666667
430187,RS,3,Atencao,0.6326178259465571,38.46153846153847,5.253333333333333
430190,RS,2,Intermediario,0.5730782746447968,39.285714285714285,5.280000000000001
430200,RS,2,Intermediario,0.4668628099403124,69.23076923076923,4.953333333333333
430210,RS,2,Intermediario,0.4632116743737603,62.16814159292036,5.53972972972973
430220,RS,2,Intermediario,0.35239334860383476,80.0,5.64
430230,RS,2,Intermediario,0.4677406856118466,65.9090909090909,5.314
430235,RS,2,Intermediario,0.4659308090205304,57.333333333333336,5.621111111111111
430240,RS,2,Intermediario,0.34921296477792857,79.16666666666666,5.585714285714285
430265,RS,2,Intermediario,0.48549983769638155,65.38461538461539,5.47
430270,RS,2,Intermediario,0.5484306555178408,56.12244897959183,5.232500000000001
430280,RS,2,Intermediario,0.534755564699682,59.43396226415094,5.288
430290,RS,2,Intermediario,0.5576088279281368,41.17647058823529,5.1000000000000005
430300,RS,2,Intermediario,0.569099688847436,48.23008849557522,5.231764705882353
430310,RS,2,Intermediario,0.5743580166993344,49.9001996007984,5.3753125
430350,RS,2,Intermediario,0.46232533948485455,63.2,5.166774193548388
430370,RS,2,Intermediario,0.33011136405408387,66.66666666666666,5.6433333333333335
430390,RS,2,Intermediario,0.4428123763405105,64.15094339622641,5.4448
430400,RS,2,Intermediario,0.5208350019985251,75.0,5.1466666666666665
430420,RS,2,Intermediario,0.44031827455954203,69.66292134831461,5.125
430440,RS,2,Intermediario,0.46134813481025744,58.47953216374269,5.456666666666666
430450,RS,2,Intermediario,0.389417407490746,66.12903225806451,5.265333333333333
430460,RS,2,Intermediario,0.5851158666393789,48.97045658012534,5.363974358974361
430466,RS,1,Critico,0.6771697275457582,43.925233644859816,5.2175
430467,RS,2,Intermediario,0.6279635354077058,40.0,5.654999999999999
430468,RS,2,Intermediario,0.47595679118514345,65.9090909090909,5.266250000000001
430470,RS,2,Intermediario,0.5168111210441159,61.30653266331658,5.408461538461537
430471,RS,2,Intermediario,0.31442524120531296,62.5,5.34
430480,RS,2,Intermediario,0.43008955142892835,61.261261261261254,5.733
430490,RS,2,Intermediario,0.26076118709192,76.47058823529412,5.632499999999999
430500,RS,0,Consolidado,0.29404065245327704,68.57142857142857,5.2725
430510,RS,2,Intermediario,0.5313946995207287,56.233243967828415,5.494354838709677
430517,RS,2,Intermediario,0.5964020008453346,50.0,5.08
430520,RS,2,Intermediario,0.47708694602950685,54.71698113207547,5.304
430530,RS,2,Intermediario,0.400317699957602,53.125,5.6175
430535,RS,2,Intermediario,0.5123675745598302,59.285714285714285,5.492857142857143
430570,RS,2,Intermediario,0.28684761316510954,64.51612903225806,5.3425
430580,RS,2,Intermediario,0.456799758347612,71.11111111111111,5.616666666666667
430590,RS,2,Intermediario,0.44003307345773307,70.37037037037037,5.163333333333333
430600,RS,2,Intermediario,0.440224559573045,62.22222222222222,5.396
430605,RS,2,Intermediario,0.4434481821658072,55.88235294117647,5.2475000000000005
430610,RS,2,Intermediario,0.5179855596167063,55.69620253164557,5.285000000000001
430620,RS,2,Intermediario,0.5132195996232333,48.484848484848484,5.3914285714285715
430640,RS,2,Intermediario,0.39634661651258124,71.29629629629629,5.5681818181818175
430650,RS,2,Intermediario,0.5288775500642753,69.44444444444444,4.848333333333334
430660,RS,2,Intermediario,0.5554755287503634,51.85185185185185,5.146315789473683
430680,RS,2,Intermediario,0.3628187995450486,70.27027027027027,5.448888888888889
430690,RS,2,Intermediario,0.4944474219376354,62.10526315789474,5.1525
430700,RS,2,Intermediario,0.5257213288019931,57.180156657963444,5.475185185185185
430710,RS,3,Atencao,0.47921168856336616,30.0,4.8975
430750,RS,2,Intermediario,0.42968262435537263,59.25925925925925,5.507499999999999
430755,RS,2,Intermediario,0.47218062374567643,73.91304347826086,5.670000000000001
430760,RS,2,Intermediario,0.5396337161425698,55.80357142857143,5.504666666666668
430770,RS,2,Intermediario,0.5556375244472335,50.18587360594795,5.332
430780,RS,2,Intermediario,0.5116858814396207,58.4070796460177,5.476923076923077
430790,RS,2,Intermediario,0.37162329365537256,73.00613496932516,5.6342857142857135
430810,RS,2,Intermediario,0.46108452570893865,61.904761904761905,5.666666666666667
430820,RS,2,Intermediario,0.3762617254702682,75.75757575757575,5.707333333333333
430830,RS,2,Intermediario,0.4290070971640063,62.96296296296296,5.084999999999999
430850,RS,2,Intermediario,0.38894362772019336,73.48484848484848,5.367500000000001
430860,RS,2,Intermediario,0.3952980347188896,68.69565217391305,5.51857142857143
430890,RS,2,Intermediario,0.37003437342191975,71.1864406779661,5.463750000000001
430900,RS,2,Intermediario,0.42433496721782343,66.66666666666666,5.174444444444445
430905,RS,2,Intermediario,0.5051157874238522,50.0,5.525
430910,RS,2,Intermediario,0.38826375994124385,67.36842105263158,5.53
430920,RS,2,Intermediario,0.5669325543225774,55.18590998043052,5.393529411764708
430930,RS,2,Intermediario,0.663213997515419,46.13526570048309,5.347419354838709
430950,RS,2,Intermediario,0.30863077605103834,65.21739130434783,5.486666666666667
430955,RS,2,Intermediario,0.2748113634780076,71.42857142857143,5.805
430960,RS,2,Intermediario,0.4398812080093907,66.23376623376623,5.575714285714286
430965,RS,2,Intermediario,0.5348497901253325,74.07407407407408,5.048
431000,RS,2,Intermediario,0.4178571476536592,57.74647887323944,5.692222222222222
431010,RS,2,Intermediario,0.475426464581974,63.05732484076433,5.344666666666667
431020,RS,2,Intermediario,0.4432987197474311,65.95092024539878,5.418787878787879
431040,RS,2,Intermediario,0.45031968667444827,66.66666666666666,5.375
431043,RS,2,Intermediario,0.30838277312755225,64.28571428571429,5.656666666666666
431080,RS,2,Intermediario,0.4312515652976702,71.42857142857143,5.766666666666667
431100,RS,2,Intermediario,0.54697425482102,58.88888888888889,5.149333333333334
431112,RS,2,Intermediario,0.5154255869628446,66.66666666666666,5.295
431130,RS,2,Intermediario,0.4960248561885719,69.04761904761905,5.371764705882352
431140,RS,2,Intermediario,0.4629876068473979,61.563517915309454,5.504333333333333
431162,RS,3,Atencao,0.5275757820694728,46.42857142857143,5.402
431171,RS,2,Intermediario,0.46364892302447924,61.904761904761905,5.301999999999999
431180,RS,2,Intermediario,0.5115180984296785,61.212121212121204,5.4345454545454555
431215,RS,0,Consolidado,0.3340909935632625,78.57142857142857,5.3566666666666665
431225,RS,2,Intermediario,0.4500502382589249,55.55555555555556,5.242000000000001
431230,RS,2,Intermediario,0.41510930873605717,59.09090909090909,4.883333333333334
431240,RS,2,Intermediario,0.5503778046191398,57.65765765765766,5.425714285714286
431245,RS,2,Intermediario,0.4988739780938779,55.00000000000001,5.406666666666667
431250,RS,2,Intermediario,0.6236538422874238,43.63636363636363,5.2725
431265,RS,2,Intermediario,0.409160553623909,72.85714285714285,5.596666666666666
431270,RS,2,Intermediario,0.5776051184724967,51.06382978723404,5.24
431280,RS,2,Intermediario,0.3474362047682504,90.0,5.345000000000001
431290,RS,2,Intermediario,0.36916959581723785,66.66666666666666,5.566666666666667
431303,RS,0,Consolidado,0.30172721321025775,85.71428571428571,5.27
431306,RS,2,Intermediario,0.5152718021297391,56.470588235294116,5.25
431320,RS,2,Intermediario,0.34043406412830896,71.15384615384616,5.781
431330,RS,2,Intermediario,0.38251914904271084,76.59574468085107,5.666
431337,RS,2,Intermediario,0.4863183213076616,65.57377049180327,5.359999999999999
431340,RS,2,Intermediario,0.5742309745271493,51.86480186480187,5.358461538461539
431350,RS,2,Intermediario,0.5619447541497419,53.06122448979592,5.568333333333334
431365,RS,2,Intermediario,0.5444249199448783,65.38461538461539,5.36
431370,RS,2,Intermediario,0.5371098345160784,50.37593984962406,5.335333333333333
431380,RS,0,Consolidado,0.32525912131262297,65.78947368421053,4.983333333333333
431390,RS,2,Intermediario,0.41446329144788147,67.67676767676768,5.5581249999999995
431395,RS,2,Intermediario,0.5260811179383693,40.909090909090914,5.121666666666667
431400,RS,2,Intermediario,0.3417389929282982,75.75757575757575,5.654999999999999
431402,RS,2,Intermediario,0.349215497370141,70.0,5.5525
431405,RS,2,Intermediario,0.5897981983081579,45.559845559845556,5.317619047619048
431407,RS,0,Consolidado,0.3220882861823221,91.66666666666666,5.3225
431410,RS,2,Intermediario,0.5999226002723048,47.83783783783784,5.4380952380952365
431415,RS,2,Intermediario,0.46977387627321676,70.96774193548387,5.3774999999999995
431420,RS,2,Intermediario,0.5855941160030972,54.54545454545454,5.1000000000000005
431442,RS,2,Intermediario,0.3198465546166827,77.27272727272727,5.783333333333333
431450,RS,2,Intermediario,0.5524256108156225,46.42857142857143,5.207999999999999
431460,RS,2,Intermediario,0.49912181802381533,66.66666666666666,5.175833333333333
431470,RS,2,Intermediario,0.4560929540602838,68.75,5.47
431480,RS,2,Intermediario,0.6048005315567253,55.94405594405595,5.418125000000001
431510,RS,2,Intermediario,0.415767595119532,76.19047619047619,5.226000000000001
431530,RS,2,Intermediario,0.5388261794556778,61.904761904761905,5.136666666666666
431540,RS,0,Consolidado,0.31418385640441754,86.36363636363636,4.73
431550,RS,2,Intermediario,0.5434968983591988,60.46511627906976,5.37
431560,RS,2,Intermediario,0.5963331580620201,53.24074074074075,5.205441176470585
431570,RS,2,Intermediario,0.4414548918620126,64.46280991735537,5.208823529411765
431580,RS,2,Intermediario,0.4848374706980505,55.26315789473685,5.323333333333333
431590,RS,2,Intermediario,0.3399562926652005,65.21739130434783,5.556666666666667
431600,RS,0,Consolidado,0.2751468164674432,83.33333333333334,5.2837499999999995
431610,RS,2,Intermediario,0.4105803612999172,61.29032258064516,5.58
431640,RS,1,Critico,0.627111726994854,39.84375,5.2
431645,RS,2,Intermediario,0.3151814160567517,80.95238095238095,5.4174999999999995
431650,RS,0,Consolidado,0.2578867931072027,88.46153846153845,5.7299999999999995
431660,RS,2,Intermediario,0.43632859823488723,63.1578947368421,5.636666666666667
431670,RS,2,Intermediario,0.5160364886662623,52.5,5.7025
431675,RS,2,Intermediario,0.40278556358622214,73.07692307692307,5.59
431680,RS,2,Intermediario,0.4925925611357633,63.31096196868009,5.408157894736841
431690,RS,2,Intermediario,0.5560552340636224,53.56164383561644,5.366428571428571
431710,RS,2,Intermediario,0.5681315255299639,55.40983606557377,5.1000000000000005
431720,RS,2,Intermediario,0.46198811638732273,58.47750865051903,5.4675
431730,RS,2,Intermediario,0.5774063213798121,47.5,5.09875
431740,RS,2,Intermediario,0.4253494486928737,61.78343949044586,5.385294117647059
431750,RS,2,Intermediario,0.543979261625906,52.156862745098046,5.223333333333334
431760,RS,2,Intermediario,0.41186059881992637,68.75,5.376315789473684
431770,RS,2,Intermediario,0.44541909967905785,63.888888888888886,5.03
431780,RS,2,Intermediario,0.37630427407406664,72.05882352941177,5.31125
431790,RS,2,Intermediario,0.39029372194640094,70.6896551724138,5.532
431800,RS,2,Intermediario,0.5156031049885658,59.388646288209614,5.180384615384616
431810,RS,2,Intermediario,0.4554402515705721,61.53846153846154,4.905714285714286
431820,RS,2,Intermediario,0.5739495362455902,58.24175824175825,5.283636363636364
431830,RS,2,Intermediario,0.5549844283905463,48.917748917748916,5.226923076923077
431840,RS,2,Intermediario,0.3453675854294012,73.91304347826086,5.095833333333333
431850,RS,2,Intermediario,0.5773727867802374,61.29032258064516,5.167272727272727
431860,RS,2,Intermediario,0.5524702683002679,57.14285714285714,5.526666666666666
431870,RS,2,Intermediario,0.6117411651671907,47.85276073619632,5.3845
431880,RS,2,Intermediario,0.4477525424029593,64.44444444444444,5.349473684210526
431890,RS,2,Intermediario,0.4509458338601417,77.51937984496125,5.264705882352942
431900,RS,2,Intermediario,0.4135892602916937,58.97435897435898,5.646666666666667
431910,RS,2,Intermediario,0.3304744444841979,73.91304347826086,5.715
431915,RS,2,Intermediario,0.4509278849215589,56.00000000000001,5.196666666666666
431920,RS,1,Critico,0.5546693144736481,35.0,4.9025
431930,RS,2,Intermediario,0.36222100409045377,75.0,5.119999999999999
431935,RS,2,Intermediario,0.3924619899360176,61.904761904761905,5.82
431940,RS,2,Intermediario,0.3572141475456152,75.86206896551724,5.1274999999999995
431950,RS,2,Intermediario,0.5258828061165046,65.0485436893204,5.525
431960,RS,2,Intermediario,0.44979527268445646,60.0,5.153846153846154
431980,RS,2,Intermediario,0.4668761616327708,50.0,5.1433333333333335
431990,RS,2,Intermediario,0.503995121726536,55.769230769230774,5.347826086956522
432000,RS,2,Intermediario,0.5486673115496032,49.11660777385159,5.364000000000001
432010,RS,2,Intermediario,0.4633117901242851,61.111111111111114,5.41125
432020,RS,2,Intermediario,0.33068700506326143,63.04347826086957,5.18
432026,RS,2,Intermediario,0.3039630105989638,71.42857142857143,5.1425
432040,RS,2,Intermediario,0.3847428955050543,87.32394366197182,5.5528571428571425
432067,RS,2,Intermediario,0.5308036396897342,69.56521739130434,4.992
432070,RS,2,Intermediario,0.35043327109019906,74.13793103448276,5.23125
432080,RS,2,Intermediario,0.45233644622948826,65.76576576576578,5.291428571428571
432085,RS,1,Critico,0.693561684925353,33.33333333333333,5.553333333333334
432090,RS,2,Intermediario,0.46928251541259475,58.91472868217055,5.536666666666667
432100,RS,2,Intermediario,0.31448581699044426,70.83333333333334,5.238333333333333
432110,RS,2,Intermediario,0.546664143874984,63.63636363636363,5.261666666666667
432120,RS,2,Intermediario,0.5448590772440871,52.04081632653062,5.287599999999999
432130,RS,2,Intermediario,0.6107095258189029,52.68817204301075,5.387000000000001
432135,RS,2,Intermediario,0.5810260337578841,55.00000000000001,5.1
432140,RS,2,Intermediario,0.41075861899984434,68.08510638297872,5.03875
432143,RS,2,Intermediario,0.45511811345594344,66.66666666666666,5.463333333333333
432145,RS,0,Consolidado,0.3539574397898871,71.69811320754717,5.5825
432150,RS,2,Intermediario,0.531852400949566,55.376344086021504,5.4992857142857146
432160,RS,2,Intermediario,0.5567302869654431,50.18050541516246,5.338125
432166,RS,2,Intermediario,0.35539527372246454,69.04761904761905,5.4375
432170,RS,2,Intermediario,0.5867982254714532,48.38709677419355,5.377777777777778
432180,RS,2,Intermediario,0.4317588575206475,65.21739130434783,5.499999999999999
432185,RS,2,Intermediario,0.356210540589309,70.37037037037037,5.273333333333333
432190,RS,2,Intermediario,0.37679258511522623,75.96153846153845,5.47
432195,RS,2,Intermediario,0.3531248833085929,74.07407407407408,5.136666666666667
432200,RS,2,Intermediario,0.4183183969925247,67.6923076923077,5.421176470588236
432220,RS,2,Intermediario,0.4661794501237758,67.6056338028169,5.201
432225,RS,2,Intermediario,0.3701207335385777,64.51612903225806,5.68
432230,RS,2,Intermediario,0.4357577796709103,54.83870967741935,5.63
432240,RS,2,Intermediario,0.538226210407223,54.77272727272727,5.1535
432250,RS,2,Intermediario,0.49521282829857627,58.02047781569966,5.436521739130435
432254,RS,2,Intermediario,0.48861186646901433,67.85714285714286,5.733333333333334
432260,RS,2,Intermediario,0.39506122771784036,66.16915422885572,5.385600000000001
432270,RS,2,Intermediario,0.4796133351467114,56.043956043956044,5.3341666666666665
432280,RS,2,Intermediario,0.43935385996334464,66.21621621621621,5.65625
432300,RS,2,Intermediario,0.6101351301281522,50.884086444007856,5.230263157894735
432345,RS,2,Intermediario,0.5665058440190562,57.14285714285714,5.234999999999999
432380,RS,2,Intermediario,0.6153345957257799,51.76470588235295,5.456
500020,MS,2,Intermediario,0.3321251127579325,72.95597484276729,5.0425
500025,MS,0,Consolidado,0.35937660374394315,78.94736842105263,5.27
500060,MS,3,Atencao,0.5439108346602144,52.307692307692314,4.9484615384615385
500070,MS,1,Critico,0.6644864709392795,41.61490683229814,4.895384615384616
500080,MS,0,Consolidado,0.3273367404497457,73.46938775510205,5.2675
500085,MS,0,Consolidado,0.1724992122960479,90.10989010989012,5.144
500090,MS,2,Intermediario,0.5351977830261316,55.769230769230774,5.12
500100,MS,3,Atencao,0.5388131468159398,52.20125786163522,5.058571428571428
500110,MS,3,Atencao,0.45509556244163557,63.670411985018724,4.709090909090909
500124,MS,0,Consolidado,0.3335938847700905,72.85714285714285,4.918571428571428
500150,MS,1,Critico,0.7151635213441901,41.07142857142857,5.142499999999999
500190,MS,3,Atencao,0.6328668694610605,50.39370078740157,5.112500000000001
500200,MS,2,Intermediario,0.5182395764045753,57.831325301204814,5.13
500210,MS,1,Critico,0.6280420928678723,51.388888888888886,4.921
500215,MS,1,Critico,0.6247205271391347,46.0,5.033333333333333
500220,MS,2,Intermediario,0.5276141241847501,52.5974025974026,5.089999999999999
500230,MS,2,Intermediario,0.5113901075565818,58.97435897435898,5.11
500240,MS,2,Intermediario,0.5071380901961583,58.82352941176471,5.037
500260,MS,1,Critico,0.6401124706638772,44.827586206896555,5.01875
500270,MS,1,Critico,0.6180327195074646,46.40741694566057,5.270176470588234
500280,MS,3,Atencao,0.5597258758077154,63.63636363636363,5.016666666666667
500290,MS,1,Critico,0.6437738486157053,40.54054054054054,5.3
500295,MS,2,Intermediario,0.548087014721246,48.10810810810811,5.255714285714285
500310,MS,3,Atencao,0.5964965294831706,56.00000000000001,5.159999999999999
500315,MS,2,Intermediario,0.3708553746498013,70.19867549668875,4.91
500320,MS,1,Critico,0.6795956224165399,41.84100418410041,4.880606060606061
500325,MS,3,Atencao,0.606506670414662,43.02325581395349,5.159999999999999
500330,MS,1,Critico,0.6916564250080143,38.333333333333336,5.160000000000001
500345,MS,0,Consolidado,0.2519845473368181,83.75,5.17375
500348,MS,1,Critico,0.7011933259978073,40.0,4.712857142857143
500350,MS,1,Critico,0.6024661930892656,56.00000000000001,4.78
500370,MS,2,Intermediario,0.6128451523020657,49.152542372881356,5.1322222222222225
500375,MS,3,Atencao,0.4838141540034337,62.295081967213115,4.938
500380,MS,2,Intermediario,0.47916752965492765,57.14285714285714,5.088571428571428
500390,MS,2,Intermediario,0.406092712455982,77.27272727272727,5.039999999999999
500400,MS,2,Intermediario,0.3574386950185253,75.43859649122807,5.324
500410,MS,2,Intermediario,0.5226984176766771,60.526315789473685,5.04
500430,MS,3,Atencao,0.574256369492709,50.0,5.002000000000001
500440,MS,3,Atencao,0.643005514655943,53.84615384615385,5.0225
500450,MS,2,Intermediario,0.48748663412740606,65.0,5.15125
500460,MS,0,Consolidado,0.30515369161557815,78.04878048780488,5.14
500470,MS,2,Intermediario,0.42672439933232703,64.70588235294117,5.05
500480,MS,1,Critico,0.7128178258369369,30.612244897959183,4.425
500490,MS,1,Critico,0.6724473041427508,39.473684210526315,4.933333333333334
500500,MS,1,Critico,0.6264225516482468,45.16129032258064,5.0489999999999995
500510,MS,3,Atencao,0.5347838007544508,64.28571428571429,5.29
500515,MS,1,Critico,0.7130072349044141,39.0625,5.075
500520,MS,1,Critico,0.7641135187439096,31.932773109243694,4.867777777777777
500525,MS,0,Consolidado,0.26500716435988675,88.40579710144928,4.487500000000001
500540,MS,1,Critico,0.6447041284347453,44.31372549019608,5.212727272727272
500560,MS,1,Critico,0.7385217868028118,26.41509433962264,4.737857142857143
500568,MS,2,Intermediario,0.3915300975091211,66.66666666666666,5.096
500570,MS,2,Intermediario,0.47947352633921525,60.73619631901841,5.129999999999999
500580,MS,2,Intermediario,0.5126929084206752,56.043956043956044,4.8100000000000005
500600,MS,3,Atencao,0.6114567878551838,42.0,5.111428571428571
500620,MS,3,Atencao,0.4846217361632785,61.29032258064516,5.184
500625,MS,2,Intermediario,0.5049600163192576,51.28205128205128,5.23
500627,MS,0,Consolidado,0.289396590379524,67.21311475409836,5.155
500630,MS,1,Critico,0.6508171962548355,42.780748663101605,5.141666666666667
500635,MS,3,Atencao,0.5370107948828843,54.6875,4.956666666666667
500640,MS,1,Critico,0.6286647163146724,38.0,5.075
500660,MS,3,Atencao,0.48970271787337577,61.187845303867405,5.079629629629631
500690,MS,3,Atencao,0.575831254475673,54.65116279069767,4.656666666666666
500710,MS,1,Critico,0.6817937871217048,35.80246913580247,5.0616666666666665
500720,MS,3,Atencao,0.608622186330659,45.77114427860697,5.047999999999999
500730,MS,3,Atencao,0.5466848547779971,44.827586206896555,5.085
500740,MS,2,Intermediario,0.6058947460997914,51.07913669064749,5.01
500750,MS,1,Critico,0.6400322235383498,32.432432432432435,5.1
500755,MS,3,Atencao,0.5777848892354606,48.07692307692308,5.033333333333333
500769,MS,2,Intermediario,0.4931366546649002,54.83870967741935,5.22
500770,MS,3,Atencao,0.5503147209432607,56.451612903225815,5.1275
500780,MS,1,Critico,0.6720032970246045,30.303030303030305,5.1475
500790,MS,1,Critico,0.704021872782164,36.330935251798564,5.0058823529411764
500793,MS,3,Atencao,0.43493666442990353,67.03296703296702,5.085999999999999
500795,MS,3,Atencao,0.5444963033465162,48.38709677419355,4.6775
500800,MS,3,Atencao,0.5316781313711934,53.77358490566038,5.104444444444444
500830,MS,0,Consolidado,0.31557847781036474,74.52135493372607,5.206774193548386
500840,MS,3,Atencao,0.49541660870160487,51.42857142857142,5.012
510020,MT,2,Intermediario,0.38944088603918703,68.21192052980133,5.226000000000001
510025,MT,2,Intermediario,0.4731532628157225,61.71003717472119,5.010500000000001
510030,MT,2,Intermediario,0.32774215705256793,76.05633802816901,5.208571428571428
510035,MT,2,Intermediario,0.4060797141674144,70.96774193548387,5.01
510040,MT,2,Intermediario,0.5928387240575402,49.275362318840585,5.2125
510050,MT,2,Intermediario,0.44643095248050446,54.054054054054056,4.691428571428571
510060,MT,2,Intermediario,0.35215736926341407,72.72727272727273,5.156666666666667
510080,MT,2,Intermediario,0.41266292585857245,70.9090909090909,4.887499999999999
510100,MT,0,Consolidado,0.10982280092608718,100.0,5.105
510125,MT,2,Intermediario,0.5195904290079194,64.47368421052632,5.095
510130,MT,2,Intermediario,0.49311505934463035,70.37037037037037,5.086
510140,MT,2,Intermediario,0.4666247779465881,54.54545454545454,4.836
510160,MT,3,Atencao,0.46684066766852184,50.0,4.67
510170,MT,3,Atencao,0.44616073236217607,58.235294117647065,4.880909090909091
510180,MT,2,Intermediario,0.45795384148653634,64.45182724252491,5.199090909090908
510185,MT,2,Intermediario,0.490444743261656,43.58974358974359,5.286666666666666
510190,MT,2,Intermediario,0.5056433725063875,56.30252100840336,4.968571428571428
510250,MT,3,Atencao,0.5843241400169452,49.2063492063492,4.839999999999997
510260,MT,1,Critico,0.6823518698661661,48.275862068965516,4.0600000000000005
510263,MT,2,Intermediario,0.4718245318584196,67.94871794871796,5.141538461538462
510267,MT,2,Intermediario,0.5175134869832784,60.816326530612244,5.16
510268,MT,2,Intermediario,0.5137198707789511,63.29113924050633,5.216666666666667
510269,MT,3,Atencao,0.5474730498290664,42.42424242424242,4.876666666666667
510270,MT,1,Critico,0.6851178684039161,37.6,4.815
510279,MT,0,Consolidado,0.3521952291364092,68.96551724137932,4.9025
510285,MT,2,Intermediario,0.4555478666544846,52.38095238095239,4.835
510300,MT,3,Atencao,0.5337511932962813,59.57446808510638,4.91
510305,MT,3,Atencao,0.4917274210775558,52.72727272727272,5.007499999999999
510310,MT,2,Intermediario,0.4431277484997608,59.25925925925925,4.93
510320,MT,2,Intermediario,0.5193311936505378,60.91954022988506,5.175999999999999
510325,MT,3,Atencao,0.5344214015664901,49.404761904761905,4.6433333333333335
510330,MT,2,Intermediario,0.558217293858527,59.63302752293578,4.922499999999999
510335,MT,1,Critico,0.631506027957426,45.81497797356828,4.98875
510336,MT,2,Intermediario,0.4850771376642092,64.28571428571429,4.98
510337,MT,2,Intermediario,0.48821007325478355,66.66666666666666,4.8533333333333335
510340,MT,2,Intermediario,0.5763650414411187,51.04602510460251,5.085486725663716
510343,MT,2,Intermediario,0.42786747051998725,72.0,4.9350000000000005
510345,MT,0,Consolidado,0.35811795301537286,75.0,4.973333333333334
510350,MT,2,Intermediario,0.5498142259351064,55.64516129032258,5.0525
510360,MT,0,Consolidado,0.24793478955092071,78.78787878787878,4.8225
510370,MT,2,Intermediario,0.4927984285540538,70.0,4.935
510385,MT,2,Intermediario,0.5599021448125923,55.55555555555556,5.083333333333333
510390,MT,2,Intermediario,0.43827295531841415,59.09090909090909,5.076666666666666
510410,MT,2,Intermediario,0.48713007076063963,55.72139303482587,4.996666666666666
510420,MT,0,Consolidado,0.18554465503181158,78.0,5.103333333333333
510452,MT,2,Intermediario,0.4832638870386979,61.904761904761905,5.234999999999999
510454,MT,0,Consolidado,0.22721237873346248,80.35714285714286,5.216666666666667
510455,MT,2,Intermediario,0.4633598742457697,67.56756756756756,5.19
510460,MT,2,Intermediario,0.5719075676900034,57.28155339805825,5.121666666666667
510480,MT,2,Intermediario,0.540023858977815,55.00000000000001,5.0488888888888885
510490,MT,2,Intermediario,0.5096208733536967,59.57446808510638,4.413333333333334
510500,MT,2,Intermediario,0.4643068533271291,52.0,5.05
510510,MT,2,Intermediario,0.53835164678401,50.0,5.009
510515,MT,1,Critico,0.5925480626283588,47.5,4.965714285714285
510517,MT,2,Intermediario,0.40117404651504357,67.74193548387096,4.916666666666667
510520,MT,2,Intermediario,0.502512442776906,57.57575757575758,5.073999999999999
510523,MT,3,Atencao,0.5789671050344061,40.909090909090914,4.823333333333333
510525,MT,2,Intermediario,0.389652033714484,66.46341463414635,5.137894736842106
510550,MT,2,Intermediario,0.599971195369384,52.17391304347826,4.812857142857143
510558,MT,2,Intermediario,0.44213265013196396,64.91228070175438,4.93
510560,MT,2,Intermediario,0.48070455539215445,58.333333333333336,5.045
510562,MT,3,Atencao,0.5691892284423575,61.06194690265486,4.9255555555555555
510590,MT,2,Intermediario,0.4758307076100618,51.515151515151516,4.98875
510600,MT,2,Intermediario,0.5204419906030333,70.37037037037037,4.986666666666667
510610,MT,0,Consolidado,0.3315451956565667,76.36363636363637,4.651111111111112
510615,MT,0,Consolidado,0.31476797776627236,66.29213483146067,4.965
510618,MT,3,Atencao,0.46089922536839734,69.04761904761905,4.823333333333333
510619,MT,0,Consolidado,0.2953563452134536,71.7948717948718,5.165
510620,MT,2,Intermediario,0.41291788549364483,73.07692307692307,5.01
510621,MT,3,Atencao,0.4434177326925843,56.25,4.968571428571428
510622,MT,2,Intermediario,0.37928842715899874,65.89595375722543,5.170909090909091
510623,MT,2,Intermediario,0.5347480588369116,65.0,4.971428571428571
510624,MT,2,Intermediario,0.4272509369778051,65.47619047619048,5.09
510625,MT,2,Intermediario,0.4671977556329249,64.0,5.09
510626,MT,2,Intermediario,0.49084019162669007,74.50980392156863,4.973333333333334
510628,MT,0,Consolidado,0.30321242682529553,82.05128205128204,5.106
510629,MT,2,Intermediario,0.3946124533711789,67.64705882352942,4.9471428571428575
510630,MT,2,Intermediario,0.5625977135053652,52.4822695035461,5.05
510637,MT,2,Intermediario,0.4754372311938683,66.99029126213593,5.095
510642,MT,1,Critico,0.6869510642735656,40.31413612565445,4.889166666666666
510645,MT,0,Consolidado,0.3417065491275273,65.0,4.9
510650,MT,1,Critico,0.7048389165199861,31.3953488372093,4.6833333333333345
510665,MT,2,Intermediario,0.4853012995009949,51.85185185185185,5.135
510675,MT,2,Intermediario,0.41601806504292005,65.01766784452296,5.051666666666666
510677,MT,1,Critico,0.6724287713411256,50.76923076923077,4.88875
510680,MT,2,Intermediario,0.35196056238711365,80.0,5.19
510682,MT,1,Critico,0.617512193297479,41.509433962264154,4.75
510700,MT,1,Critico,0.6269478462629775,37.96296296296296,4.967777777777778
510704,MT,2,Intermediario,0.5807007396560259,54.07239819004525,5.291111111111111
510706,MT,2,Intermediario,0.41343223098654125,67.70186335403726,5.203
510710,MT,0,Consolidado,0.2454215063650147,76.62337662337663,5.038571428571427
510718,MT,2,Intermediario,0.42527666587258356,67.3076923076923,5.04
510719,MT,2,Intermediario,0.570369858896703,45.0,5.385
510720,MT,2,Intermediario,0.4329142740308324,60.86956521739131,4.925
510724,MT,0,Consolidado,0.25428290444470003,83.87096774193549,5.045
510730,MT,2,Intermediario,0.39402761672789116,58.415841584158414,5.1000000000000005
510735,MT,1,Critico,0.6390815962690932,43.47826086956522,4.960000000000001
510740,MT,0,Consolidado,0.3189938636435587,78.57142857142857,5.0649999999999995
510757,MT,2,Intermediario,0.5715762467086458,65.0,4.89
510760,MT,2,Intermediario,0.5144606247788003,56.91533948030176,5.18230769230769
510770,MT,2,Intermediario,0.5336170724499741,44.0,4.807777777777778
510776,MT,2,Intermediario,0.45056226198596855,75.0,5.023333333333333
510777,MT,1,Critico,0.6637954930503391,31.25,4.784
510785,MT,1,Critico,0.7287475987070247,35.84905660377358,4.765000000000001
510787,MT,2,Intermediario,0.3250927147967236,80.0,5.0649999999999995
510790,MT,2,Intermediario,0.5442415049467405,55.610724925521346,5.149428571428572
510792,MT,0,Consolidado,0.26121790288516517,79.7037037037037,5.191428571428571
510794,MT,2,Intermediario,0.5066843617171505,55.84415584415584,4.96
510795,MT,2,Intermediario,0.5598785817337338,53.90946502057613,5.120384615384616
510800,MT,2,Intermediario,0.4540537766392326,58.139534883720934,5.0975
510805,MT,2,Intermediario,0.49331129154416736,64.70588235294117,5.14375
510830,MT,2,Intermediario,0.4282237895257248,50.0,4.885
510840,MT,2,Intermediario,0.5569810406165955,53.9047619047619,5.00108108108108
510850,MT,2,Intermediario,0.6382497262378202,55.072463768115945,5.125
510860,MT,3,Atencao,0.5797009204205651,49.166666666666664,4.975714285714286
510880,MT,2,Intermediario,0.4024764522798254,65.38461538461539,4.986666666666667
510890,MT,2,Intermediario,0.4595064241582845,58.536585365853654,5.053333333333334
510895,MT,0,Consolidado,0.20402959038788127,89.70588235294117,5.043333333333333
520005,GO,2,Intermediario,0.4668708061146364,57.615894039735096,4.988333333333333
520010,GO,2,Intermediario,0.29202126896844666,75.0,5.035714285714286
520013,GO,2,Intermediario,0.36403756430106554,68.0,5.01
520017,GO,2,Intermediario,0.38493132311601036,51.724137931034484,5.0675
520025,GO,2,Intermediario,0.5768350307058864,50.71174377224199,4.891754385964912
520030,GO,2,Intermediario,0.32409152574467615,77.20588235294117,5.0600000000000005
520055,GO,2,Intermediario,0.38251529130061246,71.42857142857143,5.154999999999999
520060,GO,0,Consolidado,0.31233073328076405,66.66666666666666,5.056
520080,GO,2,Intermediario,0.42719884099015354,77.41935483870968,4.948333333333333
520085,GO,0,Consolidado,0.3123871569313668,75.86206896551724,4.803333333333334
520110,GO,2,Intermediario,0.35658460113772117,72.98888162197514,5.232626262626261
520130,GO,0,Consolidado,0.10372123195702693,96.875,5.1362499999999995
520140,GO,2,Intermediario,0.4370101757068599,64.45600346770698,5.096495726495727
520145,GO,2,Intermediario,0.3824582062877077,75.0,5.045
520170,GO,2,Intermediario,0.4045010979717081,72.41379310344827,5.111111111111112
520180,GO,2,Intermediario,0.5089515201374168,65.71428571428571,4.935
520215,GO,2,Intermediario,0.5088495847628328,58.333333333333336,4.922
520250,GO,0,Consolidado,0.22541264562029575,92.10526315789474,5.0425
520320,GO,0,Consolidado,0.26139246492289925,73.52941176470588,5.170000000000001
520330,GO,2,Intermediario,0.46261025300345265,66.4179104477612,5.071538461538461
520340,GO,0,Consolidado,0.2974933858850866,80.64516129032258,5.0200000000000005
520350,GO,0,Consolidado,0.28695027335217277,76.99115044247787,5.165
520355,GO,2,Intermediario,0.346747593142177,83.33333333333334,4.978
520360,GO,2,Intermediario,0.3727597440980276,63.63636363636363,4.835
520380,GO,0,Consolidado,0.17205996919468808,90.9090909090909,5.12
520390,GO,2,Intermediario,0.42596906890375846,69.04761904761905,5.385
520400,GO,0,Consolidado,0.2372716761472458,84.21052631578947,5.033333333333333
520410,GO,2,Intermediario,0.3209322675587797,70.37037037037037,5.1825
520425,GO,0,Consolidado,0.3136572969570542,79.48717948717949,5.19
520430,GO,0,Consolidado,0.23410891940898218,82.6086956521739,5.18
520440,GO,2,Intermediario,0.2620169412588981,75.80645161290323,5.23625
520450,GO,2,Intermediario,0.4823072101915987,61.71548117154811,5.108399999999999
520455,GO,0,Consolidado,0.3809685498258393,66.66666666666666,4.93
520470,GO,0,Consolidado,0.30459878748939645,82.08955223880598,5.074285714285715
520480,GO,2,Intermediario,0.29782627182330657,70.27027027027027,5.025
520485,GO,0,Consolidado,0.19736560657519767,80.85106382978722,5.04
520490,GO,2,Intermediario,0.37084931495171036,68.62745098039215,4.786666666666667
520500,GO,0,Consolidado,0.22626242823045092,95.83333333333334,5.042
520510,GO,2,Intermediario,0.37905984162204,72.77628032345014,5.287741935483871
520520,GO,2,Intermediario,0.3032512587168782,70.0,5.0600000000000005
520530,GO,3,Atencao,0.35309967593464364,68.29268292682927,4.458333333333333
520540,GO,0,Consolidado,0.14156678756561375,94.28571428571428,5.2
520545,GO,2,Intermediario,0.5100577459229307,44.44444444444444,5.125
520547,GO,0,Consolidado,0.21577853697891508,87.65432098765432,5.18
520549,GO,2,Intermediario,0.5169451131346762,57.08502024291497,5.042941176470587
520551,GO,0,Consolidado,0.22839122736575812,87.03703703703704,4.9783333333333335
520552,GO,3,Atencao,0.48144632279851757,55.00000000000001,4.890000000000001
520580,GO,0,Consolidado,0.2997078857264987,85.0,5.038
520590,GO,2,Intermediario,0.305782799514955,75.0,5.265
520620,GO,2,Intermediario,0.4017188793711055,65.44502617801047,5.068695652173914
520640,GO,2,Intermediario,0.3716182704548417,70.37037037037037,5.11
520670,GO,0,Consolidado,0.3121437118139456,85.71428571428571,4.88
520725,GO,0,Consolidado,0.26570411198984645,86.20689655172413,5.223333333333333
520735,GO,0,Consolidado,0.21297010131261485,79.16666666666666,5.03
520740,GO,0,Consolidado,0.29698958302369255,74.19354838709677,5.2925
520753,GO,2,Intermediario,0.3493672267135209,64.28571428571429,4.902
520780,GO,2,Intermediario,0.34050840986883474,75.0,5.13
520790,GO,3,Atencao,0.4213244319911048,70.0,4.64625
520800,GO,2,Intermediario,0.44957327908004413,64.30062630480167,4.996153846153847
520830,GO,0,Consolidado,0.27193054580052584,95.65217391304348,4.465
520840,GO,2,Intermediario,0.38268567302651885,79.03225806451613,5.090000000000001
520860,GO,0,Consolidado,0.25395159595285643,81.35135135135135,5.136666666666667
520870,GO,2,Intermediario,0.40566421562880034,67.60363429869393,5.162078431372549
520880,GO,2,Intermediario,0.3257009129808276,73.09523809523809,5.053333333333333
520890,GO,0,Consolidado,0.2995714289895089,83.60655737704919,5.083333333333333
520910,GO,2,Intermediario,0.3594608713415483,66.43835616438356,5.313076923076922
520915,GO,2,Intermediario,0.4885301501517762,60.71428571428571,5.086666666666667
520920,GO,2,Intermediario,0.4095131679991601,63.095238095238095,4.987
520970,GO,2,Intermediario,0.4122362965813324,66.4179104477612,5.097777777777778
520990,GO,2,Intermediario,0.45193446939352466,58.333333333333336,4.695
520993,GO,0,Consolidado,0.26547114490080154,80.0,5.029999999999999
520995,GO,0,Consolidado,0.3371420335869701,77.5,5.133333333333333
521000,GO,0,Consolidado,0.20298813359095622,82.63157894736842,5.124444444444444
521010,GO,2,Intermediario,0.38159905240681274,76.0,5.082307692307693
521020,GO,0,Consolidado,0.26997103333710554,83.33333333333334,5.259230769230769
521040,GO,0,Consolidado,0.26189253230366294,76.69902912621359,4.99
521056,GO,0,Consolidado,0.24699856797601513,84.0,5.096666666666667
521090,GO,0,Consolidado,0.24538588473200096,85.71428571428571,4.9925
521100,GO,3,Atencao,0.5675333502634642,45.45454545454545,4.93
521120,GO,0,Consolidado,0.22426321802028992,87.62886597938144,5.194000000000001
521130,GO,2,Intermediario,0.2731217155626183,76.0,5.1433333333333335
521140,GO,0,Consolidado,0.1050776601753157,97.14285714285714,5.19
521150,GO,2,Intermediario,0.3696147292555986,70.63829787234043,5.211199999999999
521170,GO,0,Consolidado,0.2760983805680674,81.81818181818183,5.116666666666666
521180,GO,0,Consolidado,0.22083003776932106,85.02415458937197,4.929411764705882
521190,GO,2,Intermediario,0.41586109730456744,64.57883369330453,5.288437500000001
521210,GO,2,Intermediario,0.447670368416599,77.77777777777779,5.436000000000001
521220,GO,2,Intermediario,0.3771409451069534,69.44444444444444,5.085454545454546
521230,GO,2,Intermediario,0.3213117076002671,81.81818181818183,4.968
521250,GO,2,Intermediario,0.42957688766438584,64.62418300653596,5.034857142857142
521270,GO,3,Atencao,0.47556194638713695,62.745098039215684,4.97
521280,GO,0,Consolidado,0.2800129947912552,77.27272727272727,4.951428571428572
521300,GO,0,Consolidado,0.2634917687403233,79.62962962962963,4.93
521308,GO,0,Consolidado,0.2872021299384594,76.0,5.049166666666666
521310,GO,0,Consolidado,0.23589368062566188,85.44474393530997,5.126470588235295
521350,GO,0,Consolidado,0.30430405296909946,82.85714285714286,4.388333333333333
521370,GO,2,Intermediario,0.3692440052024513,73.80952380952381,5.24
521375,GO,2,Intermediario,0.359241748043499,72.22222222222221,5.175000000000001
521380,GO,2,Intermediario,0.449085908937941,63.2768361581921,5.237647058823529
521390,GO,0,Consolidado,0.1384556098530707,90.0,5.19
521400,GO,2,Intermediario,0.4994966377941453,53.16455696202531,5.0875
521405,GO,0,Consolidado,0.12523779689647166,100.0,4.9625
521410,GO,0,Consolidado,0.09487045476687431,90.0,4.9
521440,GO,0,Consolidado,0.254773747401807,80.48780487804879,5.15
521450,GO,2,Intermediario,0.3898619152522195,72.84768211920529,5.132222222222223
521460,GO,2,Intermediario,0.3036695209548863,73.52941176470588,5.052142857142856
521483,GO,2,Intermediario,0.39472662983349677,68.96551724137932,5.001666666666667
521486,GO,0,Consolidado,0.20950343497487767,86.66666666666667,5.006666666666667
521487,GO,0,Consolidado,0.12204656797059805,100.0,5.0649999999999995
521500,GO,0,Consolidado,0.2597199735827364,89.47368421052632,5.026666666666667
521520,GO,3,Atencao,0.3499845680838469,52.38095238095239,4.984999999999999
521523,GO,2,Intermediario,0.5480131664211669,56.91244239631337,4.884375000000001
521525,GO,0,Consolidado,0.16723770882191266,78.26086956521739,4.705
521530,GO,0,Consolidado,0.26618986803259165,84.78260869565217,5.06625
521540,GO,0,Consolidado,0.10485011731004658,92.3076923076923,5.225
521550,GO,2,Intermediario,0.3219230433687607,79.41176470588235,5.375
521560,GO,2,Intermediario,0.45716511446616875,56.62650602409639,4.897142857142858
521570,GO,2,Intermediario,0.33146556405046396,73.24840764331209,5.044444444444444
521630,GO,0,Consolidado,0.13642717274343416,95.65217391304348,5.306666666666667
521640,GO,2,Intermediario,0.4353292885308971,54.0,5.1866666666666665
521680,GO,2,Intermediario,0.36614775912726566,77.27272727272727,4.97
521710,GO,2,Intermediario,0.3909725295902212,71.27659574468085,5.196666666666667
521720,GO,0,Consolidado,0.3491779184390234,75.0,5.064
521730,GO,2,Intermediario,0.38321701044940987,66.38655462184873,5.059166666666667
521740,GO,2,Intermediario,0.3419137501846824,79.59183673469387,5.130833333333334
521760,GO,2,Intermediario,0.37945348182586197,69.60950764006792,4.909999999999998
521770,GO,2,Intermediario,0.2698736677780299,80.0,5.249999999999999
521800,GO,2,Intermediario,0.5835726375143125,48.63013698630137,4.934666666666666
521805,GO,0,Consolidado,0.2524798177069816,80.55555555555556,5.05
521830,GO,0,Consolidado,0.2885732608607183,79.01234567901234,4.863529411764705
521850,GO,2,Intermediario,0.3355632149432166,75.0,5.222857142857143
521860,GO,0,Consolidado,0.22479029382606952,79.62962962962963,5.06
521878,GO,0,Consolidado,0.1983632530450506,90.0,5.1899999999999995
521880,GO,0,Consolidado,0.17957363258008788,87.27810650887574,5.244500000000001
521890,GO,0,Consolidado,0.2555576191969071,82.1917808219178,5.178
521900,GO,2,Intermediario,0.19160973660774883,86.11111111111111,5.3425
521910,GO,0,Consolidado,0.14761293541206488,94.28571428571428,5.06
521925,GO,0,Consolidado,0.2251791385165946,87.5,4.913333333333334
521940,GO,0,Consolidado,0.26862417453870135,92.3076923076923,5.257499999999999
521950,GO,0,Consolidado,0.13649144303198885,81.81818181818183,5.109999999999999
521970,GO,0,Consolidado,0.1675217644625653,90.0,4.886666666666667
521971,GO,0,Consolidado,0.1526587361197861,88.46153846153845,5.0649999999999995
521973,GO,0,Consolidado,0.1930950085333727,86.20689655172413,5.165
521975,GO,1,Critico,0.5991154284225593,48.0,4.932380952380953
521980,GO,2,Intermediario,0.5399311992512362,51.42857142857142,4.7925
521990,GO,2,Intermediario,0.4245546830240845,62.857142857142854,5.025
522000,GO,0,Consolidado,0.1953457454554289,83.09859154929578,4.95
522010,GO,2,Intermediario,0.3683665587379621,75.42372881355932,5.255833333333333
522015,GO,0,Consolidado,0.2815594597844578,75.0,4.865
522020,GO,0,Consolidado,0.16169251357673903,88.18181818181819,4.9158333333333335
522040,GO,2,Intermediario,0.3090428518898863,79.0,5.151666666666666
522045,GO,2,Intermediario,0.5429279789307807,56.440903054448874,5.021212121212121
522050,GO,2,Intermediario,0.4715852893767622,61.111111111111114,5.15
522060,GO,0,Consolidado,0.17115995629537986,88.75,5.161249999999999
522068,GO,0,Consolidado,0.2817847291317176,92.3076923076923,4.8075
522100,GO,2,Intermediario,0.3530735738478886,80.0,5.04
522108,GO,3,Atencao,0.4809005148349206,67.85714285714286,4.3566666666666665
522119,GO,2,Intermediario,0.4564767428354174,55.00000000000001,5.005
522140,GO,2,Intermediario,0.36371644732145286,71.66172106824926,5.083846153846154
522150,GO,0,Consolidado,0.286098443281132,85.71428571428571,5.16
522155,GO,0,Consolidado,0.2972062518818857,79.16666666666666,5.055
522160,GO,2,Intermediario,0.3416068440012635,78.18181818181819,5.137368421052632
522170,GO,0,Consolidado,0.16411299421857437,85.18518518518519,5.06375
522185,GO,2,Intermediario,0.49070744750008505,61.75115207373272,5.096999999999999
522200,GO,0,Consolidado,0.1642013225025414,91.42857142857143,4.998888888888889
522205,GO,0,Consolidado,0.2597740696707484,80.55555555555556,5.136666666666667
522220,GO,0,Consolidado,0.2546960811965309,81.48148148148148,4.656666666666667
522230,GO,0,Consolidado,0.3142512267766158,72.0,4.935
